symbol,FullName,Exchange,ISIN,Currency,Country
01IE.L,ROYAL BANK OF SCOTLAND GROUP PLC,LSE,GB0007592941,GBP,United Kingdom
01KG.L,SCOTTISH AMERICAN INVESTMENT CO,LSE,GB0007785453,GBP,United Kingdom
01LS.L,FINANSBANK,LSE,US31770N3008,GBP,United Kingdom
01NX.L,ALPHA BANK AE,LSE,US02071M6066,GBP,United Kingdom
03GW.L,FOREIGN & COL INVESTM TRUST,LSE,GB0003467049,GBP,United Kingdom
04HK.L,LONDON & ST LAWRENCE INVESTMENT,LSE,GB0005310270,GBP,United Kingdom
04IE.L,ROYAL BANK OF SCOTLAND GROUP PLC,LSE,GB0007595738,GBP,United Kingdom
05GM.L,CALGARY & EDMONTON RAILWAY CO,LSE,CA129587AA99,GBP,United Kingdom
05IS.L,MANDO MACHINERY CORP,LSE,US5626651096,GBP,United Kingdom
06GM.L,CAMBRIDGE WATER,LSE,GB0001663888,GBP,United Kingdom
06HB.L,HEMINGWAY DEBENTURE,LSE,GB0004198445,GBP,United Kingdom
09GE.L,BLD PROPERTY HLDGS,LSE,GB0000526474,GBP,United Kingdom
09HK.L,PEEL SOUTH EAST LTD,LSE,GB0005318901,GBP,United Kingdom
09IG.L,SHAFTESBURY PLC,LSE,GB0007991150,GBP,United Kingdom
10NC.L,PHOSAGRO OJSC,LSE,US71922G1004,GBP,United Kingdom
11IE.L,HSBC BANK PLC,LSE,GB00B6Y1YW03,GBP,United Kingdom
14VM.L,IG SEISMIC SERVICES PLC,LSE,US4495971032,GBP,United Kingdom
17GK.L,MEGAFON(PJSC),LSE,US58517T1007,GBP,United Kingdom
19PS.L,KCELL JSC,LSE,US48668G1067,GBP,United Kingdom
30HT.L,NATIONAL WESTMINSTER BANK,LSE,GB0006227382,GBP,United Kingdom
31PH.L,GLOBAL TELECOM HLDG SAE,LSE,US37953P1030,GBP,United Kingdom
32ID.L,RENOLD,LSE,GB0007325417,GBP,United Kingdom
32NJ.L,GREAT PORTLAND ESTATES PLC,LSE,GB0004841101,GBP,United Kingdom
33IE.L,PEEL LAND & PROPERTY INV PLC,LSE,GB0006783558,GBP,United Kingdom
33KE.L,KAZKOMMERTSBANK JSC,LSE,US48666E5096,GBP,United Kingdom
34HA.L,HALOS,LSE,GB0004047980,GBP,United Kingdom
34NF.L,PJSC ACRON,LSE,US00501T1007,GBP,United Kingdom
35GZ.L,HACO,LSE,GB00B1BPH986,GBP,United Kingdom
365.L,365 AGILE GROUP PLC,LSE AIM,GB00BYY8NN14,GBP,United Kingdom
36GK.L,VTB BANK(PJSC),LSE,US46630Q1031,GBP,United Kingdom
37HR.L,MUCKLOW(A.& J.)GROUP,LSE,GB0006091622,GBP,United Kingdom
37OC.L,OIL & GAS DEVELOPMENT CO,LSE,US67778Q1013,GBP,United Kingdom
37QB.L,HALYK SAVINGS BANK OF KAZAKHSTN JSC,LSE,US46627J2033,GBP,United Kingdom
38KH.L,GLOBALTRANS INVESTMENT PLC,LSE,US37949E1055,GBP,United Kingdom
38LF.L,SBERBANK OF RUSSIA,LSE,US80585Y4070,GBP,United Kingdom
39IB.L,LG ELECTRONICS INC,LSE,US50186Q2021,GBP,United Kingdom
39IS.L,TURKIYE GARANTI BANKASI,LSE,US9001486029,GBP,United Kingdom
3IN.L,3I INFRASTRUCTURE PLC,LSE,JE00BYR8GK67,GBP,United Kingdom
40HK.L,BAA LYNTON LTD,LSE,GB0005397640,GBP,United Kingdom
40XT.L,ROSNEFT OIL CO,LSE,US67812M1080,GBP,United Kingdom
41JB.L,COMMERCIAL INTL BANK(EGYPT)S.A.E,LSE,US2017121060,GBP,United Kingdom
42CL.L,MAGNITOGORSK IRON & STEEL WORKS,LSE,US5591891057,GBP,United Kingdom
42GD.L,VIMETCO NV,LSE,US92718P1049,GBP,United Kingdom
42IF.L,SCOTTISH INVESTMENT TRUST,LSE,GB0007826323,GBP,United Kingdom
42IH.L,SOUTH STAFFORDSHIRE WATER,LSE,GB0008267675,GBP,United Kingdom
42KM.L,HSBC BANK PLC,LSE,GB00B73ML866,GBP,United Kingdom
42KU.L,GRUPO CLARIN SA,LSE,US40052A1007,GBP,United Kingdom
42MA.L,HSBC BANK PLC,LSE,GB00B7D4CP64,GBP,United Kingdom
43IH.L,SOUTH STAFFORDSHIRE WATER,LSE,GB0008267899,GBP,United Kingdom
43KV.L,BANK AUDI S.A.L.,LSE,US0605721044,GBP,United Kingdom
44GL.L,BRUNNER INVESTMENT TRUST,LSE,GB0001490449,GBP,United Kingdom
44IF.L,SCOTTISH INVESTMENT TRUST,LSE,GB0007826547,GBP,United Kingdom
44IH.L,SOUTH STAFFORDSHIRE WATER,LSE,GB0008268640,GBP,United Kingdom
44IO.L,HENDERSON SMALLER COS INV TST,LSE,GB0009065284,GBP,United Kingdom
44JV.L,DUNEDIN INCOME GROWTH INVEST TRUST,LSE,GB0002849015,GBP,United Kingdom
45HR.L,MURRAY INTERNATIONAL TRUST,LSE,GB0006112428,GBP,United Kingdom
45IF.L,SCOTTISH INVESTMENT TRUST,LSE,GB0007826653,GBP,United Kingdom
46HA.L,INVESTEC INVESTMENT TRUST(GB),LSE,GB0004057468,GBP,United Kingdom
46IE.L,S & U,LSE,GB0007655250,GBP,United Kingdom
47HA.L,INVESTEC INVESTMENT TRUST(GB),LSE,GB0004058433,GBP,United Kingdom
47IE.L,S & U,LSE,GB0007655474,GBP,United Kingdom
47KT.L,PAINTS & CHEMICAL INDUSTRIES,LSE,US69578R1077,GBP,United Kingdom
47MC.L,BARCLAYS BANK PLC,LSE,GB00B23DM470,GBP,United Kingdom
48HO.L,MID KENT WATER,LSE,GB0005879894,GBP,United Kingdom
49BI.L,EUROPEAN ASSETS TRUST NV,LSE,NL0000288017,GBP,United Kingdom
49GP.L,CRODA INTERNATIONAL PLC,LSE,GB0002342854,GBP,United Kingdom
49HO.L,SOUTH EAST WATER,LSE,GB0005882278,GBP,United Kingdom
50AW.L,SEVERSTAL PJSC,LSE,US8181501045,GBP,United Kingdom
50BF.L,TOWN CENTRE SECURITIES,LSE,GB00B1HHKK03,GBP,United Kingdom
50GP.L,CRODA INTERNATIONAL PLC,LSE,GB0002343159,GBP,United Kingdom
50GU.L,FIRST DEBENTURE FINANCE,LSE,GB0003384228,GBP,United Kingdom
50HO.L,SOUTH EAST WATER,LSE,GB0005882492,GBP,United Kingdom
50IF.L,SCOTTISH MORTGAGE INVESTMENT TST,LSE,GB0007837650,GBP,United Kingdom
50XD.L,MAGNIT PJSC,LSE,US55953Q1031,GBP,United Kingdom
51GL.L,C.G.I.S. GROUP,LSE,GB0001547701,GBP,United Kingdom
51HO.L,SOUTH EAST WATER,LSE,GB0005884654,GBP,United Kingdom
51IF.L,SCOTTISH MORTGAGE INVESTMENT TST,LSE,GB0007837767,GBP,United Kingdom
52HO.L,SOUTH EAST WATER,LSE,GB0005886147,GBP,United Kingdom
52HX.L,GUINNESS PARTNERSHIP(THE)LD,LSE,GB0006467723,GBP,United Kingdom
53GI.L,AFI DEVELOPMENT PLC,LSE,US00106J1016,GBP,United Kingdom
53GW.L,FULLER SMITH & TURNER,LSE,GB0003551420,GBP,United Kingdom
53HO.L,SOUTH EAST WATER,LSE,GB0005887889,GBP,United Kingdom
53IM.L,TEMPLE BAR INVESTMENT TRUST,LSE,GB0008826405,GBP,United Kingdom
54GW.L,FULLER SMITH & TURNER,LSE,GB0003551537,GBP,United Kingdom
54UD.L,LSR GROUP PJSC,LSE,US50218G1076,GBP,United Kingdom
55BC.L,COMMERCIAL BANK,LSE,US2026091031,GBP,United Kingdom
55IP.L,SOUTH EAST WATER,LSE,GB0009518852,GBP,United Kingdom
55KJ.L,NATIONAL EXHIBITION CENTRE(DEVELOP),LSE,GB0006285984,GBP,United Kingdom
56HO.L,SOUTH EAST WATER,LSE,GB0005895437,GBP,United Kingdom
56UB.L,KUMHO TIRE CO INC,LSE,US50125M1062,GBP,United Kingdom
59KD.L,EDINBURGH INVESTMENT TRUST,LSE,GB0000401033,GBP,United Kingdom
59PQ.L,ROYAL BANK OF SCOTLAND GROUP PLC,LSE,XS0121856859,GBP,United Kingdom
60HG.L,L.G.S.INVESTMENTS,LSE,GB0004996970,GBP,United Kingdom
61HE.L,MAIL.RU GROUP LTD,LSE,US5603171092,GBP,United Kingdom
61IO.L,JPMORGAN GLOBAL GWTH & INC PLC,LSE,GB0009143495,GBP,United Kingdom
62IE.L,ST LAWRENCE & OTTAWA RAILWAY CO,LSE,GB0007691073,GBP,United Kingdom
62JT.L,WITAN INVESTMENT TRUST,LSE,GB0009743765,GBP,United Kingdom
62QE.L,GROSVENOR UK FINANCE,LSE,GB0030308554,GBP,United Kingdom
63PE.L,EASTPHARMA LTD,LSE,US27778Q1058,GBP,United Kingdom
64HB.L,HOUSING FINANCE CORP,LSE,GB0004398193,GBP,United Kingdom
64JS.L,PEEL SOUTH EAST LTD,LSE,GB0005320196,GBP,United Kingdom
65HB.L,HOUSING FINANCE CORP,LSE,GB0004398318,GBP,United Kingdom
66HB.L,HOUSING FINANCE CORP,LSE,GB0004398425,GBP,United Kingdom
66XD.L,EDITA FOOD INDUSTRIES SAE,LSE,US28106T1007,GBP,United Kingdom
67GX.L,NORTHGATE PLC,LSE,GB0003775664,GBP,United Kingdom
67HG.L,L.A.B.INVESTMENTS,LSE,GB0005015580,GBP,United Kingdom
67HN.L,MERIVALE MOORE,LSE,GB0005786594,GBP,United Kingdom
67NW.L,EZZ STEEL,LSE,US26934Q1085,GBP,United Kingdom
68HB.L,HOUSING FINANCE CORP,LSE,GB0004410071,GBP,United Kingdom
68HN.L,MENZIES(JOHN),LSE,GB0005790273,GBP,United Kingdom
69IR.L,BANQUE MAROCAINE DU COMM EXTERIEUR,LSE,US06674P1066,GBP,United Kingdom
69SI.L,PAO TMK,LSE,US87260R1023,GBP,United Kingdom
69ZM.L,INTU DEBENTURE PLC,LSE,GB00B1DBF788,GBP,United Kingdom
70GD.L,ANTOFAGASTA,LSE,GB0000455849,GBP,United Kingdom
70GU.L,FINTRUST DEBENTURE,LSE,GB0031578841,GBP,United Kingdom
70HF.L,KEYSTONE INVESTMENT TRUST,LSE,GB0004912282,GBP,United Kingdom
70SK.L,PHARMSTANDARD PJSC,LSE,US7171401075,GBP,United Kingdom
70ZF.L,PIK GROUP PJSC,LSE,US69338N1072,GBP,United Kingdom
71BT.L,DEPA LTD,LSE,US2495081026,GBP,United Kingdom
71FG.L,NOVOROSSIYSK COMMERCIAL SEA PORT,LSE,US67011U1097,GBP,United Kingdom
71HN.L,MERCANTILE INVESTMENT TST PLC(THE),LSE,GB0005795009,GBP,United Kingdom
71HT.L,MHP SA,LSE,US55302T1051,GBP,United Kingdom
72GU.L,FISHGUARD & ROSSLARE RLYS & HBRS CO,LSE,GB0003401261,GBP,United Kingdom
72HN.L,MERCHANTS TRUST,LSE,GB0005800296,GBP,United Kingdom
73CL.L,FRUTAROM INDUSTRIES,LSE,US35950R1068,GBP,United Kingdom
73HF.L,KEYSTONE INVESTMENT TRUST,LSE,GB0004913470,GBP,United Kingdom
73HN.L,MERCHANTS TRUST,LSE,GB0005800858,GBP,United Kingdom
76ID.L,ROTORK,LSE,GB0007530149,GBP,United Kingdom
77GD.L,BBVA CAPITAL FUNDING,LSE,KYG089961117,GBP,United Kingdom
77GE.L,BBA AVIATION PLC,LSE,GB0000677822,GBP,United Kingdom
78GL.L,CAFFYNS,LSE,GB0001615433,GBP,United Kingdom
79GL.L,CAFFYNS,LSE,GB0001615540,GBP,United Kingdom
7DIG.L,7DIGITAL GROUP PLC,LSE AIM,GB00BMH46555,GBP,United Kingdom
80IR.L,EIH,LSE,US2685251025,GBP,United Kingdom
80LJ.L,BBVA INTERNATIONAL,LSE,KYG0731H1011,GBP,United Kingdom
80NI.L,SOUTH EAST WATER,LSE,GB0009519595,GBP,United Kingdom
81HS.L,NATIONAL WESTMINSTER BANK,LSE,GB0006217243,GBP,United Kingdom
81JK.L,GAZPROM OAO,LSE,US3682871088,GBP,United Kingdom
81NI.L,SOUTH EAST WATER,LSE,GB0005888416,GBP,United Kingdom
82FN.L,TRADER MEDIA EAST,LSE,US89255G1094,GBP,United Kingdom
82HP.L,ROLTA INDIA,LSE,US7757901084,GBP,United Kingdom
82IL.L,CITY OF LONDON INVESTMENT TRUST,LSE,GB0008689522,GBP,United Kingdom
82JS.L,SCOTTISH MORTGAGE INVESTMENT TST,LSE,GB0007867426,GBP,United Kingdom
82LO.L,MONKS INVESTMENT TRUST,LSE,GB0002782273,GBP,United Kingdom
82NI.L,SOUTH EAST WATER,LSE,GB0005888077,GBP,United Kingdom
82OU.L,BANCA LOMBARDA PREFERRED SECURITIES,LSE,XS0108805564,GBP,United Kingdom
83GK.L,BET,LSE,GB0001330819,GBP,United Kingdom
83NI.L,SOUTH EAST WATER,LSE,GB0005888291,GBP,United Kingdom
83SF.L,BARCLAYS BANK PLC,LSE,GB00B28YJW21,GBP,United Kingdom
83SK.L,BARCLAYS BANK PLC,LSE,GB00B28YJT91,GBP,United Kingdom
84GK.L,BET,LSE,GB0001331007,GBP,United Kingdom
84HW.L,HOME GROUP,LSE,GB0006441744,GBP,United Kingdom
84NI.L,SOUTH EAST WATER,LSE,GB0003007779,GBP,United Kingdom
85GU.L,COBHAM PLC,LSE,GB0003430401,GBP,United Kingdom
85HW.L,HOME GROUP,LSE,GB0006441967,GBP,United Kingdom
85PL.L,BANK PEKAO SA,LSE,US0644511075,GBP,United Kingdom
86CL.L,CHERKIZOVO GROUP PJSC,LSE,US1641451042,GBP,United Kingdom
86HK.L,MAJEDIE INVESTMENTS,LSE,GB0005583389,GBP,United Kingdom
86HW.L,HOME GROUP,LSE,GB0006442155,GBP,United Kingdom
86IP.L,WITAN INVESTMENT TRUST,LSE,GB0009743658,GBP,United Kingdom
86OZ.L,CHELIABINSK ELEKTROLIT ZINK PLANT,LSE,US1635231038,GBP,United Kingdom
86PB.L,HANATOUR SERVICE INC,LSE,US4096501089,GBP,United Kingdom
86PN.L,HALS-DEVELOPMENT PJSC,LSE,US40637J1051,GBP,United Kingdom
87FZ.L,AECI,LSE,ZAE000000238,GBP,United Kingdom
87GO.L,CO-OPERATIVE GROUP LTD,LSE,GB0002224060,GBP,United Kingdom
87IN.L,TRUSTCO FINANCE,LSE,GB0008945718,GBP,United Kingdom
87IP.L,WITAN INVESTMENT TRUST,LSE,GB0009744284,GBP,United Kingdom
87QR.L,GUARANTY TRUST BANK,LSE,US40124Q1094,GBP,United Kingdom
888.L,888 HLDGS,LSE,GI000A0F6407,GBP,United Kingdom
88E.L,88 ENERGY LTD,LSE AIM,AU00000088E2,GBP,United Kingdom
88EI.L,JARDINE STRATEGIC HLDGS,LSE,BMG507641022,GBP,United Kingdom
88KZ.L,ARAB POTASH CO,LSE,US0384601011,GBP,United Kingdom
89VS.L,X5 RETAIL GROUP N.V,LSE,US98387E1064,GBP,United Kingdom
90ID.L,ROYAL BANK OF SCOTLAND GROUP PLC,LSE,GB0007548026,GBP,United Kingdom
90IL.L,T.H.F.C.(INDEXED 2),LSE,GB0008701624,GBP,United Kingdom
91ID.L,ROYAL BANK OF SCOTLAND GROUP PLC,LSE,GB0007548133,GBP,United Kingdom
91OT.L,ROYAL BANK OF SCOTLAND GROUP PLC,LSE,GB0002213394,GBP,United Kingdom
92ID.L,ROYAL BANK OF SCOTLAND GROUP PLC,LSE,GB0007548240,GBP,United Kingdom
92IP.L,MARSTON'S PLC,LSE,GB0009772459,GBP,United Kingdom
92OT.L,ROYAL BANK OF SCOTLAND GROUP PLC,LSE,GB0002213840,GBP,United Kingdom
93ID.L,ROYAL BANK OF SCOTLAND GROUP PLC,LSE,GB0007548356,GBP,United Kingdom
93OT.L,ROYAL BANK OF SCOTLAND GROUP PLC,LSE,XS0108763896,GBP,United Kingdom
94OT.L,ROYAL BANK OF SCOTLAND GROUP PLC,LSE,XS0108764274,GBP,United Kingdom
9537.L,CLEARSTAR INC,LSE AIM,KYG2294M1050,GBP,United Kingdom
95IL.L,HENDERSON SMALLER COS INV TST,LSE,GB0008707977,GBP,United Kingdom
96IO.L,VALUE & INCOME TRUST,LSE,GB0009258137,GBP,United Kingdom
96JP.L,T.H.F.C.(SOCIAL HOUSING FINANCE),LSE,GB0008765918,GBP,United Kingdom
96JS.L,T.H.F.C.(INDEXED),LSE,GB0008714882,GBP,United Kingdom
96LE.L,BANQUE INTL ARABE DE TUNISIE,LSE,US06675A1088,GBP,United Kingdom
97GM.L,CRH,LSE,IE0001827603,GBP,United Kingdom
97IN.L,CITY OF LONDON INVESTMENT TRUST,LSE,GB0008961913,GBP,United Kingdom
97KI.L,GLH HOTELS LTD,LSE,GB0000440312,GBP,United Kingdom
98GF.L,BANKERS INVESTMENT TRUST,LSE,GB0000769595,GBP,United Kingdom
98HT.L,NEW BRUNSWICK RAILWAY CO,LSE,GB0006301062,GBP,United Kingdom
98KI.L,YAPI VE KREDI BANKASI AS,LSE,US9848481019,GBP,United Kingdom
98LM.L,TURKIYE IS BANKASI,LSE,US9001514085,GBP,United Kingdom
98LQ.L,HELLENIC PETROLEUM SA,LSE,US4233231046,GBP,United Kingdom
99GT.L,FUNDING FOR HOMES,LSE,GB0003309126,GBP,United Kingdom
99ID.L,ROYAL BANK OF SCOTLAND GROUP PLC,LSE,GB0007592834,GBP,United Kingdom
AA.L,AA PLC,LSE,GB00BMSKPJ95,GBP,United Kingdom
AA4.L,AMEDEO AIR FOUR PLUS LTD,LSE,GG00BWC53H48,GBP,United Kingdom
AAA.L,ALL ASIA ASSET CAP LTD,LSE AIM,VGG017801082,GBP,United Kingdom
AAAP.L,ANGLO AFRICAN AGRICULTURE PLC,LSE,GB00B7V2GY97,GBP,United Kingdom
AADV.L,ALBION DEVELOPMENT VCT PLC,LSE,GB0004832472,GBP,United Kingdom
AAEV.L,ALBION ENTERPRISE VCT PLC,LSE,GB00B1G3LR35,GBP,United Kingdom
AAIF.L,ABERDEEN ASIAN INCOME FUND,LSE,GB00B0P6J834,GBP,United Kingdom
AAL.L,ANGLO AMERICAN,LSE,GB00B1XZS820,GBP,United Kingdom
AAM.L,ARTEMIS VCT PLC,LSE,GB00B02WQ947,GBP,United Kingdom
AAS.L,ABERDEEN ASIAN SMALLER CO INV TST,LSE,GB0000100767,GBP,United Kingdom
AASC.L,ABERDEEN ASIAN SMALLER CO INV TST,LSE,GB00B7ZMLM88,GBP,United Kingdom
AATG.L,ALBION TECHNOLOGY & GENERAL VCT PLC,LSE,GB0005581672,GBP,United Kingdom
AAU.L,ARIANA RESOURCES,LSE AIM,GB00B085SD50,GBP,United Kingdom
AAVC.L,ALBION VENTURE CAPITAL TST PLC,LSE,GB0002039625,GBP,United Kingdom
AAZ.L,ANGLO ASIAN MINING PLC,LSE AIM,GB00B0C18177,GBP,United Kingdom
ABBY.L,ABBEY PLC,LSE AIM,IE0000020408,GBP,United Kingdom
ABC.L,ABCAM,LSE AIM,GB00B6774699,GBP,United Kingdom
ABD.L,ABERDEEN NEW DAWN INVESTMENT TST,LSE,GB00BBM56V29,GBP,United Kingdom
ABDP.L,AB DYNAMICS PLC,LSE AIM,GB00B9GQVG73,GBP,United Kingdom
ABF.L,ASSOCIATED BRITISH FOODS,LSE,GB0006731235,GBP,United Kingdom
ABT.L,ABBOTT LABORATORIES,LSE,US0028241000,GBP,United Kingdom
ABTU.L,AQUA BOUNTY TECHNOLOGIES INC,LSE AIM,US03842K1016,GBP,United Kingdom
ABZA.L,ABZENA LTD,LSE AIM,GB00BN65QN46,GBP,United Kingdom
ACA.L,ACACIA MINING PLC,LSE,GB00B61D2N63,GBP,United Kingdom
ACBD.L,ALPHA BANK AE,LSE,US02071M7056,GBP,United Kingdom
ACBE.L,ALPHA BANK AE,LSE,US02071M4087,GBP,United Kingdom
ACC.L,ACCESS INTELLIGENCE,LSE AIM,GB0033835264,GBP,United Kingdom
ACD.L,ACENCIA DEBT STRATEGIES LTD,LSE,GB00B0MSB420,GBP,United Kingdom
ACHL.L,ASIAN CITRUS HLDGS,LSE AIM,BMG0620W2019,GBP,United Kingdom
ACL.L,ACAL,LSE,GB0000055888,GBP,United Kingdom
ACO.L,ACORN MINERALS PLC,LSE,GB00B6QZLQ32,GBP,United Kingdom
ACP.L,ARMADALE CAPITAL PLC,LSE AIM,GB00BYMSY631,GBP,United Kingdom
ACRL.L,ACCROL GROUP HLDGS PLC,LSE AIM,GB00BZ6VT592,GBP,United Kingdom
ACSO.L,ACCESSO TECHNOLOGY GRP PLC,LSE AIM,GB0001771426,GBP,United Kingdom
ACT.L,ACTUAL EXPERIENCE PLC,LSE AIM,GB00BJ05QC14,GBP,United Kingdom
ADA.L,ADAMS PLC,LSE AIM,IM00B986V543,GBP,United Kingdom
ADAM.L,ADAMAS FINANCE ASIA LTD,LSE AIM,VGG008271162,GBP,United Kingdom
ADGO.L,ADGORITHMS LTD,LSE AIM,IL0011354904,GBP,United Kingdom
ADL.L,ANDALAS ENERGY & POWER PLC,LSE AIM,IM00B1FPZP63,GBP,United Kingdom
ADM.L,ADMIRAL GROUP PLC,LSE,GB00B02J6398,GBP,United Kingdom
ADN.L,ABERDEEN ASSET MANAGEMENT PLC,LSE,GB0000031285,GBP,United Kingdom
ADSS.L,ATLAS AFRICAN INDUSTRIES LTD,LSE AIM,GG00B9B3DY50,GBP,United Kingdom
ADT.L,ADEPT TELECOM,LSE AIM,GB00B0WY3Y47,GBP,United Kingdom
AEC.L,AEC EDUCATION,LSE AIM,GB00B04XB679,GBP,United Kingdom
AEFS.L,ALCENTRA EUROPEAN FLTG RTE INC FD,LSE,GG00B6116N85,GBP,United Kingdom
AEG.L,ACTIVE ENERGY GROUP PLC,LSE AIM,GB00B1YMN108,GBP,United Kingdom
AEMC.L,ABERDEEN EMERGING MKTS INV CO LTD,LSE,GG00B45L2K95,GBP,United Kingdom
AEN.L,ANDES ENERGIA PLC,LSE AIM,GB00B7LHJ340,GBP,United Kingdom
AEO.L,AEOREMA COMMUNICATIONS PLC,LSE AIM,GB00B4QHH456,GBP,United Kingdom
AEP.L,ANGLO-EASTERN PLANTATIONS,LSE,GB0000365774,GBP,United Kingdom
AERO.L,STRAT AERO PLC,LSE AIM,GB00BQQPLG38,GBP,United Kingdom
AEWU.L,AEW UK REIT PLC,LSE,GB00BWD24154,GBP,United Kingdom
AEX.L,AMINEX,LSE,IE0003073255,GBP,United Kingdom
AEY.L,ANTRIM ENERGY INC,LSE AIM,CA0372431027,GBP,United Kingdom
AEZD.L,EZZ STEEL,LSE,US26934Q2075,GBP,United Kingdom
AFC.L,AFC ENERGY PLC,LSE AIM,GB00B18S7B29,GBP,United Kingdom
AFG.L,AQUATIC FOODS GROUP PLC,LSE AIM,JE00BQQG1J93,GBP,United Kingdom
AFHP.L,AFH FINANCIAL GROUP PLC,LSE AIM,GB00B4W5WQ08,GBP,United Kingdom
AFID.L,AFI DEVELOPMENT PLC,LSE,US00106J2006,GBP,United Kingdom
AFMC.L,ABERDEEN FRONTIER MKTS INV CO LTD,LSE AIM,GG00B1W59J17,GBP,United Kingdom
AFN.L,ADVFN,LSE AIM,GB00BPT24C10,GBP,United Kingdom
AFPO.L,AFRICAN POTASH LIMITED,LSE AIM,GG00B4QYTJ50,GBP,United Kingdom
AFRB.L,AFI DEVELOPMENT PLC,LSE,CY0101380612,GBP,United Kingdom
AFRK.L,AFARAK GROUP PLC,LSE,FI0009800098,GBP,United Kingdom
AFS.L,AMIAD WATER SYSTEMS LTD,LSE AIM,IL0010943905,GBP,United Kingdom
AG40.L,PUBLIC POWER CORP S.A.,LSE,XS0139849052,GBP,United Kingdom
AGIT.L,ABERFORTH GEARED INCOME TRUST PLC,LSE,GB00B4TR3444,GBP,United Kingdom
AGIZ.L,ABERFORTH GEARED INCOME TRUST PLC,LSE,GB00B4WLXD25,GBP,United Kingdom
AGK.L,AGGREKO,LSE,GB00BK1PTB77,GBP,United Kingdom
AGL.L,ANGLE PLC,LSE AIM,GB0034330679,GBP,United Kingdom
AGM.L,APPLIED GRAPHENE MATERIALS PLC,LSE AIM,GB00BFSSB742,GBP,United Kingdom
AGOL.L,ASHMORE GLOBAL OPPORTUNITIES LTD,LSE,GG00BYV0R619,GBP,United Kingdom
AGOU.L,ASHMORE GLOBAL OPPORTUNITIES LTD,LSE,GG00BYV0RC73,GBP,United Kingdom
AGP.L,ASIAN GROWTH PROPERTIES,LSE AIM,VGG054341083,GBP,United Kingdom
AGQ.L,ARIAN SILVER CORP,LSE AIM,VGG0472G1147,GBP,United Kingdom
AGR.L,ASSURA PLC,LSE,GB00BVGBWW93,GBP,United Kingdom
AGRO.L,ROS AGRO PLC,LSE,US7496552057,GBP,United Kingdom
AGTA.L,AGRITERRA LTD,LSE AIM,GB00B05MGT12,GBP,United Kingdom
AGY.L,ALLERGY THERAPEUTICS,LSE AIM,GB00B02LCQ05,GBP,United Kingdom
AHCG.L,ACTION HOTELS PLC,LSE AIM,JE00BFZD1492,GBP,United Kingdom
AHT.L,ASHTEAD GROUP,LSE,GB0000536739,GBP,United Kingdom
AIA.L,ALTIN AG,LSE,CH0014424524,GBP,United Kingdom
AIEA.L,AIREA PLC,LSE AIM,GB0008123027,GBP,United Kingdom
AIF.L,ACORN INCOME FUND,LSE,GB0004829437,GBP,United Kingdom
AIR.L,AIR PARTNER PLC,LSE,GB0000115302,GBP,United Kingdom
AIRC.L,AIR CHINA,LSE,CNE1000001S0,GBP,United Kingdom
AJG.L,ATLANTIS JAPAN GROWTH FUND,LSE,GG00B61ND550,GBP,United Kingdom
AJIT.L,ABERDEEN JAPAN INVESTMENT TRUST PLC,LSE,GB0003920757,GBP,United Kingdom
AKR.L,AKERS BIOSCIENCES INC,LSE AIM,US00973E1029,GBP,United Kingdom
AKRN.L,PJSC ACRON,LSE,US00501T2096,GBP,United Kingdom
ALAI.L,ABERDEEN LATIN AMERICAN INCOME FD,LSE,JE00B44ZTP62,GBP,United Kingdom
ALBA.L,ALBA MINERAL RESOURCES,LSE AIM,GB00B06KBB18,GBP,United Kingdom
ALBH.L,ALUMINIUM BAHRAIN BSC,LSE,US0222082010,GBP,United Kingdom
ALD.L,ALDERMORE GROUP PLC,LSE,GB00BQQMCJ47,GBP,United Kingdom
ALF.L,ALTERNATIVE LIQUIDITY FUND LTD,LSE,GG00BYRGPD65,GBP,United Kingdom
ALM.L,ALLIED MINDS LTD,LSE,GB00BLRLH124,GBP,United Kingdom
ALO.L,ALECTO MINERALS PLC,LSE AIM,GB00B5SCHP68,GBP,United Kingdom
ALPH.L,ALPHA PYRENEES TRUST,LSE,GB00B0P6FY18,GBP,United Kingdom
ALT.L,ALTITUDE GROUP PLC,LSE AIM,GB00B0LSFV82,GBP,United Kingdom
ALU.L,ALUMASC GROUP,LSE,GB0000280353,GBP,United Kingdom
ALY.L,ASHLEY(LAURA)HLDGS,LSE,GB0000533728,GBP,United Kingdom
AMBR.L,AMBRIAN PLC,LSE AIM,GB0003763140,GBP,United Kingdom
AMC.L,AMUR MINERALS CORP,LSE AIM,VGG042401007,GBP,United Kingdom
AMED.L,AMEDEO RESOURCES PLC,LSE AIM,GB00BZ0XVY42,GBP,United Kingdom
AMER.L,AMERISUR RESOURCES PLC,LSE AIM,GB0032087826,GBP,United Kingdom
AMFW.L,AMEC FOSTER WHEELER PLC,LSE,GB0000282623,GBP,United Kingdom
AMKD.L,AMTEK AUTO,LSE,US03233Q1058,GBP,United Kingdom
AMO.L,AMINO TECHNOLOGIES,LSE AIM,GB00B013SN63,GBP,United Kingdom
AMP.L,AMPHION INNOVATIONS PLC,LSE AIM,GB00B0DJNP99,GBP,United Kingdom
AMPH.L,AGGREGATED MICRO POWER HLDGS PLC,LSE AIM,GB00BC4F3V69,GBP,United Kingdom
AMS.L,ADVANCED MEDICAL SOLUTIONS GROUP,LSE AIM,GB0004536594,GBP,United Kingdom
AMYT.L,AMRYT PHARMA PLC,LSE AIM,GB00BDD1LS57,GBP,United Kingdom
AN.L,ALTERNATIVE NETWORKS,LSE AIM,GB00B05KXX82,GBP,United Kingdom
ANA.L,ANA HLDGS INC,LSE,JP3429800000,GBP,United Kingdom
ANCR.L,ANIMALCARE GROUP PLC,LSE AIM,GB0032350695,GBP,United Kingdom
ANP.L,ANPARIO PLC,LSE AIM,GB00B3NWT178,GBP,United Kingdom
ANR.L,ALTONA ENERGY PLC,LSE AIM,GB00B06GJT32,GBP,United Kingdom
ANTO.L,ANTOFAGASTA,LSE,GB0000456144,GBP,United Kingdom
ANW.L,ABERDEEN NEW THAI INVESTMENT TRUST,LSE,GB0000059971,GBP,United Kingdom
AO.L,AO WORLD PLC,LSE,GB00BJTNFH41,GBP,United Kingdom
AOF.L,AFRICA OPPORTUNITY FUND LTD,LSE,KYG012921048,GBP,United Kingdom
AOFC.L,AFRICA OPPORTUNITY FUND LTD,LSE,KYG012921121,GBP,United Kingdom
AOR.L,AORTECH INTERNATIONAL,LSE AIM,GB0033360586,GBP,United Kingdom
APAX.L,APAX GLOBAL ALPHA LTD,LSE,GG00BWWYMV85,GBP,United Kingdom
APC.L,APC TECHNOLOGY GROUP PLC,LSE AIM,GB0000373984,GBP,United Kingdom
APEF.L,ABERDEEN PRIVATE EQUITY FUND LTD,LSE,GG00B1XCHB94,GBP,United Kingdom
APF.L,ANGLO PACIFIC GROUP,LSE,GB0006449366,GBP,United Kingdom
APGN.L,APPLEGREEN PLC,LSE AIM,IE00BXC8D038,GBP,United Kingdom
APH.L,ALLIANCE PHARMA,LSE AIM,GB0031030819,GBP,United Kingdom
APOD.L,ARAB POTASH CO,LSE,US0384602001,GBP,United Kingdom
APQ.L,APQ GLOBAL LTD,LSE AIM,GG00BZ6VP173,GBP,United Kingdom
APT.L,AXA PROPERTY TRUST,LSE,GG00BD5J7902,GBP,United Kingdom
AQSG.L,AQUILA SERVICES GROUP PLC,LSE,GB00BPYP3Q26,GBP,United Kingdom
ARBB.L,ARBUTHNOT BANKING GROUP PLC,LSE AIM,GB0007922338,GBP,United Kingdom
ARC.L,ARCONTECH GROUP PLC,LSE AIM,GB0003353371,GBP,United Kingdom
ARDN.L,ARDEN PARTNERS PLC,LSE AIM,GB00B15CTY44,GBP,United Kingdom
ARG.L,ARGOS RESOURCES LTD,LSE AIM,FK0114538241,GBP,United Kingdom
ARGO.L,ARGO GROUP LTD,LSE AIM,IM00B2RDSS92,GBP,United Kingdom
ARGP.L,ALPHA RETURNS GRP PLC,LSE AIM,GB00B7FD9168,GBP,United Kingdom
ARL.L,ATLANTIS RESOURCES LTD,LSE AIM,SG9999011118,GBP,United Kingdom
ARO.L,ARRICANO REAL ESTATE PLC,LSE AIM,CY0102941610,GBP,United Kingdom
ARR.L,AURORA INVESTMENT TRUST,LSE,GB0000633262,GBP,United Kingdom
ARS.L,ASIAMET RESOURCES LTD,LSE AIM,BM04521V1038,GBP,United Kingdom
ARTA.L,ARTILIUM PLC,LSE AIM,GB00B1L7NQ30,GBP,United Kingdom
ARTL.L,ALPHA REAL TRUST LTD,LSE,GB00B13VDP26,GBP,United Kingdom
ARW.L,ARROW GLOBAL GRP PLC,LSE,GB00BDGTXM47,GBP,United Kingdom
ASA.L,ASA RESOURCE GROUP PLC,LSE AIM,GB00B0GN3470,GBP,United Kingdom
ASBE.L,ASSOCIATED BRITISH ENGINEERING,LSE,GB0007395642,GBP,United Kingdom
ASC.L,ASOS,LSE AIM,GB0030927254,GBP,United Kingdom
ASCI.L,ABERDEEN SMALLER COS INC TST PLC,LSE,GB0008063728,GBP,United Kingdom
ASCL.L,ASCENTIAL PLC,LSE,GB00BYM8GJ06,GBP,United Kingdom
ASH.L,ASHLEY HOUSE PLC,LSE AIM,GB00B1KKCZ55,GBP,United Kingdom
ASHM.L,ASHMORE GROUP PLC,LSE,GB00B132NW22,GBP,United Kingdom
ASL.L,ABERFORTH SMALLER COMPANIES TRUST,LSE,GB0000066554,GBP,United Kingdom
ASPL.L,ASEANA PROPERTIES LTD,LSE,JE00B1RZDJ41,GBP,United Kingdom
AST.L,ASCENT RESOURCES,LSE AIM,GB00BZ16J374,GBP,United Kingdom
ASTO.L,ASSETCO PLC,LSE AIM,GB00B42VYZ16,GBP,United Kingdom
ASY.L,ANDREWS SYKES GROUP,LSE AIM,GB0002684552,GBP,United Kingdom
AT2.L,AMATI VCT 2 PLC,LSE,GB00B641BB82,GBP,United Kingdom
ATAD.L,TATNEFT PJSC,LSE,US8766292051,GBP,United Kingdom
ATI.L,AMATI VCT PLC,LSE,GB00B05N8X20,GBP,United Kingdom
ATK.L,ATKINS(WS),LSE,GB0000608009,GBP,United Kingdom
ATMA.L,ATLAS MARA LTD,LSE,VGG0697K1066,GBP,United Kingdom
ATMW.L,ATLAS MARA LTD,LSE,VGG0697K1140,GBP,United Kingdom
ATQT.L,ATTRAQT GROUP PLC,LSE AIM,GB00BMJJFZ18,GBP,United Kingdom
ATR.L,ASIAN TOTAL RETURN INVEST CO PLC,LSE,GB0008710799,GBP,United Kingdom
ATS.L,ARTEMIS ALPHA TRUST,LSE,GB0004355946,GBP,United Kingdom
ATSS.L,ARTEMIS ALPHA TRUST,LSE,GB00B5SLGR82,GBP,United Kingdom
ATST.L,ALLIANCE TRUST,LSE,GB00B11V7W98,GBP,United Kingdom
ATT.L,ALLIANZ TECHNOLOGY TRUST PLC,LSE,GB0003390720,GBP,United Kingdom
ATY.L,ATHELNEY TRUST,LSE,GB0000609296,GBP,United Kingdom
ATYM.L,ATALAYA MINING PLC,LSE AIM,CY0106002112,GBP,United Kingdom
AUCT.L,AUCTUS GROWTH PLC,LSE,GB00BNGMVP25,GBP,United Kingdom
AUE.L,AUREUS MINING INC,LSE AIM,CA0515471070,GBP,United Kingdom
AUG.L,AUGEAN,LSE AIM,GB00B02H2F76,GBP,United Kingdom
AUK.L,AUKETT SWANKE GROUP PLC,LSE AIM,GB0000617950,GBP,United Kingdom
AUKT.L,ABERDEEN UK TRACKER TRUST PLC,LSE,GB0005596985,GBP,United Kingdom
AUR.L,AURUM MINING,LSE AIM,GB00B00T3528,GBP,United Kingdom
AUTG.L,AUTINS GROUP PLC,LSE AIM,GB00BD37ZH08,GBP,United Kingdom
AUTO.L,AUTO TRADER GROUP PLC,LSE,GB00BVYVFW23,GBP,United Kingdom
AV.L,AVIVA,LSE,GB0002162385,GBP,United Kingdom
AVA.L,AVIVA,LSE,GB0002124963,GBP,United Kingdom
AVAP.L,AVATION PLC,LSE,GB00B196F554,GBP,United Kingdom
AVB.L,AVIVA,LSE,GB0002114154,GBP,United Kingdom
AVCT.L,AVACTA GROUP PLC,LSE AIM,GB00BYYW9G87,GBP,United Kingdom
AVG.L,AVINGTRANS PLC,LSE AIM,GB0009188797,GBP,United Kingdom
AVGR.L,AVANGARDCO INVESTMENTS PUBLIC LTD,LSE,US05349V2097,GBP,United Kingdom
AVM.L,AVOCET MINING,LSE,GB00BZBVR613,GBP,United Kingdom
AVN.L,AVANTI COMMUNICATIONS GROUP PLC,LSE AIM,GB00B1VCNQ84,GBP,United Kingdom
AVO.L,ADVANCED ONCOTHERAPY PLC,LSE AIM,GB00BD6SX109,GBP,United Kingdom
AVON.L,AVON RUBBER,LSE,GB0000667013,GBP,United Kingdom
AVR.L,AVARAE GLOBAL COINS PLC,LSE AIM,GB00B137SQ61,GBP,United Kingdom
AVS.L,AVESCO GROUP PLC,LSE AIM,GB0000653229,GBP,United Kingdom
AVV.L,AVEVA GROUP,LSE,GB00BBG9VN75,GBP,United Kingdom
AXI.L,AXIOM EUROPEAN FINCL DEBT FUND LTD,LSE,GG00BTC2K735,GBP,United Kingdom
AXM.L,ALEXANDER MINING,LSE AIM,GB00B06K1665,GBP,United Kingdom
AXS.L,ACCSYS TECHNOLOGIES,LSE AIM,GB00BQQFX454,GBP,United Kingdom
AYM.L,ANGLESEY MINING,LSE,GB0000320472,GBP,United Kingdom
AZN.L,ASTRAZENECA PLC,LSE,GB0009895292,GBP,United Kingdom
BA.L,BAE SYSTEMS,LSE,GB0002634946,GBP,United Kingdom
BA05.L,MORGAN ADVANCED MATERIALS PLC,LSE,GB0006026446,GBP,United Kingdom
BA29.L,MORGAN ADVANCED MATERIALS PLC,LSE,GB0006026669,GBP,United Kingdom
BA45.L,BRITISH LAND CO PLC,LSE,GB0001367126,GBP,United Kingdom
BA47.L,CITY OF LONDON INVESTMENT TRUST,LSE,GB0001990059,GBP,United Kingdom
BA68.L,BRITISH LAND CO PLC,LSE,GB0001368538,GBP,United Kingdom
BA69.L,CITY OF LONDON INVESTMENT TRUST,LSE,GB0001990612,GBP,United Kingdom
BA80.L,FULLER SMITH & TURNER,LSE,GB0002538154,GBP,United Kingdom
BA88.L,BANKERS INVESTMENT TRUST,LSE,GB0000871771,GBP,United Kingdom
BAB.L,BABCOCK INTL GROUP PLC,LSE,GB0009697037,GBP,United Kingdom
BAC.L,BANK OF AMERICA CORP,LSE,US0605051046,GBP,United Kingdom
BACT.L,BACIT LTD,LSE,GG00B8P59C08,GBP,United Kingdom
BAF.L,BRITISH & AMERICAN INVESTMENT TRUST,LSE,GB0000653112,GBP,United Kingdom
BAG.L,BARR(A.G.),LSE,GB00B6XZKY75,GBP,United Kingdom
BAGR.L,BAGIR GRP LTD,LSE AIM,IL0011317216,GBP,United Kingdom
BARC.L,BARCLAYS PLC,LSE,GB0031348658,GBP,United Kingdom
BATS.L,BRITISH AMERICAN TOBACCO,LSE,GB0002875804,GBP,United Kingdom
BAV.L,BARONSMEAD VCT 5 PLC,LSE,GB00B0YZHK97,GBP,United Kingdom
BB08.L,SANTANDER UK PLC,LSE,XS0060837068,GBP,United Kingdom
BB21.L,SANCTUARY HOUSING,LSE,GB0007747149,GBP,United Kingdom
BB26.L,GUINNESS PARTNERSHIP(THE)LD,LSE,GB0001854792,GBP,United Kingdom
BB34.L,SANTANDER UK PLC,LSE,GB0000272145,GBP,United Kingdom
BB38.L,CITY SITE ESTATES,LSE,GB0002002193,GBP,United Kingdom
BB90.L,LEWIS(JOHN),LSE,GB0005140404,GBP,United Kingdom
BBA.L,BBA AVIATION PLC,LSE,GB00B1FP8915,GBP,United Kingdom
BBGI.L,BBGI SICAV SA,LSE,LU0686550053,GBP,United Kingdom
BBOX.L,TRITAX BIG BOX REIT PLC,LSE,GB00BG49KP99,GBP,United Kingdom
BBSN.L,BRAVE BISON GROUP PLC,LSE AIM,GB00BF8HJ774,GBP,United Kingdom
BBY.L,BALFOUR BEATTY,LSE,GB0000961622,GBP,United Kingdom
BBYB.L,BALFOUR BEATTY,LSE,GB0000978204,GBP,United Kingdom
BC12.L,BETTER CAPITAL PCC LD,LSE,GG00B4N1RV71,GBP,United Kingdom
BC24.L,ASHPOL,LSE,GB0000201946,GBP,United Kingdom
BC32.L,LEWIS(JOHN),LSE,GB0005140628,GBP,United Kingdom
BC35.L,ROYAL BANK OF SCOTLAND GROUP PLC,LSE,GB0007611147,GBP,United Kingdom
BC87.L,CANADIAN PACIFIC RAILWAYS,LSE,CA136447AX71,GBP,United Kingdom
BC88.L,CHEMRING GROUP,LSE,GB0001904845,GBP,United Kingdom
BC94.L,SAMSUNG ELECTRONICS CO,LSE,US7960508882,GBP,United Kingdom
BCA.L,BCA MARKETPLACE PLC,LSE,GB00BP0S1D85,GBP,United Kingdom
BCAP.L,BETTER CAPITAL PCC LD,LSE,GG00B5885941,GBP,United Kingdom
BCGR.L,BLUE CAPITAL GLOBAL REINSURANCE FD,LSE,BMG1189R1043,GBP,United Kingdom
BCN.L,BACANORA MINERALS LTD,LSE AIM,CA05634Q1054,GBP,United Kingdom
BCRE.L,BCRE BRACK CAPITAL REAL EST INV NV,LSE,NL0010763611,GBP,United Kingdom
BD15.L,TATE & LYLE,LSE,GB0008754466,GBP,United Kingdom
BD22.L,MAJEDIE INVESTMENTS,LSE,GB0006733058,GBP,United Kingdom
BD32.L,LEWIS(JOHN)PARTNERSHIP,LSE,GB0005141691,GBP,United Kingdom
BD45.L,LEWIS(JOHN)PARTNERSHIP,LSE,GB0005141816,GBP,United Kingdom
BD46.L,LOW & BONAR PLC,LSE,GB0005363238,GBP,United Kingdom
BD70.L,LOW & BONAR PLC,LSE,GB0005363451,GBP,United Kingdom
BD71.L,NEC FINANCE,LSE,GB0006185440,GBP,United Kingdom
BD78.L,SCOTTISH MORTGAGE INVESTMENT TST,LSE,GB0002360989,GBP,United Kingdom
BD82.L,BOOT(HENRY),LSE,GB0001111284,GBP,United Kingdom
BD84.L,CORUS FINANCE,LSE,GB0001411817,GBP,United Kingdom
BD90.L,LOW & BONAR PLC,LSE,GB0005363675,GBP,United Kingdom
BD92.L,NEC FINANCE,LSE,GB0006185556,GBP,United Kingdom
BD96.L,BLACKROCK SMALLER COMPANIES TST PLC,LSE,GB0000545466,GBP,United Kingdom
BDEV.L,BARRATT DEVELOPMENTS PLC,LSE,GB0000811801,GBP,United Kingdom
BDI.L,BOND INTERNATIONAL SOFTWARE,LSE AIM,GB0002369352,GBP,United Kingdom
BEE.L,BARING EMERGING EUROPE PLC,LSE,GB0032273343,GBP,United Kingdom
BEEP.L,BLACKROCK EMERGING EUROPE PLC,LSE,GB00B0BN1P96,GBP,United Kingdom
BEG.L,BEGBIES TRAYNOR GROUP PLC,LSE AIM,GB00B0305S97,GBP,United Kingdom
BEM.L,BEOWULF MINING,LSE AIM,GB0033163287,GBP,United Kingdom
BEST.L,BEST OF THE BEST PLC,LSE AIM,GB00B16S3505,GBP,United Kingdom
BEZ.L,BEAZLEY PLC,LSE,GB00BYQ0JC66,GBP,United Kingdom
BFA.L,BASF SE,LSE,DE000BASF111,GBP,United Kingdom
BG04.L,OOREDOO QSC,LSE,US6834201039,GBP,United Kingdom
BG79.L,EFG HERMES HLDGS,LSE,US2684253030,GBP,United Kingdom
BGEO.L,BGEO GROUP PLC,LSE,GB00B759CR16,GBP,United Kingdom
BGFD.L,BAILLIE GIFFORD JAPAN TRUST,LSE,GB0000485838,GBP,United Kingdom
BGHL.L,BOUSSARD & GAVAUDAN HOLDING,LSE,GG00B1FQG453,GBP,United Kingdom
BGHS.L,BOUSSARD & GAVAUDAN HOLDING,LSE,GG00B39VMM07,GBP,United Kingdom
BGLF.L,BLACKSTONE / GSO LOAN FINANCING LTD,LSE,JE00BNCB5T53,GBP,United Kingdom
BGO.L,BANGO,LSE AIM,GB00B0BRN552,GBP,United Kingdom
BGS.L,BAILLIE GIFFORD SHIN NIPPON,LSE,GB0000706274,GBP,United Kingdom
BHGG.L,BH GLOBAL LTD,LSE,GG00B2QQPT96,GBP,United Kingdom
BHGU.L,BH GLOBAL LTD,LSE,GG00B2QQPS89,GBP,United Kingdom
BHME.L,BH MACRO LTD,LSE,GG00B1NPGZ52,GBP,United Kingdom
BHMG.L,BH MACRO LTD,LSE,GG00B1NP5142,GBP,United Kingdom
BHMU.L,BH MACRO LTD,LSE,GG00B1NPGV15,GBP,United Kingdom
BHRD.L,BE HEARD GROUP PLC,LSE AIM,GB00BT6SJV45,GBP,United Kingdom
BHY.L,BOOT(HENRY),LSE,GB0001110096,GBP,United Kingdom
BILB.L,BILBY PLC,LSE AIM,GB00BV9GHQ09,GBP,United Kingdom
BILL.L,BILLING SERVICES GROUP,LSE AIM,BMG110261044,GBP,United Kingdom
BILN.L,BILLINGTON HLDGS PLC,LSE AIM,GB0000332667,GBP,United Kingdom
BIND.L,BANQUE INTL ARABE DE TUNISIE,LSE,US06675A2078,GBP,United Kingdom
BIOG.L,BIOTECH GROWTH TRUST PLC (THE),LSE,GB0000385517,GBP,United Kingdom
BIOM.L,BIOME TECHNOLOGIES PLC,LSE AIM,GB00B9Z1M820,GBP,United Kingdom
BISI.L,BISICHI MINING,LSE,GB0001012045,GBP,United Kingdom
BIST.L,BLACKROCK INCOME STRATEGIES TR PLC,LSE,GB0001297562,GBP,United Kingdom
BJU.L,BRAINJUICER GROUP PLC,LSE AIM,GB00B1GVQH21,GBP,United Kingdom
BKG.L,BERKELEY GROUP HLDGS,LSE,GB00B02L3W35,GBP,United Kingdom
BKIC.L,BANK OF IRELAND(GOVERNOR & CO OF),LSE,IE0000730808,GBP,United Kingdom
BKIE.L,BANK OF IRELAND(GOVERNOR & CO OF),LSE,IE0000730790,GBP,United Kingdom
BKIR.L,BANK OF IRELAND(GOVERNOR & CO OF),LSE,IE0030606259,GBP,United Kingdom
BKM.L,BANK MUSCAT,LSE,US0637462005,GBP,United Kingdom
BKMA.L,BANK MUSCAT,LSE,US0637461015,GBP,United Kingdom
BKY.L,BERKELEY ENERGIA LTD,LSE AIM,AU000000BKY0,GBP,United Kingdom
BL15.L,ROYAL BANK OF SCOTLAND GROUP PLC,LSE,GB0007610958,GBP,United Kingdom
BL85.L,ROYAL BANK OF SCOTLAND GROUP PLC,LSE,GB0007611030,GBP,United Kingdom
BLEY.L,BAILEY(C.H.),LSE AIM,GB00B6SCF932,GBP,United Kingdom
BLND.L,BRITISH LAND CO PLC,LSE,GB0001367019,GBP,United Kingdom
BLP.L,BLUE PLANET INVESTMENT TR PLC,LSE,GB0005327076,GBP,United Kingdom
BLT.L,BHP BILLITON PLC,LSE,GB0000566504,GBP,United Kingdom
BLTG.L,BLANCCO TECHNOLOGY GROUP PLC,LSE AIM,GB00B06GNN57,GBP,United Kingdom
BLU.L,BLUE STAR CAPITAL PLC,LSE AIM,GB00B02SSZ25,GBP,United Kingdom
BLUR.L,BLUR GROUP PLC,LSE AIM,GB00B8DX2616,GBP,United Kingdom
BLV.L,BELVOIR LETTINGS PLC,LSE AIM,GB00B4QY1P51,GBP,United Kingdom
BLVN.L,BOWLEVEN,LSE AIM,GB00B04PYL99,GBP,United Kingdom
BMD.L,BARONSMEAD SECOND VENTURE TRUST PLC,LSE,GB0030028103,GBP,United Kingdom
BME.L,B & M EUROPEAN VALUE RETAIL SA,LSE,LU1072616219,GBP,United Kingdom
BMED.L,BANQUE MAROCAINE DU COMM EXTERIEUR,LSE,US06674P2056,GBP,United Kingdom
BMK.L,BENCHMARK HLDGS PLC,LSE AIM,GB00BGHPT808,GBP,United Kingdom
BMN.L,BUSHVELD MINERALS LTD,LSE AIM,GG00B4TM3943,GBP,United Kingdom
BMR.L,BMR GROUP PLC,LSE AIM,GB00BWV0F181,GBP,United Kingdom
BMS.L,BRAEMAR SHIPPING SERVICES PLC,LSE,GB0000600931,GBP,United Kingdom
BMT.L,BRAIME(T.F.& J.H.)(HLDGS),LSE AIM,GB0001185270,GBP,United Kingdom
BMTO.L,BRAIME(T.F.& J.H.)(HLDGS),LSE AIM,GB0001185056,GBP,United Kingdom
BMV.L,BLUEBIRD MERCHANT VENTURES LTD,LSE,VGG118701058,GBP,United Kingdom
BMY.L,BLOOMSBURY PUBLISHING,LSE,GB0033147751,GBP,United Kingdom
BNC.L,BANCO SANTANDER SA,LSE,ES0113900J37,GBP,United Kingdom
BNK.L,BANKERS PETROLEUM LTD,LSE AIM,CA0662863038,GBP,United Kingdom
BNKR.L,BANKERS INVESTMENT TRUST,LSE,GB0000767003,GBP,United Kingdom
BNR.L,BLENHEIM NATURAL RESOURCES PLC,LSE AIM,GB00BYQ5L258,GBP,United Kingdom
BNZL.L,BUNZL,LSE,GB00B0744B38,GBP,United Kingdom
BOD.L,BOTSWANA DIAMONDS PLC,LSE AIM,GB00B5TFC825,GBP,United Kingdom
BOE.L,BOEING CO,LSE,US0970231058,GBP,United Kingdom
BOIL.L,BARON OIL PLC,LSE AIM,GB00B01QGH57,GBP,United Kingdom
BOK.L,BOOKER GROUP PLC,LSE,GB00B01TND91,GBP,United Kingdom
BON.L,BONMARCHE HLDGS PLC,LSE,GB00BF8H6F45,GBP,United Kingdom
BOO.L,BOOHOO.COM PLC,LSE AIM,JE00BG6L7297,GBP,United Kingdom
BOOM.L,AUDIOBOOM GRP PLC,LSE AIM,JE00B5NFKB77,GBP,United Kingdom
BOR.L,BORDERS & SOUTHERN PETROLEUM,LSE AIM,GB00B08F4599,GBP,United Kingdom
BOS.L,BOS GLOBAL HLDGS NL,LSE AIM,AU000XINEAC2,GBP,United Kingdom
BOX.L,BOXHILL TECHNOLOGIES PLC,LSE AIM,GB00B1DWH640,GBP,United Kingdom
BOY.L,BODYCOTE PLC,LSE,GB00B3FLWH99,GBP,United Kingdom
BP.L,BP,LSE,GB0007980591,GBP,United Kingdom
BPA.L,BP,LSE,GB0001385250,GBP,United Kingdom
BPB.L,BP,LSE,GB0001385474,GBP,United Kingdom
BPC.L,BAHAMAS PETROLEUM COMPANY PLC,LSE AIM,IM00B3NTV894,GBP,United Kingdom
BPFU.L,BLUE PLANET FIN GRWTH&INC INV TST,LSE,GB00B1B9C408,GBP,United Kingdom
BPKD.L,BANK PEKAO SA,LSE,US0644512065,GBP,United Kingdom
BPM.L,B.P.MARSH & PARTNERS,LSE AIM,GB00B0XLRJ79,GBP,United Kingdom
BQ30.L,SOLIDERE,LSE,US5223861015,GBP,United Kingdom
BQAD.L,BANK AUDI S.A.L.,LSE,US0605721127,GBP,United Kingdom
BQE.L,BIOQUELL,LSE,GB0004992003,GBP,United Kingdom
BRAM.L,BRAMMER,LSE,GB0001195089,GBP,United Kingdom
BRBY.L,BURBERRY GROUP,LSE,GB0031743007,GBP,United Kingdom
BRCI.L,BLACKROCK COMMODITIES INC INV TST,LSE,GB00B0N8MF98,GBP,United Kingdom
BRD.L,BLUEROCK DIAMONDS PLC,LSE AIM,GB00B84H1764,GBP,United Kingdom
BREE.L,BREEDON GROUP PLC,LSE AIM,JE00B2419D89,GBP,United Kingdom
BREM.L,BRITISH EMPIRE TRUST PLC,LSE,GB0001335867,GBP,United Kingdom
BRFI.L,BLACKROCK FRONTIERS INVESTMENT TST,LSE,GB00B3SXM832,GBP,United Kingdom
BRGE.L,BLACKROCK GREATER EUROPE INV TST,LSE,GB00B01RDH75,GBP,United Kingdom
BRH.L,BRAVEHEART INVESTMENT GROUP,LSE AIM,GB00B13XV322,GBP,United Kingdom
BRIG.L,BLACKROCK INCOME & GROWTH INV TRUST,LSE,GB0030961691,GBP,United Kingdom
BRK.L,BROOKS MACDONALD GROUP,LSE AIM,GB00B067N833,GBP,United Kingdom
BRLA.L,BLACKROCK LATIN AMERICAN INV TRUST,LSE,GB0005058408,GBP,United Kingdom
BRNA.L,BLACKROCK NORTH AMERICAN INC TR PLC,LSE,GB00B7W0XJ61,GBP,United Kingdom
BRSC.L,BLACKROCK SMALLER COMPANIES TST PLC,LSE,GB0006436108,GBP,United Kingdom
BRSN.L,BERENDSEN PLC,LSE,GB00B0F99717,GBP,United Kingdom
BRW.L,BREWIN DOLPHIN HLDGS,LSE,GB0001765816,GBP,United Kingdom
BRWM.L,BLACKROCK WORLD MINING TRUST PLC,LSE,GB0005774855,GBP,United Kingdom
BRY.L,BRADY,LSE AIM,GB00B0188P35,GBP,United Kingdom
BSC.L,BRITISH SMALLER COMPANIES VCT2 PLC,LSE,GB0005001796,GBP,United Kingdom
BSD.L,B.S.D CROWN LTD,LSE,IL0010830219,GBP,United Kingdom
BSE.L,BASE RESOURCES LTD,LSE AIM,AU000000BSE5,GBP,United Kingdom
BSIF.L,BLUEFIELD SOLAR INCOME FUND LTD,LSE,GG00BB0RDB98,GBP,United Kingdom
BSRT.L,BAKER STEEL RESOURCES TRUST LTD,LSE,GG00B6686L20,GBP,United Kingdom
BSV.L,BRITISH SMALLER COMPANIES VCT,LSE,GB0001403152,GBP,United Kingdom
BTA.L,BT GROUP,LSE,GB0030913577,GBP,United Kingdom
BTEM.L,BRITISH EMPIRE TRUST PLC,LSE,GB0001335081,GBP,United Kingdom
BTG.L,BTG PLC,LSE,GB0001001592,GBP,United Kingdom
BUR.L,BURFORD CAPITAL LTD,LSE AIM,GG00B4L84979,GBP,United Kingdom
BUT.L,BRUNNER INVESTMENT TRUST,LSE,GB0001490001,GBP,United Kingdom
BVA.L,BANCO BILBAO VIZCAYA ARGENTARIA SA,LSE,ES0113211835,GBP,United Kingdom
BVC.L,BATM ADVANCED COMMUNICATIONS,LSE,IL0010849045,GBP,United Kingdom
BVIC.L,BRITVIC,LSE,GB00B0N8QD54,GBP,United Kingdom
BVS.L,BOVIS HOMES GROUP,LSE,GB0001859296,GBP,United Kingdom
BVT.L,BARONSMEAD VENTURE TRUST PLC,LSE,GB0002631934,GBP,United Kingdom
BVXP.L,BIOVENTIX PLC,LSE AIM,GB00B4QVDF07,GBP,United Kingdom
BWNG.L,BROWN(N.)GROUP,LSE,GB00B1P6ZR11,GBP,United Kingdom
BWO.L,BARLOWORLD,LSE,ZAE000026639,GBP,United Kingdom
BWRA.L,BRISTOL WATER,LSE,GB0001257988,GBP,United Kingdom
BWSA.L,BRISTOL & WEST PLC,LSE,GB0000510205,GBP,United Kingdom
BWY.L,BELLWAY,LSE,GB0000904986,GBP,United Kingdom
BXP.L,BEXIMCO PHARMACEUTICALS,LSE AIM,US0885792061,GBP,United Kingdom
BYB.L,BYBLOS BANK,LSE,US12431A1016,GBP,United Kingdom
BYG.L,BIG YELLOW GROUP,LSE,GB0002869419,GBP,United Kingdom
BYOT.L,BYOTROL PLC,LSE AIM,GB00B0999995,GBP,United Kingdom
BZM.L,BELLZONE MINING PLC,LSE AIM,JE00B3N0SJ29,GBP,United Kingdom
BZT.L,BEZANT RESOURCES PLC,LSE AIM,GB00B1CKQD97,GBP,United Kingdom
C21.L,21ST CENTURY TECHNOLOGY PLC,LSE AIM,GB0008866310,GBP,United Kingdom
C4XD.L,C4X DISCOVERY HLDG PLC,LSE AIM,GB00BQQ2RV18,GBP,United Kingdom
CAD.L,CADOGAN PETROLEUM,LSE,GB00B12WC938,GBP,United Kingdom
CAF.L,CHINA AFRICA RESOURCES PLC,LSE AIM,GB00B3ZW6Z85,GBP,United Kingdom
CAKE.L,PATISSERIE HOLDINGS PLC,LSE AIM,GB00BM4NV504,GBP,United Kingdom
CAL.L,CAPITAL & REGIONAL,LSE,GB0001741544,GBP,United Kingdom
CALL.L,CLOUDCALL GROUP PLC,LSE AIM,GB00B4XS5145,GBP,United Kingdom
CAM.L,CAMELLIA,LSE AIM,GB0001667087,GBP,United Kingdom
CAMB.L,CAMBRIA AUTOMOBILES PLC,LSE AIM,GB00B4R32X65,GBP,United Kingdom
CAML.L,CENTRAL ASIA METALS PLC,LSE AIM,GB00B67KBV28,GBP,United Kingdom
CAPC.L,CAPITAL & COUNTIES PROPERTIES PLC,LSE,GB00B62G9D36,GBP,United Kingdom
CAPD.L,CAPITAL DRILLING LTD,LSE,BMG022411000,GBP,United Kingdom
CAR.L,CARCLO,LSE,GB0001751915,GBP,United Kingdom
CARD.L,CARD FACTORY PLC,LSE,GB00BLY2F708,GBP,United Kingdom
CARR.L,CARR'S GROUP PLC,LSE,GB00BRK01058,GBP,United Kingdom
CAT.L,CATCO REINSURANCE OPPORTUNITIES FD,LSE,BMG1961Q2095,GBP,United Kingdom
CATC.L,CATCO REINSURANCE OPPORTUNITIES FD,LSE,BMG1961Q1428,GBP,United Kingdom
CAU.L,CENTAUR MEDIA,LSE,GB0034291418,GBP,United Kingdom
CAY.L,CHARLES STANLEY GROUP,LSE,GB0006556046,GBP,United Kingdom
CBG.L,CLOSE BROS GROUP,LSE,GB0007668071,GBP,United Kingdom
CBKD.L,COMMERCIAL INTL BANK(EGYPT)S.A.E,LSE,US2017122050,GBP,United Kingdom
CBP.L,CURTIS BANKS GROUP PLC,LSE AIM,GB00BW0D4R71,GBP,United Kingdom
CBQS.L,COMMERCIAL BANK,LSE,US2026092021,GBP,United Kingdom
CBUY.L,CLOUDBUY PLC,LSE AIM,GB00B09Y8Y28,GBP,United Kingdom
CCAP.L,CHARLEMAGNE CAPITAL LTD,LSE AIM,KYG2052F1028,GBP,United Kingdom
CCC.L,COMPUTACENTER,LSE,GB00BV9FP302,GBP,United Kingdom
CCH.L,COCA-COLA HBC AG,LSE,CH0198251305,GBP,United Kingdom
CCJI.L,CC JAPAN INCOME & GROWTH TRUST PLC,LSE,GB00BYSRMH16,GBP,United Kingdom
CCL.L,CARNIVAL,LSE,GB0031215220,GBP,United Kingdom
CCP.L,CELTIC,LSE AIM,GB0004339189,GBP,United Kingdom
CCPA.L,CELTIC,LSE AIM,GB0004339296,GBP,United Kingdom
CCPC.L,CELTIC,LSE AIM,GB0030639925,GBP,United Kingdom
CCPE.L,CVC CREDIT PTNRS EUROPEAN OPPS LTD,LSE,JE00B9G79F59,GBP,United Kingdom
CCPG.L,CVC CREDIT PTNRS EUROPEAN OPPS LTD,LSE,JE00B9MRHZ51,GBP,United Kingdom
CCR.L,C&C GROUP,LSE,IE00B010DT83,GBP,United Kingdom
CCSL.L,CHENAVARI CAPITAL SOLUTIONS LTD,LSE,GG00BCHWW517,GBP,United Kingdom
CCT.L,CHARACTER GROUP,LSE AIM,GB0008976119,GBP,United Kingdom
CDFF.L,CARDIFF PROPERTY,LSE,GB0001754257,GBP,United Kingdom
CDI.L,CANDOVER INVESTMENTS,LSE,GB0001713154,GBP,United Kingdom
CDOG.L,CDIALOGUES PLC,LSE AIM,GB00BN40HL64,GBP,United Kingdom
CEBA.L,NATIONWIDE BUILDING SOCIETY,LSE,GB0033882084,GBP,United Kingdom
CEBB.L,NATIONWIDE BUILDING SOCIETY,LSE,GB0001918076,GBP,United Kingdom
CEPS.L,CEPS PLC,LSE AIM,GB00B86TNX04,GBP,United Kingdom
CER.L,CERILLION PLC,LSE AIM,GB00BYYX6C66,GBP,United Kingdom
CEY.L,CENTAMIN PLC,LSE,JE00B5TT1872,GBP,United Kingdom
CFX.L,COLEFAX GROUP,LSE AIM,GB0002090453,GBP,United Kingdom
CFYN.L,CAFFYNS,LSE,GB0001615219,GBP,United Kingdom
CGH.L,CHAARAT GOLD HLDGS LTD,LSE AIM,VGG203461055,GBP,United Kingdom
CGI.L,CANADIAN GENERAL INVESTMENTS,LSE,CA1358251074,GBP,United Kingdom
CGLO.L,CHAGALA GROUP LTD,LSE,VG1574371129,GBP,United Kingdom
CGNR.L,CONROY GOLD & NATURAL RESOURCES PLC,LSE AIM,IE00BZ4BTZ13,GBP,United Kingdom
CGP.L,COGENPOWER PLC,LSE AIM,GB00BYT56612,GBP,United Kingdom
CGS.L,CASTINGS,LSE,GB0001795680,GBP,United Kingdom
CGT.L,CAPITAL GEARING TRUST,LSE,GB0001738615,GBP,United Kingdom
CGW.L,CHELVERTON GROWTH TRUST,LSE,GB0002621349,GBP,United Kingdom
CHA.L,CONCHA PLC,LSE AIM,GB00B8Y82097,GBP,United Kingdom
CHAL.L,CHALLENGER ACQUISITIONS LTD,LSE,GG00BV0LCK35,GBP,United Kingdom
CHAR.L,CHARIOT OIL & GAS LTD,LSE AIM,GG00B2R9PM06,GBP,United Kingdom
CHE.L,CHERKIZOVO GROUP PJSC,LSE,US1641452032,GBP,United Kingdom
CHG.L,CHEMRING GROUP,LSE,GB00B45C9X44,GBP,United Kingdom
CHH.L,CHURCHILL CHINA,LSE AIM,GB0001961035,GBP,United Kingdom
CHL.L,CHURCHILL MINING PLC,LSE AIM,GB00B1318J18,GBP,United Kingdom
CHOC.L,UNITED CACAO LTD SEZC,LSE AIM,KYG9271M1078,GBP,United Kingdom
CHOO.L,JIMMY CHOO PLC,LSE,GB00BQPW6Y82,GBP,United Kingdom
CHRT.L,COHORT,LSE AIM,GB00B0YD2B94,GBP,United Kingdom
CHT.L,CONSTELLATION HEALTHCARE TECHNO INC,LSE AIM,USU210051004,GBP,United Kingdom
CHZN.L,CHELIABINSK ELEKTROLIT ZINK PLANT,LSE,US1635232028,GBP,United Kingdom
CIC.L,CONYGAR INVESTMENT CO(THE),LSE AIM,GB0033698720,GBP,United Kingdom
CICG.L,CIC GOLD GROUP LTD,LSE,SC0665AHDJ29,GBP,United Kingdom
CICZ.L,CONYGAR ZDP PLC,LSE,GB00BH4TCL65,GBP,United Kingdom
CIFU.L,CARADOR INCOME FUND PLC,LSE,IE00B3D60Z08,GBP,United Kingdom
CIHL.L,CARIBBEAN INV HLDGS LTD,LSE AIM,BZP211481049,GBP,United Kingdom
CIN.L,CITY OF LONDON GROUP,LSE AIM,GB0001991685,GBP,United Kingdom
CINE.L,CINEWORLD GROUP,LSE,GB00B15FWH70,GBP,United Kingdom
CIR.L,CIRCASSIA PHARMACEUTICALS PLC,LSE,GB00BJVD3B28,GBP,United Kingdom
CIRC.L,CIRCLE HLDGS PLC,LSE AIM,JE00B4V99J57,GBP,United Kingdom
CITY.L,CITYFIBRE INFRASTRUCTURE HLDGS PLC,LSE AIM,GB00BH581H10,GBP,United Kingdom
CIU.L,CAPE PLC,LSE,JE00B5SJJD95,GBP,United Kingdom
CKN.L,CLARKSON,LSE,GB0002018363,GBP,United Kingdom
CLC.L,CALCULUS VCT PLC,LSE,GB00B631ZQ22,GBP,United Kingdom
CLCC.L,CALCULUS VCT PLC,LSE,GB00B3RNDW55,GBP,United Kingdom
CLCD.L,CALCULUS VCT PLC,LSE,GB00BYQPF348,GBP,United Kingdom
CLDN.L,CALEDONIA INVESTMENTS,LSE,GB0001639920,GBP,United Kingdom
CLG.L,CLIPPER LOGISTICS PLC,LSE,GB00BMMV6B79,GBP,United Kingdom
CLI.L,CLS HLDGS,LSE,GB0001592475,GBP,United Kingdom
CLIG.L,CITY OF LONDON INVESTMENT GROUP,LSE,GB00B104RS51,GBP,United Kingdom
CLIN.L,CLINIGEN GROUP PLC,LSE AIM,GB00B89J2419,GBP,United Kingdom
CLL.L,CELLO GROUP,LSE AIM,GB00B0310763,GBP,United Kingdom
CLLN.L,CARILLION PLC,LSE,GB0007365546,GBP,United Kingdom
CLNR.L,CLUFF NATURAL RESOURCES PLC,LSE AIM,GB00B6SYKF01,GBP,United Kingdom
CLON.L,CLONTARF ENERGY PLC,LSE AIM,GB00B09WLX62,GBP,United Kingdom
CLP.L,CLEAR LEISURE PLC,LSE AIM,GB00B50P5B53,GBP,United Kingdom
CLSU.L,CLEARSTAR INC,LSE AIM,KYG2294M1134,GBP,United Kingdom
CLTV.L,CELLCAST GROUP,LSE AIM,GB00B0GWFM68,GBP,United Kingdom
CMB.L,CAMBRIA AFRICA PLC,LSE AIM,IM00B28CVH58,GBP,United Kingdom
CMBN.L,CAMBIAN GRP PLC,LSE,GB00BKXNB024,GBP,United Kingdom
CMCL.L,CALEDONIA MINING CORP PLC,LSE AIM,JE00BD35H902,GBP,United Kingdom
CMCX.L,CMC MARKETS,LSE,GB00B14SKR37,GBP,United Kingdom
CMFP.L,GO UCITS ETF SOLUTIONS PLC,LSE,IE00B4WPHX27,GBP,United Kingdom
CMH.L,CHAMBERLIN PLC,LSE AIM,GB0001870228,GBP,United Kingdom
CMHY.L,CITY MERCHANTS HIGH YIELD TRUST LTD,LSE,JE00B6RMDP68,GBP,United Kingdom
CML.L,CML MICROSYSTEMS,LSE,GB0001602944,GBP,United Kingdom
CMS.L,COMMUNISIS,LSE,GB0006683238,GBP,United Kingdom
CMX.L,CATALYST MEDIA GROUP,LSE AIM,GB00B282R334,GBP,United Kingdom
CNA.L,CENTRICA PLC,LSE,GB00B033F229,GBP,United Kingdom
CNC.L,CONCURRENT TECHNOLOGIES,LSE AIM,GB0002183191,GBP,United Kingdom
CNCT.L,CONNECT GROUP PLC,LSE,GB00B17WCR61,GBP,United Kingdom
CNE.L,CAIRN ENERGY PLC,LSE,GB00B74CDH82,GBP,United Kingdom
CNEL.L,CHINA NEW ENERGY LTD,LSE AIM,JE00B3RWLF12,GBP,United Kingdom
CNG.L,CHINA NONFERROUS GOLD LTD,LSE AIM,KYG215771042,GBP,United Kingdom
CNIC.L,CENTRALNIC GROUP PLC,LSE AIM,GB00BCCW4X83,GBP,United Kingdom
CNKS.L,CENKOS SECURITIES PLC,LSE AIM,GB00B1FLHR07,GBP,United Kingdom
CNMI.L,CAMPER & NICHOLSONS MARINA INV LTD,LSE AIM,GG00B1FCZR96,GBP,United Kingdom
CNN.L,CALEDONIAN TRUST,LSE AIM,GB0001628584,GBP,United Kingdom
CNR.L,CONDOR GOLD PLC,LSE AIM,GB00B8225591,GBP,United Kingdom
CNS.L,CORERO NETWORK SECURITY PLC,LSE AIM,GB00B54X0432,GBP,United Kingdom
COA.L,COATS GROUP PLC,LSE,GB00B4YZN328,GBP,United Kingdom
COB.L,COBHAM PLC,LSE,GB00B07KD360,GBP,United Kingdom
COD.L,SAINT-GOBAIN(COMPAGNIE DE),LSE,FR0000125007,GBP,United Kingdom
COG.L,CAMBRIDGE COGNITION HLDGS PLC,LSE AIM,GB00B8DV9647,GBP,United Kingdom
COM.L,COMPTOIR GROUP PLC,LSE AIM,GB00BYT1L205,GBP,United Kingdom
COMF.L,GO UCITS ETF SOLUTIONS PLC,LSE,IE00B4WPHX27,GBP,United Kingdom
CON.L,CONNEMARA MINING PLC,LSE AIM,IE00B2357X72,GBP,United Kingdom
COP.L,CIRCLE OIL,LSE AIM,IE00B034YN94,GBP,United Kingdom
COPL.L,CANADIAN OVERSEAS PETROLEUM LTD,LSE,CA13643D1078,GBP,United Kingdom
COR.L,CORETX HLDGS PLC,LSE AIM,GB00B4NJ4984,GBP,United Kingdom
COS.L,COLLAGEN SOLUTIONS PLC,LSE AIM,GB00B94T6Y14,GBP,United Kingdom
COST.L,COSTAIN GROUP,LSE,GB00B64NSP76,GBP,United Kingdom
CPG.L,COMPASS GROUP,LSE,GB00BLNN3L44,GBP,United Kingdom
CPI.L,CAPITA PLC,LSE,GB00B23K0M20,GBP,United Kingdom
CPP.L,CPPGROUP PLC,LSE AIM,GB00B5W55H93,GBP,United Kingdom
CPR.L,CARPETRIGHT,LSE,GB0001772945,GBP,United Kingdom
CPS.L,CPL RESOURCES,LSE AIM,IE0007214426,GBP,United Kingdom
CPT.L,CONCEPTA PLC,LSE AIM,GB00BYZ2R301,GBP,United Kingdom
CPX.L,CAP-XX,LSE AIM,AU0000XINAS1,GBP,United Kingdom
CRAW.L,CRAWSHAW GROUP PLC,LSE AIM,GB00B2PQMW21,GBP,United Kingdom
CRC.L,CIRCLE PROPERTY PLC,LSE AIM,JE00BYP0CK63,GBP,United Kingdom
CRDA.L,CRODA INTERNATIONAL PLC,LSE,GB00BYZWX769,GBP,United Kingdom
CRE.L,CRESTON PLC,LSE,GB0004440284,GBP,United Kingdom
CREI.L,CUSTODIAN REIT PLC,LSE,GB00BJFLFT45,GBP,United Kingdom
CRH.L,CRH,LSE,IE0001827041,GBP,United Kingdom
CRL.L,CREIGHTONS,LSE,GB0002341666,GBP,United Kingdom
CRN.L,CAIRN HOMES PLC,LSE,IE00BWY4ZF18,GBP,United Kingdom
CRND.L,CENTRAL RAND GOLD LTD,LSE AIM,GG00B92NXM24,GBP,United Kingdom
CRON.L,CRONIN GROUP PLC,LSE AIM,GB00B29YYY86,GBP,United Kingdom
CROS.L,CROSSRIDER LTD,LSE AIM,IM00BQ8NYV14,GBP,United Kingdom
CRPR.L,CROPPER(JAMES),LSE AIM,GB0002346053,GBP,United Kingdom
CRS.L,CRYSTAL AMBER FUND LTD,LSE AIM,GG00B1Z2SL48,GBP,United Kingdom
CRST.L,CREST NICHOLSON HLDGS  PLC,LSE,GB00B8VZXT93,GBP,United Kingdom
CRU.L,CORAL PRODUCTS,LSE AIM,GB0002235736,GBP,United Kingdom
CRV.L,CRAVEN HOUSE CAPITAL PLC,LSE AIM,GB00BD4FQ360,GBP,United Kingdom
CRW.L,CRANEWARE PLC,LSE AIM,GB00B2425G68,GBP,United Kingdom
CRWN.L,CROWN PLACE VCT,LSE,GB0002577434,GBP,United Kingdom
CRX.L,CYPROTEX PLC,LSE AIM,GB00BP25RZ14,GBP,United Kingdom
CSFG.L,CSF GROUP PLC,LSE AIM,JE00B61NN442,GBP,United Kingdom
CSG.L,SWEETT GROUP PLC,LSE AIM,GB00B23QD109,GBP,United Kingdom
CSN.L,CHESNARA,LSE,GB00B00FPT80,GBP,United Kingdom
CSP.L,COUNTRYSIDE PROPERTIES PLC,LSE,GB00BYPHNG03,GBP,United Kingdom
CSRT.L,CONSORT MEDICAL PLC,LSE,GB0000946276,GBP,United Kingdom
CSSG.L,CROMA SECURITY SOLUTIONS GROUP PLC,LSE AIM,GB00B5MJV178,GBP,United Kingdom
CTAG.L,CLOUDTAG INC,LSE AIM,KYG2215A1076,GBP,United Kingdom
CTG.L,CHRISTIE GROUP,LSE AIM,GB0001953156,GBP,United Kingdom
CTH.L,CARETECH HLDGS PLC,LSE AIM,GB00B0KWHQ09,GBP,United Kingdom
CTI.L,CATHAY INTERNATIONAL HLDGS LTD,LSE,BMG1965E1030,GBP,United Kingdom
CTO.L,CLARKE(T.),LSE,GB0002015021,GBP,United Kingdom
CTP.L,CASTLETON TECHNOLOGY PLC,LSE AIM,GB00BYV2WV72,GBP,United Kingdom
CTR.L,CHARLES TAYLOR PLC,LSE,GB0001883718,GBP,United Kingdom
CTY.L,CITY OF LONDON INVESTMENT TRUST,LSE,GB0001990497,GBP,United Kingdom
CTYA.L,CITY OF LONDON INVESTMENT TRUST,LSE,GB0001990836,GBP,United Kingdom
CVBP.L,COVENTRY BUILDING SOCIETY,LSE,GB0002290764,GBP,United Kingdom
CVR.L,CONVIVIALITY PLC,LSE AIM,GB00BC7H5F74,GBP,United Kingdom
CVSG.L,CVS GROUP PLC,LSE AIM,GB00B2863827,GBP,United Kingdom
CWD.L,COUNTRYWIDE PLC,LSE,GB00B9NWP991,GBP,United Kingdom
CWK.L,CRANSWICK,LSE,GB0002318888,GBP,United Kingdom
CWR.L,CERES POWER HLDGS,LSE AIM,GB00B0351429,GBP,United Kingdom
CYAN.L,CYAN HLDGS PLC,LSE AIM,GB00B0P66Q02,GBP,United Kingdom
CYBG.L,CYBG PLC,LSE,GB00BD6GN030,GBP,United Kingdom
CYN.L,CITY NATURAL RES HIGH YIELD TRT,LSE,GB0000353929,GBP,United Kingdom
CYS.L,CHRYSALIS VCT,LSE,GB0030348683,GBP,United Kingdom
CZA.L,COAL OF AFRICA LTD,LSE AIM,AU000000CZA6,GBP,United Kingdom
CZB.L,COMMERZBANK AG,LSE,DE000CBK1001,GBP,United Kingdom
D467.L,DOWNING FOUR VCT PLC,LSE,GB00BWX53D91,GBP,United Kingdom
D4LC.L,DOWNING FOUR VCT PLC,LSE,GB00BWX53953,GBP,United Kingdom
D4OA.L,DOWNING FOUR VCT PLC,LSE,GB00BWX53730,GBP,United Kingdom
D4OO.L,DOWNING FOUR VCT PLC,LSE,GB00BWX53847,GBP,United Kingdom
D4SA.L,DOWNING FOUR VCT PLC,LSE,GB00BWX53C84,GBP,United Kingdom
D4SO.L,DOWNING FOUR VCT PLC,LSE,GB00BWX53B77,GBP,United Kingdom
D4T4.L,D4T4 SOLUTIONS PLC,LSE AIM,GB0001351955,GBP,United Kingdom
DAL.L,DALATA HOTEL GROUP PLC,LSE,IE00BJMZDW83,GBP,United Kingdom
DALR.L,DALRADIAN RESOURCES INC,LSE AIM,CA2354991002,GBP,United Kingdom
DAR.L,DORCASTER PLC,LSE AIM,GB00BDB79J29,GBP,United Kingdom
DAT.L,DATANG INTL POWER GENERATION,LSE,CNE1000002Z3,GBP,United Kingdom
DATA.L,GLOBALDATA PLC,LSE AIM,GB00B87ZTG26,GBP,United Kingdom
DC.L,DIXONS CARPHONE PLC,LSE,GB00B4Y7R145,GBP,United Kingdom
DCC.L,DCC,LSE,IE0002424939,GBP,United Kingdom
DCD.L,DCD MEDIA PLC,LSE AIM,GB00BBD7QB75,GBP,United Kingdom
DCG.L,DAIRY CREST GROUP,LSE,GB0002502812,GBP,United Kingdom
DCI.L,DOLPHIN CAPITAL INVESTORS,LSE AIM,VGG2803G1028,GBP,United Kingdom
DCP.L,DIAMONDCORP PLC,LSE AIM,GB00B183ZC46,GBP,United Kingdom
DCTA.L,DIRECTA PLUS PLC,LSE AIM,GB00BSM98843,GBP,United Kingdom
DDDD.L,4D PHARMA PLC,LSE AIM,GB00BJL5BR07,GBP,United Kingdom
DDV1.L,DOWNING ONE VCT PLC,LSE,GB00BFRSVQ41,GBP,United Kingdom
DEB.L,DEBENHAMS PLC,LSE,GB00B126KH97,GBP,United Kingdom
DEL2.L,GO UCITS ETF SOLUTIONS PLC,LSE,IE00B4QNHH68,GBP,United Kingdom
DEMG.L,DELTEX MEDICAL GROUP,LSE AIM,GB0059337583,GBP,United Kingdom
DEPS.L,DEPA LTD,LSE,US2495082016,GBP,United Kingdom
DES2.L,GO UCITS ETF SOLUTIONS PLC,LSE,IE00B4QNHZ41,GBP,United Kingdom
DFI.L,DAIRY FARM INTERNATIONAL HLDGS,LSE,BMG2624N1535,GBP,United Kingdom
DFIB.L,DAIRY FARM INTERNATIONAL HLDGS,LSE,BMG2624N1535,GBP,United Kingdom
DFIJ.L,DAIRY FARM INTERNATIONAL HLDGS,LSE,BMG2624N1535,GBP,United Kingdom
DFS.L,DFS FURNITURE PLC,LSE,GB00BTC0LB89,GBP,United Kingdom
DFX.L,DEFENX PLC,LSE AIM,GB00BYNF4J61,GBP,United Kingdom
DGB.L,DIGITAL BARRIERS LTD,LSE AIM,GB00B627R876,GBP,United Kingdom
DGE.L,DIAGEO,LSE,GB0002374006,GBP,United Kingdom
DGS.L,DIGITAL GLOBE SERVICES LTD,LSE AIM,BMG2870A1036,GBP,United Kingdom
DIA.L,DIALIGHT,LSE,GB0033057794,GBP,United Kingdom
DIG.L,DUNEDIN INCOME GROWTH INVEST TRUST,LSE,GB0003406096,GBP,United Kingdom
DIGS.L,GCP STUDENT LIVING PLC,LSE,GB00B8460Z43,GBP,United Kingdom
DIL2.L,DAMILLE INVESTMENTS II LTD,LSE,GG00B7617Z91,GBP,United Kingdom
DIS.L,DISTIL PLC,LSE AIM,GB0030164023,GBP,United Kingdom
DIVI.L,DIVERSE INCOME TRUST PLC(THE),LSE,GB00B65TLW28,GBP,United Kingdom
DJAN.L,DAEJAN HLDGS,LSE,GB0002502036,GBP,United Kingdom
DJI.L,DJI HLDGS PLC,LSE AIM,GB00BNBNSF91,GBP,United Kingdom
DKL.L,DEKELOIL PUBLIC LTD,LSE AIM,CY0106502111,GBP,United Kingdom
DL2P.L,GO UCITS ETF SOLUTIONS PLC,LSE,IE00B4QNHH68,GBP,United Kingdom
DLAR.L,DE LA RUE,LSE,GB00B3DGH821,GBP,United Kingdom
DLG.L,DIRECT LINE INSURANCE GROUP PLC,LSE,GB00BY9D0Y18,GBP,United Kingdom
DLN.L,DERWENT LONDON PLC,LSE,GB0002652740,GBP,United Kingdom
DMGT.L,DAILY MAIL & GENERAL TRUST,LSE,GB0009457366,GBP,United Kingdom
DNA.L,DORIC NIMROD AIR ONE LTD,LSE,GG00B4MF3899,GBP,United Kingdom
DNA2.L,DORIC NIMROD AIR TWO LTD,LSE,GG00B3Z62522,GBP,United Kingdom
DNA3.L,DORIC NIMROD AIR THREE LTD,LSE,GG00B92LHN58,GBP,United Kingdom
DNDL.L,DUNEDIN SMALLER COS INVMT TST PLC,LSE,GB00B1GCL258,GBP,United Kingdom
DNE.L,DUNEDIN ENTERPRISE INVESTMENT TRUST,LSE,GB0005776561,GBP,United Kingdom
DNL.L,DIURNAL GROUP PLC,LSE AIM,GB00BDB6Q760,GBP,United Kingdom
DNLM.L,DUNELM GROUP PLC,LSE,GB00B1CKQ739,GBP,United Kingdom
DO1B.L,DOWNING FOUR VCT PLC,LSE,GB00B4MGR241,GBP,United Kingdom
DO1C.L,DOWNING FOUR VCT PLC,LSE,GB00B4MCHT95,GBP,United Kingdom
DO1D.L,DOWNING FOUR VCT PLC,LSE,GB00B6QPQ463,GBP,United Kingdom
DODS.L,DODS GROUP PLC,LSE AIM,GB0031129579,GBP,United Kingdom
DOM.L,DOMINO'S PIZZA GROUP PLC,LSE,GB00BYN59130,GBP,United Kingdom
DOTD.L,DOTDIGITAL GROUP PLC,LSE AIM,GB00B3W40C23,GBP,United Kingdom
DP2A.L,DOWNING TWO VCT PLC,LSE,GB00B3D74M80,GBP,United Kingdom
DP2C.L,DOWNING TWO VCT PLC,LSE,GB00B3D74S43,GBP,United Kingdom
DP2D.L,DOWNING TWO VCT PLC,LSE,GB00B4VR3D16,GBP,United Kingdom
DP2E.L,DOWNING TWO VCT PLC,LSE,GB00B4TLF407,GBP,United Kingdom
DP2F.L,DOWNING TWO VCT PLC,LSE,GB00B6ZS0J90,GBP,United Kingdom
DP2G.L,DOWNING TWO VCT PLC,LSE,GB00B8Y7CS47,GBP,United Kingdom
DP2K.L,DOWNING TWO VCT PLC,LSE,GB00BZ6CSD33,GBP,United Kingdom
DP3A.L,DOWNING THREE VCT PLC,LSE,GB00B3D74T59,GBP,United Kingdom
DP3C.L,DOWNING THREE VCT PLC,LSE,GB00B3D75146,GBP,United Kingdom
DP3D.L,DOWNING THREE VCT PLC,LSE,GB00B4V7FP75,GBP,United Kingdom
DP3E.L,DOWNING THREE VCT PLC,LSE,GB00B4VZ1D11,GBP,United Kingdom
DP3F.L,DOWNING THREE VCT PLC,LSE,GB00B6ZS1P26,GBP,United Kingdom
DP3H.L,DOWNING THREE VCT PLC,LSE,GB00BH7Y7B35,GBP,United Kingdom
DP3J.L,DOWNING THREE VCT PLC,LSE,GB00BSTK6426,GBP,United Kingdom
DPA.L,DP AIRCRAFT I LTD,LSE,GG00BBP6HP33,GBP,United Kingdom
DPH.L,DECHRA PHARMACEUTICALS,LSE,GB0009633180,GBP,United Kingdom
DPLM.L,DIPLOMA,LSE,GB0001826634,GBP,United Kingdom
DPP.L,DP POLAND PLC,LSE AIM,GB00B3Q74M51,GBP,United Kingdom
DREF.L,DUET REAL ESTATE FINANCE LTD,LSE,GG00B628S547,GBP,United Kingdom
DRG.L,DRAGANFLY INVESTMENTS,LSE AIM,JE00BSJX1352,GBP,United Kingdom
DRIP.L,DRUM INCOME PLUS REIT PLC,LSE,GB00BW4NWS02,GBP,United Kingdom
DRS.L,DRS DATA & RESEARCH SERVICES,LSE,GB0002502580,GBP,United Kingdom
DRV.L,DRIVER GROUP,LSE AIM,GB00B0L9C092,GBP,United Kingdom
DRX.L,DRAX GROUP,LSE,GB00B1VNSX38,GBP,United Kingdom
DS2P.L,GO UCITS ETF SOLUTIONS PLC,LSE,IE00B4QNHZ41,GBP,United Kingdom
DSG.L,DILLISTONE GROUP,LSE AIM,GB00B13QQB40,GBP,United Kingdom
DTC.L,DATATEC,LSE AIM,ZAE000017745,GBP,United Kingdom
DTG.L,DART GROUP PLC,LSE AIM,GB00B1722W11,GBP,United Kingdom
DTY.L,DIGNITY PLC,LSE,GB00BRB37M78,GBP,United Kingdom
DUKE.L,DUKE ROYALTY LTD,LSE AIM,GG00BYZSSY63,GBP,United Kingdom
DUPD.L,DRAGON-UKRAINIAN PROPERTIES&DEVLPMT,LSE AIM,IM00B1XH2B90,GBP,United Kingdom
DVO.L,DEVRO,LSE,GB0002670437,GBP,United Kingdom
DVT.L,DAVICTUS PLC,LSE,JE00BYY5RQ34,GBP,United Kingdom
DVW.L,DEE VALLEY GROUP,LSE,GB0031798449,GBP,United Kingdom
DVWA.L,DEE VALLEY GROUP,LSE,GB0031801367,GBP,United Kingdom
DWCG.L,DW CATALYST LTD,LSE,GG00B4XV9331,GBP,United Kingdom
DWHA.L,DEWHURST,LSE AIM,GB0002675261,GBP,United Kingdom
DWHT.L,DEWHURST,LSE AIM,GB0002675048,GBP,United Kingdom
DX.L,DX (GROUP) PLC,LSE AIM,GB00BJTCG679,GBP,United Kingdom
E2V.L,E2V TECHNOLOGIES,LSE,GB00B01DW905,GBP,United Kingdom
EAH.L,ECO ANIMAL HEALTH GROUP PLC,LSE AIM,GB0032036807,GBP,United Kingdom
EAST.L,EASTPHARMA LTD,LSE,US27778Q2049,GBP,United Kingdom
EAT.L,EUROPEAN ASSETS TRUST NV,LSE,NL0000226090,GBP,United Kingdom
EBQ.L,EBIQUITY PLC,LSE AIM,GB0004126057,GBP,United Kingdom
ECEL.L,EUROCELL PLC,LSE,GB00BVV2KN49,GBP,United Kingdom
ECK.L,ECKOH PLC,LSE AIM,GB0033359141,GBP,United Kingdom
ECM.L,ELECTROCOMPONENTS,LSE,GB0003096442,GBP,United Kingdom
ECR.L,ECR MINERALS PLC,LSE AIM,GB00B0P4LQ95,GBP,United Kingdom
ECWO.L,ECOFIN WATER & POWER OPPORTUNITIES,LSE,GB00B09LK252,GBP,United Kingdom
EDEN.L,EDEN RESEARCH,LSE AIM,GB0001646941,GBP,United Kingdom
EDGC.L,EDGE PERFORMANCE VCT PLC,LSE,GB00B1GJYK55,GBP,United Kingdom
EDGD.L,EDGE PERFORMANCE VCT PLC,LSE,GB00B28M6V44,GBP,United Kingdom
EDGE.L,EDGE PERFORMANCE VCT PLC,LSE,GB00B00DDX23,GBP,United Kingdom
EDGF.L,EDGE PERFORMANCE VCT PLC,LSE,GB00B560SW69,GBP,United Kingdom
EDGG.L,EDGE PERFORMANCE VCT PLC,LSE,GB00B4LQCP32,GBP,United Kingdom
EDGH.L,EDGE PERFORMANCE VCT PLC,LSE,GB00B44VMB16,GBP,United Kingdom
EDGI.L,EDGE PERFORMANCE VCT PLC,LSE,GB00B5B6VC05,GBP,United Kingdom
EDIN.L,EDINBURGH INVESTMENT TRUST,LSE,GB0003052338,GBP,United Kingdom
EDL.L,EDENVILLE ENERGY PLC,LSE AIM,GB00BD0S4T13,GBP,United Kingdom
EDP.L,ELECTRONIC DATA PROCESSING PLC,LSE,GB0003101523,GBP,United Kingdom
EDR.L,EGDON RESOURCES PLC,LSE AIM,GB00B28YML29,GBP,United Kingdom
EDV.L,ELDERSTREET VCT,LSE,GB0002867140,GBP,United Kingdom
EEP.L,EASTERN EUROPEAN PROPERTY FUND,LSE AIM,GB00B0XQ3R24,GBP,United Kingdom
EFGD.L,EFG HERMES HLDGS,LSE,US2684254020,GBP,United Kingdom
EFID.L,EDITA FOOD INDUSTRIES SAE,LSE,US28106T2096,GBP,United Kingdom
EFM.L,EDINBURGH DRAGON TRUST,LSE,GB0002945029,GBP,United Kingdom
EGIC.L,ELECTRICAL GEODESICS INC,LSE AIM,US28501X2018,GBP,United Kingdom
EGS.L,EG SOLUTIONS PLC,LSE AIM,GB00B07XR777,GBP,United Kingdom
EHG.L,ELEGANT HOTELS GROUP PLC,LSE AIM,GB00BWXSNY91,GBP,United Kingdom
EIH.L,EIH PLC,LSE AIM,IM00B1HYQW54,GBP,United Kingdom
EIHD.L,EIH,LSE,US2685252015,GBP,United Kingdom
EKF.L,EKF DIAGNOSTICS HOLDINGS PLC,LSE AIM,GB0031509804,GBP,United Kingdom
EKT.L,ELEKTRON TECHNOLOGY PLC,LSE AIM,GB00B0C5RG72,GBP,United Kingdom
ELA.L,ELAND OIL & GAS PLC,LSE AIM,GB00B8HHWX64,GBP,United Kingdom
ELCO.L,ELECOSOFT PLC,LSE AIM,GB0003081246,GBP,United Kingdom
ELE.L,ELECTRIC WORD,LSE AIM,GB0003083622,GBP,United Kingdom
ELLA.L,ECCLESIASTICAL INSURANCE OFFICE,LSE,GB0003035382,GBP,United Kingdom
ELM.L,ELEMENTIS,LSE,GB0002418548,GBP,United Kingdom
ELSA.L,SOCIETATEA ENERGETICA ELECTRICA SA,LSE,US83367Y2072,GBP,United Kingdom
ELTA.L,ELECTRA PRIVATE EQUITY,LSE,GB0003085445,GBP,United Kingdom
EMAN.L,EVERYMAN MEDIA GROUP PLC,LSE AIM,GB00BFH55S51,GBP,United Kingdom
EME.L,EMPYREAN ENERGY,LSE AIM,GB00B09G2351,GBP,United Kingdom
EMG.L,MAN GROUP PLC,LSE,GB00B83VD954,GBP,United Kingdom
EMH.L,EUROPEAN METALS HLDGS LTD,LSE AIM,VGG3191T1021,GBP,United Kingdom
EMIS.L,EMIS GROUP PLC,LSE AIM,GB00B61D1Y04,GBP,United Kingdom
EMM.L,EMERGING MARKET MINERALS PLC,LSE AIM,GB00B3CMRN66,GBP,United Kingdom
EMR.L,EMPRESARIA GROUP PLC,LSE AIM,GB00B0358N07,GBP,United Kingdom
ENDV.L,ENDEAVOUR INTL CORP,LSE,US29259G2003,GBP,United Kingdom
ENGI.L,ENERGISER INVESTMENTS PLC,LSE AIM,GB00B06CZD75,GBP,United Kingdom
ENQ.L,ENQUEST PLC,LSE,GB00B635TG28,GBP,United Kingdom
ENTU.L,ENTU (UK) LTD,LSE AIM,GB00BQXKYQ29,GBP,United Kingdom
EOG.L,EUROPA OIL & GAS(HLDGS),LSE AIM,GB00B03CJS30,GBP,United Kingdom
EPG.L,EP GLOBAL OPPORTUNITIES TRUST,LSE,GB0033862573,GBP,United Kingdom
EPIC.L,EDISTON PPTY INV CO PLC,LSE,GB00BNGMZB68,GBP,United Kingdom
EPO.L,EARTHPORT PLC,LSE AIM,GB00B0DFPF10,GBP,United Kingdom
EPWN.L,EPWIN GROUP PLC,LSE AIM,GB00BNGY4Y86,GBP,United Kingdom
EQN.L,EQUINITI GROUP PLC,LSE,GB00BYWWHR75,GBP,United Kingdom
ERET.L,EUROPEAN REAL ESTATE INVMT TR LTD,LSE,GG00BDCSC847,GBP,United Kingdom
ERGO.L,ERGOMED PLC,LSE AIM,GB00BN7ZCY67,GBP,United Kingdom
ERM.L,EUROMONEY INSTITUTIONAL INVESTOR,LSE,GB0006886666,GBP,United Kingdom
ESCH.L,ESCHER GROUP HLDGS PLC,LSE AIM,IE00B6SKRB38,GBP,United Kingdom
ESG.L,ESERVGLOBAL,LSE AIM,AU000000ESV3,GBP,United Kingdom
ESNT.L,ESSENTRA PLC,LSE,GB00B0744359,GBP,United Kingdom
ESO.L,EPE SPECIAL OPPORTUNITIES PLC,LSE AIM,IM00B4JV7H77,GBP,United Kingdom
ESP.L,EMPIRIC STUDENT PROP PLC,LSE,GB00BLWDVR75,GBP,United Kingdom
ESR.L,ENSOR HLDGS,LSE AIM,GB0003186409,GBP,United Kingdom
ESUR.L,ESURE GROUP PLC,LSE,GB00B8KJH563,GBP,United Kingdom
ET.L,ESTABLISHMENT INVESTMENT TRUST PLC,LSE,GB0031336919,GBP,United Kingdom
ETI.L,ENTERPRISE INNS,LSE,GB00B1L8B624,GBP,United Kingdom
ETLN.L,ETALON GROUP LTD,LSE,US29760G1031,GBP,United Kingdom
ETO.L,ENTERTAINMENT ONE LTD,LSE,CA29382B1022,GBP,United Kingdom
ETX.L,E-THERAPEUTICS PLC,LSE AIM,GB00B2823H99,GBP,United Kingdom
EUA.L,EURASIA MINING,LSE AIM,GB0003230421,GBP,United Kingdom
EUSP.L,EU SUPPLY PLC,LSE AIM,GB00BFG35570,GBP,United Kingdom
EUT.L,EUROPEAN INVESTMENT TRUST PLC(THE),LSE,GB0003295010,GBP,United Kingdom
EVG.L,EVGEN PHARMA PLC,LSE AIM,GB00BSVYN304,GBP,United Kingdom
EVR.L,EVRAZ PLC,LSE,GB00B71N6K86,GBP,United Kingdom
EVRH.L,EVR HLDGS PLC,LSE AIM,GB00BD2YHN21,GBP,United Kingdom
EWG.L,EUROPEAN WEALTH GROUP LTD,LSE AIM,GG00BKY4K072,GBP,United Kingdom
EWGL.L,EUROPEAN WEALTH GROUP LTD,LSE AIM,GG00BKY4JY43,GBP,United Kingdom
EWI.L,EDINBURGH WORLDWIDE INVESTMENT TST,LSE,GB0002916335,GBP,United Kingdom
EXI.L,EXILLON ENERGY PLC,LSE,IM00B58FMW76,GBP,United Kingdom
EXO.L,EXOVA GRP PLC,LSE,GB00BKY7HG11,GBP,United Kingdom
EXPN.L,EXPERIAN PLC,LSE,GB00B19NLV48,GBP,United Kingdom
EYE.L,EAGLE EYE SOLUTIONS LTD,LSE AIM,GB00BKF1YD83,GBP,United Kingdom
EZH.L,EASYHOTEL PLC,LSE AIM,GB00BN56KF84,GBP,United Kingdom
EZJ.L,EASYJET,LSE,GB00B7KR2P84,GBP,United Kingdom
FAIR.L,FAIR OAKS INCOME FUND LTD,LSE,GG00BMBN1D14,GBP,United Kingdom
FAL.L,FALCON ACQUISITIONS LTD,LSE,GG00BYTLL975,GBP,United Kingdom
FAM.L,FINNAUST MINING PLC,LSE AIM,GB00BFD3VF20,GBP,United Kingdom
FAN.L,VOLUTION GROUP PLC,LSE,GB00BN3ZZ526,GBP,United Kingdom
FARN.L,FARON PHARMACEUTICALS OY,LSE AIM,FI4000153309,GBP,United Kingdom
FAS.L,FIDELITY ASIAN VALUES,LSE,GB0003322319,GBP,United Kingdom
FBDU.L,FLYING BRANDS,LSE,GB0003437059,GBP,United Kingdom
FBH.L,F.B.D.HLDGS,LSE,IE0003290289,GBP,United Kingdom
FBKD.L,FINANSBANK,LSE,US31770N4097,GBP,United Kingdom
FBT.L,FORBIDDEN TECHNOLOGIES,LSE AIM,GB0004740477,GBP,United Kingdom
FCCN.L,FRENCH CONNECTION GROUP,LSE,GB0033764746,GBP,United Kingdom
FCI.L,F&C CAPITAL & INCOME INV TST,LSE,GB0003463287,GBP,United Kingdom
FCIF.L,FUNDING CIRCLE SME INCOME FUND LTD,LSE,GG00BYYJCZ96,GBP,United Kingdom
FCPT.L,F&C COMMERCIAL PROPERTY TRUST LD,LSE,GG00B4ZPCJ00,GBP,United Kingdom
FCR.L,FERRUM CRESCENT LTD,LSE AIM,AU000000FCR2,GBP,United Kingdom
FCRE.L,F&C UK REAL ESTATE INVESTMENTS LTD,LSE,GB00B012T521,GBP,United Kingdom
FCRM.L,FULCRUM UTILITY SERVICES LD,LSE AIM,KYG368851047,GBP,United Kingdom
FCS.L,F&C GLOBAL SMALLER COMPANIES,LSE,GB0000175058,GBP,United Kingdom
FCSS.L,FIDELITY CHINA SPECIAL SITUATIONS,LSE,GB00B62Z3C74,GBP,United Kingdom
FDBK.L,FEEDBACK,LSE AIM,GB0003340550,GBP,United Kingdom
FDEV.L,FRONTIER DEVELOPMENTS PLC,LSE AIM,GB00BBT32N39,GBP,United Kingdom
FDI.L,FIRESTONE DIAMONDS,LSE AIM,GB00BKX59Y86,GBP,United Kingdom
FDL.L,FINDEL,LSE,GB00B8B4R053,GBP,United Kingdom
FDM.L,FDM GROUP PLC,LSE,GB00BLWDVP51,GBP,United Kingdom
FDP.L,FIRST DERIVATIVES PLC,LSE AIM,GB0031477770,GBP,United Kingdom
FDSA.L,FIDESSA GROUP PLC,LSE,GB0007590234,GBP,United Kingdom
FEEA.L,FEDERAL GRID CO UNI ENERGY SYS PJSC,LSE,US3133541025,GBP,United Kingdom
FEET.L,FUNDSMITH EMERGING EQUITIES TR PLC,LSE,GB00BLSNND18,GBP,United Kingdom
FEN.L,FRENKEL TOPPING GROUP,LSE AIM,GB00B01YXQ71,GBP,United Kingdom
FENR.L,FENNER PLC,LSE,GB0003345054,GBP,United Kingdom
FEV.L,FIDELITY EUROPEAN VALUES,LSE,GB00BK1PKQ95,GBP,United Kingdom
FEVR.L,FEVERTREE DRINKS PLC,LSE AIM,GB00BRJ9BJ26,GBP,United Kingdom
FFWD.L,FASTFORWARD INNOVATIONS LTD,LSE AIM,GG00BRK9BQ81,GBP,United Kingdom
FFX.L,FAIRFX GROUP PLC,LSE AIM,GB00BLS0XX25,GBP,United Kingdom
FFY.L,FYFFES,LSE AIM,IE0003295239,GBP,United Kingdom
FGP.L,FIRSTGROUP,LSE,GB0003452173,GBP,United Kingdom
FGT.L,FINSBURY GROWTH & INCOME TRUST,LSE,GB0007816068,GBP,United Kingdom
FIF.L,FINSBURY FOOD GROUP,LSE AIM,GB0009186429,GBP,United Kingdom
FIPP.L,FRONTIER IP GROUP PLC,LSE AIM,GB00B63PS212,GBP,United Kingdom
FISH.L,FISHING REPUBLIC PLC,LSE AIM,GB00BY7RY763,GBP,United Kingdom
FITB.L,FITBUG HLDGS PLC,LSE AIM,GB00B57JBH88,GBP,United Kingdom
FIVE.L,X5 RETAIL GROUP N.V,LSE,US98387E2054,GBP,United Kingdom
FJET.L,FASTJET PLC,LSE AIM,GB00BWGCH354,GBP,United Kingdom
FJV.L,FIDELITY JAPANESE VALUES,LSE,GB0003328555,GBP,United Kingdom
FJVS.L,FIDELITY JAPANESE VALUES,LSE,GB00BLY2CK21,GBP,United Kingdom
FKE.L,FISKE,LSE AIM,GB0003353157,GBP,United Kingdom
FKL.L,FALKLAND ISLANDS HLDGS,LSE AIM,GB00BD0CWJ91,GBP,United Kingdom
FLK.L,FLETCHER KING,LSE AIM,GB0003425310,GBP,United Kingdom
FLO.L,FLOWTECH FLUIDPOWER PLC,LSE AIM,GB00BM4NR742,GBP,United Kingdom
FLOW.L,FLOWGROUP PLC,LSE AIM,GB00B19H7076,GBP,United Kingdom
FLX.L,FALANX GROUP LTD,LSE AIM,VGG3338A1075,GBP,United Kingdom
FLYB.L,FLYBE GROUP PLC,LSE,GB00B4QMVR10,GBP,United Kingdom
FMPG.L,F&C MANAGED PORTFOLIO TRUST PLC,LSE,GB00B2PP2527,GBP,United Kingdom
FMPI.L,F&C MANAGED PORTFOLIO TRUST PLC,LSE,GB00B2PP3J36,GBP,United Kingdom
FOG.L,FALCON OIL & GAS,LSE AIM,CA3060711015,GBP,United Kingdom
FORT.L,FORTERRA PLC,LSE,GB00BYYW3C20,GBP,United Kingdom
FOUR.L,4IMPRINT GROUP PLC,LSE,GB0006640972,GBP,United Kingdom
FOX.L,FOX MARBLE HLDGS PLC,LSE AIM,GB00B7LGG306,GBP,United Kingdom
FOXT.L,FOXTONS GROUP PLC,LSE,GB00BCKFY513,GBP,United Kingdom
FPEO.L,F&C PRIVATE EQUITY TRUST,LSE,GB0030738271,GBP,United Kingdom
FPM.L,FAROE PETROLEUM PLC,LSE AIM,GB0033032904,GBP,United Kingdom
FPO.L,FIRST PROPERTY GROUP,LSE AIM,GB0004109889,GBP,United Kingdom
FRAN.L,FRANCHISE BRANDS PLC,LSE AIM,GB00BD6P7Y24,GBP,United Kingdom
FRCL.L,FOREIGN & COL INVESTM TRUST,LSE,GB0003466074,GBP,United Kingdom
FRES.L,FRESNILLO PLC,LSE,GB00B2QPKJ12,GBP,United Kingdom
FRM.L,FORMATION GROUP PLC,LSE AIM,GB0030432735,GBP,United Kingdom
FRP.L,FAIRPOINT GROUP PLC,LSE AIM,GB0032360280,GBP,United Kingdom
FRR.L,FRONTERA RESOURCES CORP,LSE AIM,KYG368131069,GBP,United Kingdom
FRUT.L,FRUTAROM INDUSTRIES,LSE,US35950R2058,GBP,United Kingdom
FSFL.L,FORESIGHT SOLAR FUND LTD,LSE,JE00BD3QJR55,GBP,United Kingdom
FSJ.L,FISHER(JAMES)& SONS PLC,LSE,GB0003395000,GBP,United Kingdom
FSTA.L,FULLER SMITH & TURNER,LSE,GB00B1YPC344,GBP,United Kingdom
FSV.L,FIDELITY SPECIAL VALUES,LSE,GB00BWXC7Y93,GBP,United Kingdom
FTC.L,FILTRONIC,LSE AIM,GB0003362992,GBP,United Kingdom
FTD.L,FORESIGHT 3 VCT,LSE,GB00B3QF3772,GBP,United Kingdom
FTF.L,FORESIGHT 4 VCT,LSE,GB00B07YBS95,GBP,United Kingdom
FTSC.L,FORESIGHT SOLAR & INFRA VCT,LSE,GB00B8B31886,GBP,United Kingdom
FTSD.L,FORESIGHT SOLAR & INFRA VCT,LSE,GB00BYQ06Y75,GBP,United Kingdom
FTSV.L,FORESIGHT SOLAR & INFRA VCT,LSE,GB00B640GZ49,GBP,United Kingdom
FTV.L,FORESIGHT VCT PLC,LSE,GB00B68K3716,GBP,United Kingdom
FTVI.L,FORESIGHT VCT PLC,LSE,GB00B45M5X62,GBP,United Kingdom
FTVP.L,FORESIGHT VCT PLC,LSE,GB00B61K7Y37,GBP,United Kingdom
FUL.L,FULHAM SHORE PLC(THE),LSE AIM,GB00B9F8VG44,GBP,United Kingdom
FUM.L,FUTURA MEDICAL,LSE AIM,GB0033278473,GBP,United Kingdom
FUTR.L,FUTURE,LSE,GB0007239980,GBP,United Kingdom
FXI.L,FUSIONEX INTERNATIONAL PLC,LSE AIM,JE00B8BL8C53,GBP,United Kingdom
FXPO.L,FERREXPO PLC,LSE,GB00B1XH2C03,GBP,United Kingdom
G4M.L,GEAR 4 MUSIC (HLDGS) LTD,LSE AIM,GB00BW9PJQ87,GBP,United Kingdom
GACA.L,GENERAL ACCIDENT PLC,LSE,GB0003692737,GBP,United Kingdom
GACB.L,GENERAL ACCIDENT PLC,LSE,GB0003692513,GBP,United Kingdom
GAH.L,GABLE HLDGS INC,LSE AIM,KYG3705F1019,GBP,United Kingdom
GAL.L,GALANTAS GOLD CORP,LSE AIM,CA36315W2022,GBP,United Kingdom
GAMA.L,GAMMA COMMUNICATIONS PLC,LSE AIM,GB00BQS10J50,GBP,United Kingdom
GAN.L,GAN PLC,LSE AIM,GB00BGCC6189,GBP,United Kingdom
GAW.L,GAMES WORKSHOP GROUP,LSE,GB0003718474,GBP,United Kingdom
GBG.L,GB GROUP,LSE AIM,GB0006870611,GBP,United Kingdom
GBGR.L,GOLDBRIDGES GLOBAL RESOURCES PLC,LSE,GB00B015PT76,GBP,United Kingdom
GBP.L,GLOBAL PETROLEUM,LSE AIM,AU000000GBP6,GBP,United Kingdom
GBS.L,GOLD BULLION SECURITIES LIMITED,LSE,GB00B00FHZ82,GBP,United Kingdom
GCLA.L,GRUPO CLARIN SA,LSE,US40052A2096,GBP,United Kingdom
GCM.L,GCM RESOURCES PLC,LSE AIM,GB00B00KV284,GBP,United Kingdom
GCP.L,GCP INFRASTRUCTURE INVESTMENTS LTD,LSE,JE00B6173J15,GBP,United Kingdom
GDG.L,GREEN DRAGON GAS LTD,LSE,KYG409381053,GBP,United Kingdom
GDL.L,GREKA DRILLING LTD,LSE AIM,KYG411101002,GBP,United Kingdom
GDP.L,GOLDPLAT PLC,LSE AIM,GB00B0HCWM45,GBP,United Kingdom
GDR.L,GENEDRIVE PLC,LSE AIM,GB00B1VKB244,GBP,United Kingdom
GDWN.L,GOODWIN,LSE,GB0003781050,GBP,United Kingdom
GEC.L,GENERAL ELECTRIC CO.,LSE,US3696041033,GBP,United Kingdom
GED.L,GLOBAL ENERGY DEVELOPMENT,LSE AIM,GB0031461949,GBP,United Kingdom
GEEC.L,GREAT EASTERN ENERGY CORP,LSE,US39032T1060,GBP,United Kingdom
GEM.L,GEMFIELDS PLC,LSE AIM,GB00B0HX1083,GBP,United Kingdom
GEMD.L,GEM DIAMONDS LTD,LSE,VGG379591065,GBP,United Kingdom
GENL.L,GENEL ENERGY PLC,LSE,JE00B55Q3P39,GBP,United Kingdom
GFIN.L,GFINITY PLC,LSE AIM,GB00BT9QD572,GBP,United Kingdom
GFM.L,GRIFFIN MINING,LSE AIM,BMG319201049,GBP,United Kingdom
GFRD.L,GALLIFORD TRY PLC,LSE,GB00B3Y2J508,GBP,United Kingdom
GFS.L,G4S PLC,LSE,GB00B01FLG62,GBP,United Kingdom
GFTU.L,GRAFTON GROUP,LSE,IE00B00MZ448,GBP,United Kingdom
GGP.L,GREATLAND GOLD PLC,LSE AIM,GB00B15XDH89,GBP,United Kingdom
GHE.L,GRESHAM HOUSE,LSE AIM,GB0003887287,GBP,United Kingdom
GHEW.L,GRESHAM HOUSE,LSE AIM,GB00BPYP3515,GBP,United Kingdom
GHG.L,GEORGIA HEALTHCARE GROUP PLC,LSE,GB00BYSS4K11,GBP,United Kingdom
GHH.L,GOOCH & HOUSEGO PLC,LSE AIM,GB0002259116,GBP,United Kingdom
GHS.L,GRESHAM HOUSE STRATEGIC PLC,LSE AIM,GB00BYRH4982,GBP,United Kingdom
GHT.L,GRESHAM COMPUTING,LSE,GB0008808825,GBP,United Kingdom
GINV.L,GLOBAL INVACOM GROUP LTD,LSE AIM,SG2E91982768,GBP,United Kingdom
GIPO.L,GRAND GROUP INVESTMENT PLC,LSE AIM,KYG405631014,GBP,United Kingdom
GKN.L,GKN,LSE,GB0030646508,GBP,United Kingdom
GKP.L,GULF KEYSTONE PETROLEUM LTD,LSE,BMG4209G1087,GBP,United Kingdom
GLB.L,GLANBIA,LSE,IE0000669501,GBP,United Kingdom
GLE.L,M J GLEESON PLC,LSE,GB00BRKD9Z53,GBP,United Kingdom
GLEN.L,GLENCORE PLC,LSE,JE00B4T3BW64,GBP,United Kingdom
GLIF.L,GLI FINANCE LTD,LSE AIM,GB00B0CL3P62,GBP,United Kingdom
GLIS.L,GLI FINANCE LTD,LSE,GB00BYY7WT75,GBP,United Kingdom
GLIZ.L,GLI FINANCE LTD,LSE,GG00BTDYD136,GBP,United Kingdom
GLOO.L,GLOO NETWORKS PLC,LSE AIM,GB00BYVTYD43,GBP,United Kingdom
GLPR.L,GLOBAL PORTS INVESTMENTS PLC,LSE,US37951Q2021,GBP,United Kingdom
GLR.L,GALILEO RESOURCES PLC,LSE AIM,GB00B115T142,GBP,United Kingdom
GLS.L,GALASYS PLC,LSE AIM,JE00BKWBXC36,GBP,United Kingdom
GLTD.L,GLOBAL TELECOM HLDG SAE,LSE,US37953P2020,GBP,United Kingdom
GLTR.L,GLOBALTRANS INVESTMENT PLC,LSE,US37949E2046,GBP,United Kingdom
GMAA.L,GAMA AVIATION PLC,LSE AIM,GB00B3ZP1526,GBP,United Kingdom
GMD.L,GAME DIGITAL PLC,LSE,GB00BMP36W19,GBP,United Kingdom
GMR.L,GAMING REALMS PLC,LSE AIM,GB00BBHXD542,GBP,United Kingdom
GMRB.L,GENERAL MOTORS CORP,LSE,GB0003658282,GBP,United Kingdom
GMS.L,GULF MARINE SERVICES PLC,LSE,GB00BJVWTM27,GBP,United Kingdom
GNC.L,GREENCORE GROUP,LSE,IE0003864109,GBP,United Kingdom
GNK.L,GREENE KING,LSE,GB00B0HZP136,GBP,United Kingdom
GNS.L,GENUS,LSE,GB0002074580,GBP,United Kingdom
GOAL.L,GOALS SOCCER CENTRES,LSE AIM,GB00B0486M37,GBP,United Kingdom
GOG.L,GO-AHEAD GROUP,LSE,GB0003753778,GBP,United Kingdom
GOLD.L,RANDGOLD RESOURCES,LSE,US7523443098,GBP,United Kingdom
GOOD.L,GOOD ENERGY GROUP PLC,LSE AIM,GB0033600353,GBP,United Kingdom
GPOR.L,GREAT PORTLAND ESTATES PLC,LSE,GB00B01FLL16,GBP,United Kingdom
GPX.L,GULFSANDS PETROLEUM,LSE AIM,GB00B06VGC01,GBP,United Kingdom
GRA.L,GRAFENIA PLC,LSE AIM,GB0009638130,GBP,United Kingdom
GRG.L,GREGGS,LSE,GB00B63QSB39,GBP,United Kingdom
GRI.L,GRAINGER PLC,LSE,GB00B04V1276,GBP,United Kingdom
GRIT.L,GLOBAL RESOURCES INV TR PLC,LSE,GB00BCKFVJ45,GBP,United Kingdom
GRL.L,GOLDSTONE RESOURCES LTD,LSE AIM,JE00BRJ8YF63,GBP,United Kingdom
GRN.L,GREEN REIT PLC,LSE,IE00BBR67J55,GBP,United Kingdom
GROW.L,DRAPER ESPRIT PLC,LSE AIM,GB00BY7QYJ50,GBP,United Kingdom
GRPH.L,GRAPHENE NANOCHEM PLC,LSE AIM,GB00B9BBJ076,GBP,United Kingdom
GRTB.L,GUARANTY TRUST BANK,LSE,US40124Q2084,GBP,United Kingdom
GSH.L,GREEN & SMART HLDGS PLC,LSE AIM,JE00BYTQ7945,GBP,United Kingdom
GSK.L,GLAXOSMITHKLINE,LSE,GB0009252882,GBP,United Kingdom
GSR.L,GOLDEN SAINT RESOURCES LTD,LSE AIM,VGG3960L1085,GBP,United Kingdom
GSS.L,GENESIS EMERGING MARKETS FUND,LSE,GG00B4L0PD47,GBP,United Kingdom
GTC.L,GETECH GROUP,LSE AIM,GB00B0HZVP95,GBP,United Kingdom
GTLY.L,GATELEY HLDGS PLC,LSE AIM,GB00BXB07J71,GBP,United Kingdom
GUN.L,GUNSYND PLC,LSE AIM,GB00B4WKYH05,GBP,United Kingdom
GUS.L,GUSBOURNE PLC,LSE AIM,GB00B8TS4M09,GBP,United Kingdom
GUSC.L,GUSCIO PLC,LSE AIM,GB00BPT23R97,GBP,United Kingdom
GVC.L,GVC HLDGS PLC,LSE,IM00B5VQMV65,GBP,United Kingdom
GVP.L,GABELLI VALUE PLUS + TRUST PLC,LSE,GB00BTLJYS47,GBP,United Kingdom
GWI.L,GLOBALWORTH REAL ESTATE INVMTS LTD,LSE AIM,GG00B979FD04,GBP,United Kingdom
GWIK.L,GLENWICK PLC,LSE AIM,GB00B0RFL714,GBP,United Kingdom
GWMO.L,GREAT WESTERN MINING CORP PLC,LSE AIM,IE00B1FR8863,GBP,United Kingdom
GWP.L,GW PHARMACEUTICALS,LSE AIM,GB0030544687,GBP,United Kingdom
GYM.L,GYM GROUP PLC,LSE,GB00BZBX0P70,GBP,United Kingdom
HAIK.L,HAIKE CHEMICAL GROUP LTD,LSE AIM,KYG423181083,GBP,United Kingdom
HAL.L,HALOSOURCE INC,LSE AIM,USU4063G1077,GBP,United Kingdom
HALO.L,HALOSOURCE INC,LSE AIM,US40638H1086,GBP,United Kingdom
HALS.L,HALS-DEVELOPMENT PJSC,LSE,US40637J2042,GBP,United Kingdom
HAN.L,HANSA TRUST,LSE,GB0007879728,GBP,United Kingdom
HANA.L,HANSA TRUST,LSE,GB0007879835,GBP,United Kingdom
HAS.L,HAYS PLC,LSE,GB0004161021,GBP,United Kingdom
HAST.L,HENDERSON ALTERNATIVE STRAT TR PLC,LSE,GB0001216000,GBP,United Kingdom
HAT.L,H & T GROUP,LSE AIM,GB00B12RQD06,GBP,United Kingdom
HAWK.L,NIGHTHAWK ENERGY PLC,LSE AIM,GB00B156TD53,GBP,United Kingdom
HAYD.L,HAYDALE GRAPHENE INDUSTRIES PLC,LSE AIM,GB00BKWQ1135,GBP,United Kingdom
HAYT.L,HAYWARD TYLER GROUP PLC,LSE AIM,IM00B511CF53,GBP,United Kingdom
HBRN.L,HIBERNIA REIT PLC,LSE,IE00BGHQ1986,GBP,United Kingdom
HCFT.L,HIGHCROFT INVESTMENTS,LSE,GB0004254875,GBP,United Kingdom
HCM.L,HUTCHISON CHINA MEDITECH,LSE AIM,KYG4672N1016,GBP,United Kingdom
HDD.L,HARDIDE PLC,LSE AIM,GB00B069T034,GBP,United Kingdom
HDIV.L,HENDERSON DIVERSIFIED INCOME LTD,LSE,JE00B1Y1NS49,GBP,United Kingdom
HDT.L,HOLDERS TECHNOLOGY,LSE AIM,GB0004312350,GBP,United Kingdom
HDY.L,HARDY OIL & GAS,LSE,GB00B09MB366,GBP,United Kingdom
HEAD.L,HEADLAM GROUP,LSE,GB0004170089,GBP,United Kingdom
HEFT.L,HENDERSON EUROPEAN FOCUS TRUST PLC,LSE,GB0005268858,GBP,United Kingdom
HER.L,HERENCIA RESOURCES,LSE AIM,GB00B069DV22,GBP,United Kingdom
HFD.L,HALFORDS GROUP,LSE,GB00B012TP20,GBP,United Kingdom
HFEL.L,HENDERSON FAR EAST INCOME LTD,LSE,JE00B1GXH751,GBP,United Kingdom
HFG.L,HILTON FOOD GROUP PLC,LSE,GB00B1V9NW54,GBP,United Kingdom
HGG.L,HENDERSON GROUP PLC,LSE,JE00B3CM9527,GBP,United Kingdom
HGM.L,HIGHLAND GOLD MINING,LSE AIM,GB0032360173,GBP,United Kingdom
HGT.L,HG CAPITAL TRUST,LSE,GB0003921052,GBP,United Kingdom
HHI.L,HENDERSON HIGH INCOME TRUST,LSE,GB0009580571,GBP,United Kingdom
HHPD.L,HON HAI PRECISION INDUSTRY,LSE,US4380902019,GBP,United Kingdom
HHPG.L,HON HAI PRECISION INDUSTRY,LSE,US4380901029,GBP,United Kingdom
HHV.L,HARGREAVE HALE AIM VCT 1 PLC,LSE,GB00B02WHS05,GBP,United Kingdom
HHVT.L,HARGREAVE HALE AIM VCT 2 PLC,LSE,GB00B1GDYS53,GBP,United Kingdom
HICL.L,HICL INFRASTRUCTURE CO LTD,LSE,GB00B0T4LH64,GBP,United Kingdom
HID.L,HIDONG ESTATE,LSE,GB0004251863,GBP,United Kingdom
HIK.L,HIKMA PHARMACEUTICALS,LSE,GB00B0LCW083,GBP,United Kingdom
HILS.L,HILL & SMITH HLDGS,LSE,GB0004270301,GBP,United Kingdom
HINT.L,HENDERSON INTL INCOME TRUST PLC,LSE,GB00B3PHCS86,GBP,United Kingdom
HKLB.L,HONG KONG LAND HLDGS,LSE,BMG4587L1090,GBP,United Kingdom
HKLJ.L,HONG KONG LAND HLDGS,LSE,BMG4587L1090,GBP,United Kingdom
HL.L,HARGREAVES LANSDOWN PLC,LSE,GB00B1VZ0M25,GBP,United Kingdom
HLCL.L,HELICAL PLC,LSE,GB00B0FYMT95,GBP,United Kingdom
HLMA.L,HALMA,LSE,GB0004052071,GBP,United Kingdom
HLPD.L,HELLENIC PETROLEUM SA,LSE,US4233232036,GBP,United Kingdom
HML.L,HARVEST MINERALS LTD,LSE AIM,AU000XINEAB4,GBP,United Kingdom
HMLH.L,HML HLDGS PLC,LSE AIM,GB00B16DFY89,GBP,United Kingdom
HMSF.L,HIGHBRIDGE MULTI STRATEGY FD LTD,LSE,GB00B13YVW48,GBP,United Kingdom
HMSG.L,HMS HYDRAULIC MACH & SYS GRP PLC,LSE,US40425X4079,GBP,United Kingdom
HMSO.L,HAMMERSON PLC,LSE,GB0004065016,GBP,United Kingdom
HNE.L,HENDERSON EUROTRUST,LSE,GB0004199294,GBP,United Kingdom
HNL.L,HAGUE & LONDON OIL PLC,LSE AIM,GB00BSNM2916,GBP,United Kingdom
HNR.L,HIGHLANDS NATURAL RESOURCES PLC,LSE,GB00BWC4X262,GBP,United Kingdom
HNT.L,HUNTSWORTH,LSE,GB00B0CRWK29,GBP,United Kingdom
HOC.L,HOCHSCHILD MINING PLC,LSE,GB00B1FW5029,GBP,United Kingdom
HON.L,HONEYWELL INTERNATIONAL INC,LSE,US4385161066,GBP,United Kingdom
HONY.L,HONEYCOMB INVESTMENT TRUST PLC,LSE,GB00BYZV3G25,GBP,United Kingdom
HOT.L,HENDERSON OPPORTUNITIES TRUST PLC,LSE,GB0008536574,GBP,United Kingdom
HOTC.L,HOTEL CHOCOLAT GROUP PLC,LSE AIM,GB00BYZC3B04,GBP,United Kingdom
HPAC.L,HERMES PACIFIC INVESTMENTS PLC,LSE AIM,GB00BD02KZ12,GBP,United Kingdom
HR1A.L,HAZEL RENEWABLE ENERGY VCT 1 PLC,LSE,GB00B4L13999,GBP,United Kingdom
HR1O.L,HAZEL RENEWABLE ENERGY VCT 1 PLC,LSE,GB00B4M2G812,GBP,United Kingdom
HR2A.L,HAZEL RENEWABLE ENERGY VCT 2 PLC,LSE,GB00B4KWC525,GBP,United Kingdom
HR2O.L,HAZEL RENEWABLE ENERGY VCT 2 PLC,LSE,GB00B43GVJ82,GBP,United Kingdom
HRG.L,HOGG ROBINSON GROUP PLC,LSE,GB00B1CM8S45,GBP,United Kingdom
HRI.L,HERALD INVESTMENT TRUST,LSE,GB0004228648,GBP,United Kingdom
HRN.L,HORNBY PLC,LSE AIM,GB00B01CZ652,GBP,United Kingdom
HSBA.L,HSBC HLDGS,LSE,GB0005405286,GBP,United Kingdom
HSBK.L,HALYK SAVINGS BANK OF KAZAKHSTN JSC,LSE,US46627J3023,GBP,United Kingdom
HSD.L,HANSARD GLOBAL PLC,LSE,IM00B1H1XF89,GBP,United Kingdom
HSL.L,HENDERSON SMALLER COS INV TST,LSE,GB0009065060,GBP,United Kingdom
HSM.L,HEATH(SAMUEL)& SONS,LSE AIM,GB0004178710,GBP,United Kingdom
HSP.L,HARGREAVES SERVICES,LSE AIM,GB00B0MTC970,GBP,United Kingdom
HSS.L,HSS HIRE GRP PLC,LSE,GB00BVFD4645,GBP,United Kingdom
HSTG.L,HASTINGS GROUP HLDGS PLC,LSE,GB00BYRJH519,GBP,United Kingdom
HSTN.L,HANSTEEN HLDGS,LSE,GB00B0PPFY88,GBP,United Kingdom
HSV.L,HOMESERVE,LSE,GB00BYYTFB60,GBP,United Kingdom
HSW.L,HOSTELWORLD GROUP PLC,LSE,GB00BYYN4225,GBP,United Kingdom
HSX.L,HISCOX LTD,LSE,BMG4593F1389,GBP,United Kingdom
HTG.L,HUNTING,LSE,GB0004478896,GBP,United Kingdom
HUM.L,HUMMINGBIRD RESOURCES PLC,LSE AIM,GB00B60BWY28,GBP,United Kingdom
HUN.L,HUNTER RESOURCES PLC,LSE AIM,IM00BMNQNZ42,GBP,United Kingdom
HUNT.L,HUNTERS PROPERTY PLC,LSE AIM,GB00BYMW5L71,GBP,United Kingdom
HUR.L,HURRICANE ENERGY PLC,LSE AIM,GB00B580MF54,GBP,United Kingdom
HUW.L,HELIOS UNDERWRITING PLC,LSE AIM,GB00B23XLS45,GBP,United Kingdom
HVE.L,HAVELOCK EUROPA PLC,LSE AIM,GB0004149356,GBP,United Kingdom
HVN.L,HARVEY NASH GROUP,LSE,GB0006573546,GBP,United Kingdom
HVO.L,HVIVO PLC,LSE AIM,GB00B6ZM0X53,GBP,United Kingdom
HVPE.L,HARBOURVEST GLOBAL PRIVATE EQUITY,LSE,GG00BR30MJ80,GBP,United Kingdom
HVT.L,HEAVITREE BREWERY,LSE AIM,GB0004182506,GBP,United Kingdom
HVTA.L,HEAVITREE BREWERY,LSE AIM,GB0004182720,GBP,United Kingdom
HVTB.L,HEAVITREE BREWERY,LSE AIM,GB0004182944,GBP,United Kingdom
HW.L,HARWOOD WEALTH MANAGEMENT GROUP PLC,LSE AIM,GB00BYYWB172,GBP,United Kingdom
HWA.L,HWANGE COLLIERY CO,LSE,ZW0009011934,GBP,United Kingdom
HWC.L,HIGHWAY CAPITAL PLC,LSE,GB0008579384,GBP,United Kingdom
HWDN.L,HOWDEN JOINERY GROUP PLC,LSE,GB0005576813,GBP,United Kingdom
HWG.L,HARWORTH GROUP PLC,LSE,GB00BYZJ7G42,GBP,United Kingdom
HWSL.L,HADRIANS WALL SECURED INV LTD,LSE,GG00BYMYC345,GBP,United Kingdom
HYDG.L,HYDROGEN GROUP PLC,LSE AIM,GB00B1DJTV45,GBP,United Kingdom
HYF.L,HIMALAYAN FUND NV,LSE,NL0000464154,GBP,United Kingdom
HYG.L,HYGEA VCT,LSE,GB0031256109,GBP,United Kingdom
HYNS.L,HAYNES PUBLISHING GROUP,LSE,GB0004160833,GBP,United Kingdom
HYR.L,HYDRODEC GROUP,LSE AIM,GB00B02FJF09,GBP,United Kingdom
HYUD.L,HYUNDAI MOTOR CO,LSE,USY384721251,GBP,United Kingdom
HZD.L,HORIZON DISCOVERY GROUP PLC,LSE AIM,GB00BK8FL363,GBP,United Kingdom
HZM.L,HORIZONTE MINERALS,LSE AIM,GB00B11DNM70,GBP,United Kingdom
IAE.L,ITHACA ENERGY INC,LSE AIM,CA4656761042,GBP,United Kingdom
IAEA.L,IMPAX ASIAN ENVIRONMENTAL MKTS PLC,LSE,GB00BCBV5662,GBP,United Kingdom
IAEB.L,IMPAX ASIAN ENVIRONMENTAL MKTS PLC,LSE,GB00BCBV5886,GBP,United Kingdom
IAES.L,IMPAX ASIAN ENVIRONMENTAL MKTS PLC,LSE,GB00B4M82P85,GBP,United Kingdom
IAG.L,INTERNATIONAL CONSOLIDATED AIRL GRP,LSE,ES0177542018,GBP,United Kingdom
IAP.L,ICAP,LSE,GB0033872168,GBP,United Kingdom
IAT.L,INVESCO ASIA TRUST,LSE,GB0004535307,GBP,United Kingdom
IBEX.L,IBEX GLOBAL SOLUTIONS PLC,LSE AIM,GB00BBCRF441,GBP,United Kingdom
IBM.L,INTERNATIONAL BUS MACH CORP,LSE,US4592001014,GBP,United Kingdom
IBPO.L,IENERGIZER LTD,LSE AIM,GG00B54NMG96,GBP,United Kingdom
IBSA.L,IBIS MEDIA VCT 1,LSE,GB00B0WHB612,GBP,United Kingdom
IBST.L,IBSTOCK PLC,LSE,GB00BYXJC278,GBP,United Kingdom
IBT.L,INTERNATIONAL BIOTECHNOLOGY TRUST,LSE,GB0004559349,GBP,United Kingdom
ICGC.L,IRISH CONTINENTAL GROUP,LSE,IE00BLP58571,GBP,United Kingdom
ICGT.L,ICG ENTERPRISE TRUST PLC,LSE,GB0003292009,GBP,United Kingdom
ICP.L,INTERMEDIATE CAPITAL GROUP,LSE,GB00BYT1DJ19,GBP,United Kingdom
ICTA.L,INVESTORS CAPITAL TRUST PLC,LSE,GB00B1N4G299,GBP,United Kingdom
ICTB.L,INVESTORS CAPITAL TRUST PLC,LSE,GB00B1N4H594,GBP,United Kingdom
ICTU.L,INVESTORS CAPITAL TRUST PLC,LSE,GB00B1N4H933,GBP,United Kingdom
IDEA.L,IDEAGEN PLC,LSE AIM,GB00B0CM0C50,GBP,United Kingdom
IDH.L,IMMUNODIAGNOSTIC SYSTEMS HLDGS,LSE AIM,GB00B01YZ052,GBP,United Kingdom
IDHC.L,INTEGRATED DIAGNOSTICS HLDGS PLC,LSE,JE00BV9H9G76,GBP,United Kingdom
IDOX.L,IDOX,LSE AIM,GB0002998192,GBP,United Kingdom
IE1D.L,INGENIOUS ENTERTAINMENT VCT 1 PLC,LSE,GB00B598LZ10,GBP,United Kingdom
IE1E.L,INGENIOUS ENTERTAINMENT VCT 1 PLC,LSE,GB00B42F8N96,GBP,United Kingdom
IE1F.L,INGENIOUS ENTERTAINMENT VCT 1 PLC,LSE,GB00B402J954,GBP,United Kingdom
IE1G.L,INGENIOUS ENTERTAINMENT VCT 1 PLC,LSE,GB00B62VNG90,GBP,United Kingdom
IE1H.L,INGENIOUS ENTERTAINMENT VCT 1 PLC,LSE,GB00B956JT75,GBP,United Kingdom
IEH.L,INTELLIGENT ENERGY HLDGS PLC,LSE,GB00BNB7LQ31,GBP,United Kingdom
IEM.L,IMPAX ENVIRONMENTAL MARKETS PLC,LSE,GB0031232498,GBP,United Kingdom
IEVD.L,INGENIOUS ENTERTAINMENT VCT 2 PLC,LSE,GB00B59YCM30,GBP,United Kingdom
IEVE.L,INGENIOUS ENTERTAINMENT VCT 2 PLC,LSE,GB00B4N8CB39,GBP,United Kingdom
IEVF.L,INGENIOUS ENTERTAINMENT VCT 2 PLC,LSE,GB00B41BXG64,GBP,United Kingdom
IEVG.L,INGENIOUS ENTERTAINMENT VCT 2 PLC,LSE,GB00B6S3D702,GBP,United Kingdom
IEVH.L,INGENIOUS ENTERTAINMENT VCT 2 PLC,LSE,GB00B94SVP47,GBP,United Kingdom
IFL.L,INTERNATIONAL FERRO METALS,LSE,AU0000XINAK8,GBP,United Kingdom
IFP.L,IFG GROUP,LSE,IE0002325243,GBP,United Kingdom
IGAS.L,IGAS ENERGY PLC,LSE AIM,GB00B29PWM59,GBP,United Kingdom
IGC.L,INDIA CAPITAL GROWTH FUND,LSE AIM,GB00B0P8RJ60,GBP,United Kingdom
IGE.L,IMAGE SCAN HLDGS,LSE AIM,GB0031410581,GBP,United Kingdom
IGG.L,IG GROUP HLDGS,LSE,GB00B06QFB75,GBP,United Kingdom
IGP.L,INTERCEDE GROUP,LSE AIM,GB0003287249,GBP,United Kingdom
IGR.L,IG DESIGN GROUP PLC,LSE AIM,GB0004526900,GBP,United Kingdom
IGSS.L,IG SEISMIC SERVICES PLC,LSE,US4495972022,GBP,United Kingdom
IGV.L,INCOME & GROWTH VCT PLC(THE),LSE,GB00B29BN198,GBP,United Kingdom
IHC.L,INSPIRATION HEALTHCARE GROUP PLC,LSE AIM,GB00BXDZL105,GBP,United Kingdom
IHG.L,INTERCONTINENTAL HOTELS GROUP,LSE,GB00BYXK6398,GBP,United Kingdom
IHUK.L,IMPACT HLDGS(UK),LSE AIM,GB00B3DFYL18,GBP,United Kingdom
III.L,3I GROUP,LSE,GB00B1YW4409,GBP,United Kingdom
IIP.L,INFRASTRUCTURE INDIA PLC,LSE AIM,IM00B2QVWM67,GBP,United Kingdom
IIT.L,INDEPENDENT INVESTMENT TRUST(THE),LSE,GB0000811686,GBP,United Kingdom
IKA.L,ILIKA PLC,LSE AIM,GB00B608Z994,GBP,United Kingdom
IKK.L,INCH KENNETH KAJANG RUBBER,LSE,GB0004601091,GBP,United Kingdom
IL0A.L,PERMANENT TSB GROUP HLDGS PLC,LSE,IE00BWB8X525,GBP,United Kingdom
IMB.L,IMPERIAL BRANDS PLC,LSE,GB0004544929,GBP,United Kingdom
IME.L,IMMEDIA GROUP PLC,LSE AIM,GB0033881904,GBP,United Kingdom
IMG.L,IMAGINATION TECHNOLOGIES GROUP,LSE,GB0009303123,GBP,United Kingdom
IMI.L,IMI,LSE,GB00BGLP8L22,GBP,United Kingdom
IMM.L,IMMUPHARMA,LSE AIM,GB0033711010,GBP,United Kingdom
IMO.L,IMIMOBILE PLC,LSE AIM,GB00BLBP4Y22,GBP,United Kingdom
IMPT.L,INDUSTRIAL MULTI PROPERTY TRUST PLC,LSE,IM00B4N9KC32,GBP,United Kingdom
IMTK.L,IMAGINATIK PLC,LSE AIM,GB00BP8XY588,GBP,United Kingdom
INCH.L,INCHCAPE PLC,LSE,GB00B61TVQ02,GBP,United Kingdom
IND.L,INDIGOVISION GROUP,LSE AIM,GB0032654534,GBP,United Kingdom
INDI.L,INDUS GAS LTD,LSE AIM,GG00B39HF298,GBP,United Kingdom
INDV.L,INDIVIOR PLC,LSE,GB00BRS65X63,GBP,United Kingdom
INF.L,INFORMA PLC,LSE,GB00BMJ6DW54,GBP,United Kingdom
INFA.L,INFRASTRATA PLC,LSE AIM,GB00B28YMP66,GBP,United Kingdom
INFT.L,INFINITY ENERGY SA,LSE AIM,LU0726886947,GBP,United Kingdom
ING.L,INGENTA PLC,LSE AIM,GB00B3BDTG73,GBP,United Kingdom
INL.L,INLAND HOMES PLC,LSE AIM,GB00B1TR0310,GBP,United Kingdom
INLZ.L,INLAND ZDP PLC,LSE,GB00B99R1Q79,GBP,United Kingdom
INM.L,INDEPENDENT NEWS & MEDIA,LSE,IE00B59HWB19,GBP,United Kingdom
INPP.L,INTERNATIONAL PUBLIC PARTNERSHIP,LSE,GB00B188SR50,GBP,United Kingdom
INS.L,INSTEM PLC,LSE AIM,GB00B3TQCK30,GBP,United Kingdom
INSE.L,INSPIRED ENERGY PLC,LSE AIM,GB00B5TZC716,GBP,United Kingdom
INSP.L,INSPIRIT ENERGY HLDGS PLC,LSE AIM,GB00B44W9L31,GBP,United Kingdom
INTU.L,INTU PROPERTIES PLC,LSE,GB0006834344,GBP,United Kingdom
INV.L,INVESTMENT CO,LSE,GB0004658257,GBP,United Kingdom
INVP.L,INVESTEC PLC,LSE,GB00B17BBQ50,GBP,United Kingdom
IOF.L,IOFINA PLC,LSE AIM,GB00B2QL5C79,GBP,United Kingdom
IOG.L,INDEPENDENT OIL & GAS PLC,LSE AIM,GB00BF49WF64,GBP,United Kingdom
IOM.L,IOMART GROUP,LSE AIM,GB0004281639,GBP,United Kingdom
ION1.L,IONA ENVIRONMENTAL VCT PLC,LSE,GB00B57F1L02,GBP,United Kingdom
IONA.L,IONA ENVIRONMENTAL VCT PLC,LSE,GB00B5BMPY80,GBP,United Kingdom
IONB.L,IONA ENVIRONMENTAL VCT PLC,LSE,GB00B40HX431,GBP,United Kingdom
IPE.L,INVESCO PERPETUAL ENHANCED INC LTD,LSE,GB00B05NYM32,GBP,United Kingdom
IPEL.L,IMPELLAM GROUP PLC,LSE AIM,GB00B8HWGJ55,GBP,United Kingdom
IPF.L,INTERNATIONAL PERSONAL FINANCE PLC,LSE,GB00B1YKG049,GBP,United Kingdom
IPO.L,IP GROUP,LSE,GB00B128J450,GBP,United Kingdom
IPP.L,IPPLUS PLC,LSE AIM,GB0009737155,GBP,United Kingdom
IPSA.L,IPSA GROUP,LSE AIM,GB00B0CJ3F01,GBP,United Kingdom
IPU.L,INVESCO PERPETUAL UK SMLLER CO IT,LSE,GB00B1FL3C76,GBP,United Kingdom
IPX.L,IMPAX ASSET MANAGEMENT GROUP PLC,LSE AIM,GB0004905260,GBP,United Kingdom
IQE.L,IQE PLC,LSE AIM,GB0009619924,GBP,United Kingdom
IRF.L,IRF EUROPEAN FINANCE INVESTMENTS,LSE,BMG493831058,GBP,United Kingdom
IRG.L,INDEPENDENT RESOURCES,LSE AIM,GB00B0RNX796,GBP,United Kingdom
IRON.L,IRONVELD PLC,LSE AIM,GB0030426455,GBP,United Kingdom
IRR.L,IRONRIDGE RESOURCES LTD,LSE AIM,AU0000XINEX3,GBP,United Kingdom
IRV.L,INTERSERVE,LSE,GB0001528156,GBP,United Kingdom
ISAT.L,INMARSAT,LSE,GB00B09LSH68,GBP,United Kingdom
ITE.L,ITE GROUP,LSE,GB0002520509,GBP,United Kingdom
ITM.L,ITM POWER,LSE AIM,GB00B0130H42,GBP,United Kingdom
ITQ.L,INTERQUEST GROUP,LSE AIM,GB00B07W3X22,GBP,United Kingdom
ITRK.L,INTERTEK GROUP,LSE,GB0031638363,GBP,United Kingdom
ITV.L,ITV,LSE,GB0033986497,GBP,United Kingdom
IVI.L,INVESCO INCOME GROWTH TRUST,LSE,GB0003585725,GBP,United Kingdom
IVO.L,IMPERIAL INNOVATIONS GROUP,LSE AIM,GB00B170L953,GBP,United Kingdom
IVPB.L,INVESCO PERPETUAL SELECT TRUST PLC,LSE,GB00B1DQ6696,GBP,United Kingdom
IVPG.L,INVESCO PERPETUAL SELECT TRUST PLC,LSE,GB00B1DQ6472,GBP,United Kingdom
IVPM.L,INVESCO PERPETUAL SELECT TRUST PLC,LSE,GB00B1DQ6704,GBP,United Kingdom
IVPU.L,INVESCO PERPETUAL SELECT TRUST PLC,LSE,GB00B1DPVL60,GBP,United Kingdom
IXI.L,IXICO PLC,LSE AIM,GB00BCLY7L40,GBP,United Kingdom
JAI.L,JPMORGAN ASIAN INV TRUST,LSE,GB0001320778,GBP,United Kingdom
JAM.L,JPMORGAN AMERICAN IT,LSE,GB00BKZGVH64,GBP,United Kingdom
JARB.L,JARDINE MATHESON HLDGS,LSE,BMG507361001,GBP,United Kingdom
JARJ.L,JARDINE MATHESON HLDGS,LSE,BMG507361001,GBP,United Kingdom
JCH.L,JPMORGAN CLAVERHOUSE IT PLC,LSE,GB0003422184,GBP,United Kingdom
JD.L,JD SPORTS FASHION PLC,LSE,GB00BMNQZP86,GBP,United Kingdom
JDG.L,JUDGES SCIENTIFIC PLC,LSE AIM,GB0032398678,GBP,United Kingdom
JDSB.L,JARDINE STRATEGIC HLDGS,LSE,BMG507641022,GBP,United Kingdom
JDT.L,JUPITER DIVIDEND & GROWTH TRUST,LSE,GB00B0M3FZ66,GBP,United Kingdom
JDTC.L,JUPITER DIVIDEND & GROWTH TRUST,LSE,GB00B4MW8K78,GBP,United Kingdom
JDTZ.L,JUPITER DIVIDEND & GROWTH TRUST,LSE,GB00B4KXYX79,GBP,United Kingdom
JDW.L,WETHERSPOON(J.D.),LSE,GB0001638955,GBP,United Kingdom
JE.L,JUST EAT PLC,LSE,GB00BKX5CN86,GBP,United Kingdom
JEL.L,JERSEY ELECTRICITY PLC,LSE,JE00B43SP147,GBP,United Kingdom
JEMI.L,JPMORGAN GLOBAL EMERG MKTS IT PLC,LSE,GB00B5ZZY915,GBP,United Kingdom
JEO.L,JUPITER EUROPEAN OPPORTUNITIES TST,LSE,GB0000197722,GBP,United Kingdom
JESC.L,JPMORGAN EURO SMALL CO TRUST PLC,LSE,GB00BMTS0Z37,GBP,United Kingdom
JETG.L,JPMORGAN EUROPEAN INVESTMENT TRUST,LSE,GB00B18JK166,GBP,United Kingdom
JETI.L,JPMORGAN EUROPEAN INVESTMENT TRUST,LSE,GB00B17XWW44,GBP,United Kingdom
JFJ.L,JP MORGAN JAPANESE INVESTMENT TRUST,LSE,GB0001740025,GBP,United Kingdom
JGC.L,JUPITER GREEN INVESTMENT TRUST,LSE,GB00B120GL77,GBP,United Kingdom
JGCI.L,JPMORGAN GLOBAL CONVERTIBLES INC FD,LSE,GG00B96SW597,GBP,United Kingdom
JHD.L,JAMES HALSTEAD,LSE AIM,GB00B0LS8535,GBP,United Kingdom
JHDA.L,JAMES HALSTEAD,LSE AIM,GB0004053483,GBP,United Kingdom
JIGC.L,JPMORGAN INC & GRWTH INVEST TST PLC,LSE,GB00B1G3N007,GBP,United Kingdom
JIGI.L,JPMORGAN INC & GRWTH INVEST TST PLC,LSE,GB00B1G3N114,GBP,United Kingdom
JIGU.L,JPMORGAN INC & GRWTH INVEST TST PLC,LSE,GB00B1G3N221,GBP,United Kingdom
JII.L,JPMORGAN INDIAN INV TRUST,LSE,GB0003450359,GBP,United Kingdom
JIL.L,JURIDICA INVESTMENTS LTD,LSE AIM,GG00B29LSW52,GBP,United Kingdom
JIM.L,JARVIS SECURITIES,LSE AIM,GB00B013J330,GBP,United Kingdom
JKX.L,JKX OIL & GAS,LSE,GB0004697420,GBP,United Kingdom
JLEN.L,JOHN LAING ENVIRONMENTAL ASSET GRP,LSE,GG00BJL5FH87,GBP,United Kingdom
JLG.L,JOHN LAING GROUP PLC,LSE,GB00BVC3CB83,GBP,United Kingdom
JLH.L,JOHN LEWIS OF HUNGERFORD,LSE AIM,GB0004773148,GBP,United Kingdom
JLIF.L,JOHN LAING INFRASTRUCTURE FUND LTD,LSE,GG00B4ZWPH08,GBP,United Kingdom
JLP.L,JUBILEE PLATINUM,LSE AIM,GB0031852162,GBP,United Kingdom
JLT.L,JARDINE LLOYD THOMPSON GROUP,LSE,GB0005203376,GBP,United Kingdom
JMAT.L,JOHNSON MATTHEY,LSE,GB00BZ4BQC70,GBP,United Kingdom
JMC.L,JP MORGAN CHINESE INVESTMENT TRUST,LSE,GB0003435012,GBP,United Kingdom
JMF.L,JPMORGAN MID CAP INV TRUST,LSE,GB0002357613,GBP,United Kingdom
JMG.L,JPMORGAN EMERGING MKTS INV TRUST,LSE,GB0003418950,GBP,United Kingdom
JMI.L,JPMORGAN SMALLER COS IT PLC,LSE,GB0007416000,GBP,United Kingdom
JMIS.L,JPMORGAN SMALLER COS IT PLC,LSE,GB00BV7L8Z35,GBP,United Kingdom
JNY.L,JOURNEY GROUP PLC,LSE AIM,GB00B909HR51,GBP,United Kingdom
JOG.L,JERSEY OIL & GAS PLC,LSE AIM,GB00BYN5YK77,GBP,United Kingdom
JOUL.L,JOULES GROUP PLC,LSE AIM,GB00BZ059357,GBP,United Kingdom
JPB.L,JPMORGAN BRAZIL INVESTMENT TRUST,LSE,GB00B602HS43,GBP,United Kingdom
JPE.L,JPMORGAN ELECT PLC,LSE,GB0008528142,GBP,United Kingdom
JPEC.L,JPMORGAN ELECT PLC,LSE,GB0034080092,GBP,United Kingdom
JPEI.L,JPMORGAN ELECT PLC,LSE,GB0034080217,GBP,United Kingdom
JPEL.L,JPEL PRIVATE EQUITY LTD,LSE,GB00B07V0H27,GBP,United Kingdom
JPGI.L,JPMORGAN GLOBAL GWTH & INC PLC,LSE,GB00BYMKY695,GBP,United Kingdom
JPI.L,JPMORGAN INCOME & CAPITAL TRUST PLC,LSE,GB00B2NBJ068,GBP,United Kingdom
JPIU.L,JPMORGAN INCOME & CAPITAL TRUST PLC,LSE,GB00B2NBJ407,GBP,United Kingdom
JPIZ.L,JPMORGAN INCOME & CAPITAL TRUST PLC,LSE,GB00B2NBJ282,GBP,United Kingdom
JPM.L,JPMORGAN CHASE & CO,LSE,US46625H1005,GBP,United Kingdom
JPR.L,JOHNSTON PRESS,LSE,GB00BRK8Y334,GBP,United Kingdom
JPRL.L,JUPITER ENERGY,LSE AIM,AU000000JPR6,GBP,United Kingdom
JPS.L,JPMORGAN JAPAN SMALLER COS TST PLC,LSE,GB0003165817,GBP,United Kingdom
JPSS.L,JPMORGAN JAPAN SMALLER COS TST PLC,LSE,GB00BSFWJ549,GBP,United Kingdom
JRP.L,JRP GROUP PLC,LSE,GB00BCRX1J15,GBP,United Kingdom
JRS.L,JPMORGAN RUSSIAN SECURITIES,LSE,GB0032164732,GBP,United Kingdom
JSG.L,JOHNSON SERVICE GROUP PLC,LSE AIM,GB0004762810,GBP,United Kingdom
JSI.L,JIASEN INTL HLDGS LTD,LSE AIM,VGG5139D1078,GBP,United Kingdom
JUKG.L,JUPITER UK GROWTH INV TRUST PLC,LSE,GB00BFD3V961,GBP,United Kingdom
JUP.L,JUPITER FUND MANAGEMENT PLC,LSE,GB00B53P2009,GBP,United Kingdom
JUS.L,JUPITER US SMALLER COMPANIES PLC,LSE,GB0003463402,GBP,United Kingdom
JUSC.L,JPMORGAN US SMALLER CO INV TST PLC,LSE,GB00BJL5F346,GBP,United Kingdom
JWNG.L,JAYWING PLC,LSE AIM,GB00B1FPT107,GBP,United Kingdom
JZCP.L,JZ CAPITAL PARTNERS LTD,LSE,GG00B403HK58,GBP,United Kingdom
JZCZ.L,JZ CAPITAL PARTNERS LTD,LSE,GG00BZ0RY036,GBP,United Kingdom
KAKU.L,KAKUZI,LSE,KE0000000281,GBP,United Kingdom
KAY.L,KINGS ARMS YARD VCT PLC,LSE,GB0007174294,GBP,United Kingdom
KAZ.L,KAZ MINERALS PLC,LSE,GB00B0HZPV38,GBP,United Kingdom
KBE.L,KIMBERLY ENTERPRISES N.V.,LSE AIM,NL0000051043,GBP,United Kingdom
KBT.L,K3 BUSINESS TECHNOLOGY GROUP,LSE AIM,GB00B00P6061,GBP,United Kingdom
KCEL.L,KCELL JSC,LSE,US48668G2057,GBP,United Kingdom
KCOM.L,KCOM GROUP PLC,LSE,GB0007448250,GBP,United Kingdom
KCR.L,K&C REIT PLC,LSE AIM,GB00BRKCYB38,GBP,United Kingdom
KDR.L,KARELIAN DIAMOND RESOURCES,LSE AIM,IE00B01ZSK94,GBP,United Kingdom
KEFI.L,KEFI MINERALS PLC,LSE AIM,GB00B1HNYB75,GBP,United Kingdom
KEM.L,KEMIN RESOURCES PLC,LSE AIM,GB00B8T2QJ39,GBP,United Kingdom
KENV.L,KENNEDY VENTURES PLC,LSE AIM,GB00B830HW33,GBP,United Kingdom
KGF.L,KINGFISHER,LSE,GB0033195214,GBP,United Kingdom
KGLD.L,KOLAR GOLD LTD,LSE AIM,GG00B3M9KL68,GBP,United Kingdom
KGP.L,KINGSPAN GROUP,LSE,IE0004927939,GBP,United Kingdom
KHTC.L,KUMHO TIRE CO INC,LSE,US50125M2052,GBP,United Kingdom
KIBO.L,KIBO MINING PLC,LSE AIM,IE00B97C0C31,GBP,United Kingdom
KIE.L,KIER GROUP,LSE,GB0004915632,GBP,United Kingdom
KIT.L,KEYSTONE INVESTMENT TRUST,LSE,GB0004912068,GBP,United Kingdom
KKB.L,KAZKOMMERTSBANK JSC,LSE,US48666E6086,GBP,United Kingdom
KLBT.L,KALIBRATE TECHNOLOGIES PLC,LSE AIM,GB00BFZCRC66,GBP,United Kingdom
KLN.L,KELLAN GROUP(THE)PLC,LSE AIM,GB00B03W5P29,GBP,United Kingdom
KLR.L,KELLER GROUP,LSE,GB0004866223,GBP,United Kingdom
KMG.L,KAZMUNAIGAS EXPLORATION PRODUCTION,LSE,US48666V2043,GBP,United Kingdom
KMK.L,KROMEK GROUP PLC,LSE AIM,GB00BD7V5D43,GBP,United Kingdom
KMR.L,KENMARE RESOURCES,LSE,IE00BDC5DG00,GBP,United Kingdom
KNM.L,KONAMI HOLDINGS CORP,LSE,JP3300200007,GBP,United Kingdom
KNOS.L,KAINOS GROUP PLC,LSE,GB00BZ0D6727,GBP,United Kingdom
KOD.L,KODAL MINERALS PLC,LSE AIM,GB00BH3X7Y70,GBP,United Kingdom
KOOV.L,KOOVS PLC,LSE AIM,GB00BHB22S55,GBP,United Kingdom
KRS.L,KERAS RESOURCES PLC,LSE AIM,GB00B649J414,GBP,United Kingdom
KSK.L,KSK POWER VENTUR PLC,LSE,IM00B1G29327,GBP,United Kingdom
KUBC.L,KUBERA CROSS-BORDER FUND LTD,LSE AIM,KYG522771032,GBP,United Kingdom
KWE.L,KENNEDY WILSON EUROPE REAL EST PLC,LSE,JE00BJT32513,GBP,United Kingdom
KWS.L,KEYWORDS STUDIOS PLC,LSE AIM,GB00BBQ38507,GBP,United Kingdom
KYGA.L,KERRY GROUP PLC,LSE,IE0004906560,GBP,United Kingdom
L100.L,MULTI UNITS FRANCE,LSE,FR0010438127,GBP,United Kingdom
L250.L,MULTI UNITS FRANCE,LSE,FR0010438135,GBP,United Kingdom
LAD.L,LADBROKES PLC,LSE,GB00B0ZSH635,GBP,United Kingdom
LAKE.L,LAKEHOUSE PLC,LSE,GB00BSKS1M86,GBP,United Kingdom
LAM.L,LAMPRELL PLC,LSE,GB00B1CL5249,GBP,United Kingdom
LAND.L,LAND SECURITIES GROUP PLC,LSE,GB0031809436,GBP,United Kingdom
LAS.L,LONDON & ASSOCIATED PROPERTIES,LSE,GB0005234223,GBP,United Kingdom
LBOW.L,ICG-LONGBOW SNR SEC UK PRP DEBT INV,LSE,GG00B8C23S81,GBP,United Kingdom
LBS.L,LEEDS BUILDING SOCIETY,LSE,GB0005104913,GBP,United Kingdom
LCG.L,LONDON CAPITAL GROUP HLDGS PLC,LSE AIM,GB00B0RHGY93,GBP,United Kingdom
LDSG.L,LEEDS GROUP PLC,LSE AIM,GB0005100606,GBP,United Kingdom
LEAF.L,LEAF CLEAN ENERGY CO,LSE AIM,KYG541351196,GBP,United Kingdom
LEAL.L,LEAD ALL INVESTMENTS LTD,LSE AIM,KYG540891341,GBP,United Kingdom
LEF.L,LUDGATE ENVIRONMENTAL FUND LTD,LSE AIM,JE00B1YW3102,GBP,United Kingdom
LEG.L,LEGENDARY INVESTMENTS,LSE AIM,GB0001514032,GBP,United Kingdom
LEK.L,LEKOIL LTD,LSE AIM,KYG5462G1073,GBP,United Kingdom
LFAS.L,MULTI UNITS FRANCE,LSE,FR0010438150,GBP,United Kingdom
LFI.L,LONDON FINANCE & INVESTMENT GROUP,LSE,GB0002994001,GBP,United Kingdom
LGEN.L,LEGAL & GENERAL GROUP,LSE,GB0005603997,GBP,United Kingdom
LGLD.L,LG ELECTRONICS INC,LSE,US50186Q2021,GBP,United Kingdom
LGO.L,LGO ENERGY PLC,LSE AIM,GB00B1TWX932,GBP,United Kingdom
LGT.L,LIGHTHOUSE GROUP PLC,LSE AIM,GB0009779116,GBP,United Kingdom
LID.L,LIDCO GROUP,LSE AIM,GB0030546849,GBP,United Kingdom
LIFE.L,LIFE SCIENCE DEVELOPMENTS LTD,LSE AIM,VGG7255F1062,GBP,United Kingdom
LIO.L,LIONTRUST ASSET MANAGEMENT,LSE,GB0007388407,GBP,United Kingdom
LIV.L,LIVERMORE INVESTMENTS GROUP LTD,LSE AIM,VGG550931015,GBP,United Kingdom
LIVN.L,LIVANOVA PLC,LSE,GB00BYMT0J19,GBP,United Kingdom
LKOD.L,LUKOIL PJSC,LSE,US69343P1057,GBP,United Kingdom
LKOE.L,LUKOIL PJSC,LSE,US69343P2048,GBP,United Kingdom
LKOH.L,LUKOIL PJSC,LSE,RU0009024277,GBP,United Kingdom
LKUU.L,MULTI UNITS FRANCE,LSE,FR0010614834,GBP,United Kingdom
LKUW.L,MULTI UNITS FRANCE,LSE,FR0010614834,GBP,United Kingdom
LLD1.L,LLOYDS BANKING GROUP PLC,LSE,USG5533WAA56,GBP,United Kingdom
LLD2.L,LLOYDS BANKING GROUP PLC,LSE,US539439AC38,GBP,United Kingdom
LLD5.L,LLOYDS BANKING GROUP PLC,LSE,US539439AE93,GBP,United Kingdom
LLD6.L,LLOYDS BANKING GROUP PLC,LSE,US539439AF68,GBP,United Kingdom
LLD7.L,LLOYDS BANKING GROUP PLC,LSE,US539439AB54,GBP,United Kingdom
LLOY.L,LLOYDS BANKING GROUP PLC,LSE,GB0008706128,GBP,United Kingdom
LLPC.L,LLOYDS BANKING GROUP PLC,LSE,GB00B3KS9W93,GBP,United Kingdom
LLPD.L,LLOYDS BANKING GROUP PLC,LSE,GB00B3KSB238,GBP,United Kingdom
LLPE.L,LLOYDS BANKING GROUP PLC,LSE,GB00B3KSB568,GBP,United Kingdom
LLPG.L,LLOYDS BANKING GROUP PLC,LSE,XS0408826427,GBP,United Kingdom
LLPH.L,LLOYDS BANKING GROUP PLC,LSE,GB00B3KSBH82,GBP,United Kingdom
LLPJ.L,LLOYDS BANKING GROUP PLC,LSE,GB00B3KSBK12,GBP,United Kingdom
LLPK.L,LLOYDS BANKING GROUP PLC,LSE,XS0460002693,GBP,United Kingdom
LME.L,LIMITLESS EARTH PLC,LSE AIM,GB00BKXP5L71,GBP,United Kingdom
LMI.L,LONMIN,LSE,GB00BYSRJ698,GBP,United Kingdom
LMP.L,LONDONMETRIC PROPERTY PLC,LSE,GB00B4WFW713,GBP,United Kingdom
LMS.L,LMS CAPITAL PLC,LSE,GB00B12MHD28,GBP,United Kingdom
LND.L,LANDORE RESOURCES PLC,LSE AIM,GB00B06VJ325,GBP,United Kingdom
LNTA.L,LENTA LTD,LSE,US52634T2006,GBP,United Kingdom
LNTR.L,LENTA LTD,LSE,US52634T1016,GBP,United Kingdom
LOGP.L,LANSDOWNE OIL & GAS,LSE AIM,GB00B1250X28,GBP,United Kingdom
LOK.L,LOK'N STORE GROUP,LSE AIM,GB0007276115,GBP,United Kingdom
LOOK.L,LOOKERS,LSE,GB00B17MMZ46,GBP,United Kingdom
LOOP.L,LOOPUP GROUP PLC,LSE AIM,GB00BYQP6S60,GBP,United Kingdom
LOTS.L,LOTTE SHOPPING CO LTD,LSE,US54569T1060,GBP,United Kingdom
LPA.L,LPA GROUP,LSE AIM,GB0007320806,GBP,United Kingdom
LRD.L,LAIRD PLC,LSE,GB00B1VNST91,GBP,United Kingdom
LRE.L,LANCASHIRE HLDGS,LSE,BMG5361W1047,GBP,United Kingdom
LRM.L,LOMBARD RISK MANAGEMENT,LSE AIM,GB00B030JP46,GBP,United Kingdom
LSC.L,LONDON SECURITY PLC,LSE AIM,GB0005314363,GBP,United Kingdom
LSE.L,LONDON STOCK EXCHANGE GROUP,LSE,GB00B0SWJX34,GBP,United Kingdom
LSIC.L,LIFELINE SCIENTIFIC INC,LSE AIM,US53223V1017,GBP,United Kingdom
LSL.L,LSL PROPERTY SERVICES PLC,LSE,GB00B1G5HX72,GBP,United Kingdom
LSLI.L,LONDON & ST LAWRENCE INVESTMENT,LSE,GB0005310056,GBP,United Kingdom
LSR.L,LOCAL SHOPPING REIT PLC(THE),LSE,GB00B1VS7G47,GBP,United Kingdom
LSRG.L,LSR GROUP PJSC,LSE,US50218G2066,GBP,United Kingdom
LTG.L,LEARNING TECHNOLOGIES GROUP PLC,LSE AIM,GB00B4T7HX10,GBP,United Kingdom
LTHM.L,LATHAM(JAMES),LSE AIM,GB00B04NP100,GBP,United Kingdom
LTHP.L,LATHAM(JAMES),LSE AIM,GB0005065312,GBP,United Kingdom
LTI.L,LINDSELL TRAIN INVESTMENT TST(THE),LSE,GB0031977944,GBP,United Kingdom
LUK2.L,GO UCITS ETF SOLUTIONS PLC,LSE,IE00B4QNJJ23,GBP,United Kingdom
LVD.L,LAVENDON GROUP,LSE,GB0005057541,GBP,United Kingdom
LVRT.L,LEVRETT PLC,LSE,GB00BYW79Y38,GBP,United Kingdom
LWB.L,LOW & BONAR PLC,LSE,GB0005363014,GBP,United Kingdom
LWDB.L,LAW DEBENTURE CORP,LSE,GB0031429219,GBP,United Kingdom
LWI.L,LOWLAND INVESTMENT CO,LSE,GB0005368062,GBP,United Kingdom
LWRF.L,LIGHTWAVERF PLC,LSE AIM,GB00BKJ9BV58,GBP,United Kingdom
LXB.L,LXB RETAIL PROPERTIES PLC,LSE AIM,JE00B4MFKH73,GBP,United Kingdom
MAB.L,MITCHELLS & BUTLERS,LSE,GB00B1FP6H53,GBP,United Kingdom
MAB1.L,MORTGAGE ADVICE BUREAU (HLDGS) LTD,LSE AIM,GB00BQSBH502,GBP,United Kingdom
MAC.L,MARECHALE CAPITAL PLC,LSE AIM,GB0005401087,GBP,United Kingdom
MACF.L,MACFARLANE GROUP,LSE,GB0005518872,GBP,United Kingdom
MAFL.L,MINERAL & FINANCIAL INVESTMENTS LTD,LSE AIM,KYG6181G1055,GBP,United Kingdom
MAGP.L,MAGNOLIA PETROLEUM PLC,LSE AIM,GB00B1G3RY22,GBP,United Kingdom
MAI.L,MAINTEL HLDGS,LSE AIM,GB00B046YG73,GBP,United Kingdom
MAIL.L,MAIL.RU GROUP LTD,LSE,US5603172082,GBP,United Kingdom
MAJE.L,MAJEDIE INVESTMENTS,LSE,GB0005555221,GBP,United Kingdom
MANX.L,MANX TELECOM PLC,LSE AIM,IM00BHY3RF70,GBP,United Kingdom
MARL.L,MARIANA RESOURCES,LSE AIM,GG00BD3GC324,GBP,United Kingdom
MARS.L,MARSTON'S PLC,LSE,GB00B1JQDM80,GBP,United Kingdom
MASA.L,MASAWARA PLC,LSE AIM,JE00B42XFD25,GBP,United Kingdom
MATD.L,PETRO MATAD LTD,LSE AIM,IM00B292WR19,GBP,United Kingdom
MAV4.L,MAVEN INCOME & GROWTH VCT 4 PLC,LSE,GB00B043QW84,GBP,United Kingdom
MAW.L,MARUWA CO LTD,LSE,JP3879250003,GBP,United Kingdom
MAYA.L,MAYAIR GROUP PLC,LSE AIM,JE00BWV6BD02,GBP,United Kingdom
MBH.L,MICHELMERSH BRICK HLDGS,LSE AIM,GB00B013H060,GBP,United Kingdom
MBO.L,MOBILITYONE LTD,LSE AIM,JE00B1Z48326,GBP,United Kingdom
MBSP.L,MANCHESTER BUILDING SOCIETY,LSE,GB00B0712W15,GBP,United Kingdom
MBSR.L,MANCHESTER BUILDING SOCIETY,LSE,GB0008775057,GBP,United Kingdom
MBT.L,MOBILE TORNADO GROUP,LSE AIM,GB00B01RQV23,GBP,United Kingdom
MCB.L,MCBRIDE,LSE,GB0005746358,GBP,United Kingdom
MCGN.L,MICROGEN,LSE,GB00BVVHWX30,GBP,United Kingdom
MCKS.L,MCKAY SECURITIES,LSE,GB0005522007,GBP,United Kingdom
MCL.L,MORSES CLUB PLC,LSE AIM,GB00BZ6C4F71,GBP,United Kingdom
MCLS.L,MCCOLL'S RETAIL GROUP PLC,LSE,GB00BJ3VW957,GBP,United Kingdom
MCO.L,MARTINCO PLC,LSE AIM,GB00BH0WFH67,GBP,United Kingdom
MCON.L,MINCON GROUP PLC,LSE AIM,IE00BD64C665,GBP,United Kingdom
MCP.L,MARTIN CURRIE ASIA UNCONSTND TR PLC,LSE,GB0005695126,GBP,United Kingdom
MCRO.L,MICRO FOCUS INTERNATIONAL,LSE,GB00BQY7BX88,GBP,United Kingdom
MCS.L,MCCARTHY & STONE PLC,LSE,GB00BYNVD082,GBP,United Kingdom
MCT.L,MIDDLEFIELD CANADIAN INC PCC,LSE,GB00B15PV034,GBP,United Kingdom
MDC.L,MEDICLINIC INTERNATIONAL PLC,LSE,GB00B8HX8Z88,GBP,United Kingdom
MDMG.L,MD MEDICAL GROUP INVEST PLC,LSE,US55279C2008,GBP,United Kingdom
MDO.L,MANDARIN ORIENTAL INTERNATIONAL,LSE,BMG578481068,GBP,United Kingdom
MDOB.L,MANDARIN ORIENTAL INTERNATIONAL,LSE,BMG578481068,GBP,United Kingdom
MDOJ.L,MANDARIN ORIENTAL INTERNATIONAL,LSE,BMG578481068,GBP,United Kingdom
MDZ.L,MEDIAZEST,LSE AIM,GB00B064NT52,GBP,United Kingdom
MED.L,MEDAPHOR GROUP PLC,LSE AIM,GB00BN791Q39,GBP,United Kingdom
MEDI.L,MEDILINK-GLOBAL UK LTD,LSE AIM,JE00B3FFC377,GBP,United Kingdom
MEI.L,MEDIA & INCOME TRUST,LSE,GB0009216283,GBP,United Kingdom
MEIP.L,MEDIA & INCOME TRUST,LSE,GB0030358831,GBP,United Kingdom
MEL.L,MITSUBISHI ELECTRIC CORP,LSE,JP3902400005,GBP,United Kingdom
MER.L,MEARS GROUP,LSE,GB0005630420,GBP,United Kingdom
MERC.L,MERCIA TECHNOLOGIES PLC,LSE AIM,GB00BSL71W47,GBP,United Kingdom
MERL.L,MERLIN ENTERTAINMENTS PLC,LSE,GB00BDZT6P94,GBP,United Kingdom
MFON.L,MEGAFON(PJSC),LSE,US58517T2096,GBP,United Kingdom
MFX.L,MANX FINANCIAL GROUP PLC,LSE AIM,IM00B28ZPX83,GBP,United Kingdom
MGAM.L,MORGAN ADVANCED MATERIALS PLC,LSE,GB0006027295,GBP,United Kingdom
MGGT.L,MEGGITT PLC,LSE,GB0005758098,GBP,United Kingdom
MGHC.L,M&G HIGH INCOME INVESTMENT TRUST,LSE,GB0005532709,GBP,United Kingdom
MGHI.L,M&G HIGH INCOME INVESTMENT TRUST,LSE,GB0005532816,GBP,United Kingdom
MGHP.L,M&G HIGH INCOME INVESTMENT TRUST,LSE,GB0005533004,GBP,United Kingdom
MGHU.L,M&G HIGH INCOME INVESTMENT TRUST,LSE,GB0005532923,GBP,United Kingdom
MGHZ.L,M&G HIGH INCOME INVESTMENT TRUST,LSE,GB0005533228,GBP,United Kingdom
MGNS.L,MORGAN SINDALL GROUP PLC,LSE,GB0008085614,GBP,United Kingdom
MGNT.L,MAGNIT PJSC,LSE,US55953Q2021,GBP,United Kingdom
MGR.L,MITON GROUP PLC,LSE AIM,GB00B01WR582,GBP,United Kingdom
MHM.L,MARSH & MCLENNAN COS INC,LSE,US5717481023,GBP,United Kingdom
MHN.L,MENHADEN CAPITAL PLC,LSE,GB00BZ0XWD04,GBP,United Kingdom
MHPC.L,MHP SA,LSE,US55302T2042,GBP,United Kingdom
MIDW.L,MIDWICH GROUP PLC,LSE AIM,GB00BYSXWW41,GBP,United Kingdom
MIG.L,MOBEUS INCOME & GROWTH 2 VCT PLC,LSE,GB00B0LKLZ05,GBP,United Kingdom
MIG1.L,MAVEN INCOME & GROWTH VCT PLC,LSE,GB0004122858,GBP,United Kingdom
MIG2.L,MAVEN INCOME & GROWTH VCT 2 PLC,LSE,GB0030367451,GBP,United Kingdom
MIG3.L,MAVEN INCOME & GROWTH VCT 3 PLC,LSE,GB0031153769,GBP,United Kingdom
MIG4.L,MOBEUS INCOME & GROWTH 4 VCT PLC,LSE,GB00B1FMDH51,GBP,United Kingdom
MIG5.L,MAVEN INCOME & GROWTH VCT 5 PLC,LSE,GB0002057536,GBP,United Kingdom
MIG6.L,MAVEN INCOME & GROWTH VCT 6 PLC,LSE,GB00B1BV3Z44,GBP,United Kingdom
MIGO.L,MITON GLOBAL OPPORTUNITIES PLC,LSE,GB0034365949,GBP,United Kingdom
MIK.L,MEIKLES LTD,LSE,ZW0009012114,GBP,United Kingdom
MIL.L,MYANMAR INVESTMENTS INTL LTD,LSE AIM,VGG636111004,GBP,United Kingdom
MILW.L,MYANMAR INVESTMENTS INTL LTD,LSE AIM,VGG636111186,GBP,United Kingdom
MIN.L,MINOAN GROUP,LSE AIM,GB0008497975,GBP,United Kingdom
MINI.L,MITON UK MICROCAP TRUST PLC,LSE,GB00BWFGQ085,GBP,United Kingdom
MIO.L,MINCO PLC,LSE AIM,IE0004678326,GBP,United Kingdom
MIRA.L,MIRADA PLC,LSE AIM,GB00B29WFV68,GBP,United Kingdom
MIX.L,MOBEUS INCOME & GROWTH VCT PLC,LSE,GB00B01WL239,GBP,United Kingdom
MKA.L,MKANGO RESOURCES LTD,LSE AIM,CA60686A4090,GBP,United Kingdom
MKLW.L,MUCKLOW(A.& J.)GROUP,LSE,GB0006091408,GBP,United Kingdom
MKS.L,MARKS & SPENCER GROUP,LSE,GB0031274896,GBP,United Kingdom
MKT.L,MARKET TECH HLDG LTD,LSE,GG00BSSWD593,GBP,United Kingdom
MLC.L,MILLENNIUM & COPTHORNE HOTELS,LSE,GB0005622542,GBP,United Kingdom
MLD.L,MIRLAND DEVELOPMENT CORP PLC,LSE AIM,CY0100141015,GBP,United Kingdom
MLIN.L,MOLINS,LSE AIM,GB0005991111,GBP,United Kingdom
MMC.L,MANAGEMENT CONSULTING GROUP,LSE,GB0001979029,GBP,United Kingdom
MMH.L,MARSHALL MOTOR HLDGS PLC,LSE AIM,GB00BVYB2Q58,GBP,United Kingdom
MMK.L,MAGNITOGORSK IRON & STEEL WORKS,LSE,US5591892048,GBP,United Kingdom
MMO.L,MERCOM CAPITAL PLC,LSE AIM,GB00B979BX21,GBP,United Kingdom
MMX.L,MINDS + MACHINES GROUP LTD,LSE AIM,VGG614091012,GBP,United Kingdom
MNC.L,METMINCO LTD,LSE AIM,AU000000MNC7,GBP,United Kingdom
MNDI.L,MONDI PLC,LSE,GB00B1CRLC47,GBP,United Kingdom
MNKS.L,MONKS INVESTMENT TRUST,LSE,GB0030517261,GBP,United Kingdom
MNL.L,MANCHESTER & LONDON INV TRUST PLC,LSE,GB0002258472,GBP,United Kingdom
MNMD.L,MANDO MACHINERY CORP,LSE,USY576241019,GBP,United Kingdom
MNP.L,MARTIN CURRIE GLOBAL PORTFOLIO TST,LSE,GB0005372411,GBP,United Kingdom
MNZS.L,MENZIES(JOHN),LSE,GB0005790059,GBP,United Kingdom
MOGP.L,MOUNTFIELD GROUP PLC,LSE AIM,GB00B3CQW227,GBP,United Kingdom
MONI.L,MONITISE PLC,LSE AIM,GB00B1YMRB82,GBP,United Kingdom
MONY.L,MONEYSUPERMARKET.COM GROUP PLC,LSE,GB00B1ZBKY84,GBP,United Kingdom
MORT.L,MORTICE LTD,LSE AIM,SG9999005326,GBP,United Kingdom
MOS.L,MOBILE STREAMS,LSE AIM,GB00B0WJ3L68,GBP,United Kingdom
MOSB.L,MOSS BROS GROUP,LSE,GB0006056104,GBP,United Kingdom
MOTR.L,MOTORPOINT GROUP PLC,LSE,GB00BD0SFR60,GBP,United Kingdom
MPAY.L,MI-PAY GROUP PLC,LSE AIM,GB00B0N59376,GBP,United Kingdom
MPE.L,M.P.EVANS GROUP,LSE AIM,GB0007538100,GBP,United Kingdom
MPH.L,MEREO BIOPHARMA GROUP LTD,LSE AIM,GB00BZ4G2K23,GBP,United Kingdom
MPM.L,MPORIUM GROUP PLC,LSE AIM,GB00BGDW0L56,GBP,United Kingdom
MPO.L,MACAU PROPERTY OPPORTUNITIES FUND,LSE,GB00B1436N68,GBP,United Kingdom
MRC.L,MERCANTILE INVESTMENT TST PLC(THE),LSE,GB0005794036,GBP,United Kingdom
MRCH.L,MERCHANTS TRUST,LSE,GB0005800072,GBP,United Kingdom
MRL.L,MARLOWE PLC,LSE AIM,GB00BD8SLV43,GBP,United Kingdom
MRO.L,MELROSE INDUSTRIES PLC,LSE,GB00BZ1G4322,GBP,United Kingdom
MRS.L,MANAGEMENT RESOURCE SOLUTIONS PLC,LSE AIM,GB00B8BL4R23,GBP,United Kingdom
MRSA.L,ROSSETI PJSC,LSE,US69343X1081,GBP,United Kingdom
MRW.L,MORRISON(WM.)SUPERMARKETS,LSE,GB0006043169,GBP,United Kingdom
MSD.L,MUSEDIA CORP,LSE,US68389V1098,GBP,United Kingdom
MSG.L,MILESTONE GROUP,LSE AIM,GB0033127910,GBP,United Kingdom
MSI.L,MS INTERNATIONAL,LSE AIM,GB0005957005,GBP,United Kingdom
MSLH.L,MARSHALLS,LSE,GB00B012BV22,GBP,United Kingdom
MSMN.L,MOSMAN OIL & GAS LTD,LSE AIM,AU0000XINET1,GBP,United Kingdom
MSYS.L,MICROSAIC SYSTEMS PLC,LSE AIM,GB00B547ZY09,GBP,United Kingdom
MTC.L,MOTHERCARE,LSE,GB0009067447,GBP,United Kingdom
MTE.L,MONTANARO EUROPEAN SMALLER COS TST,LSE,GB0004543517,GBP,United Kingdom
MTEC.L,MATCHTECH GROUP PLC,LSE AIM,GB00B1FMDQ43,GBP,United Kingdom
MTFB.L,MOTIF BIO PLC,LSE AIM,GB00BVVT4H71,GBP,United Kingdom
MTH.L,MITHRAS INVESTMENT TRUST,LSE,GB0005962864,GBP,United Kingdom
MTL.L,METALS EXPLORATION PLC,LSE AIM,GB00B0394F60,GBP,United Kingdom
MTMY.L,MATOMY MEDIA GROUP LTD,LSE,IL0011316978,GBP,United Kingdom
MTO.L,MITIE GROUP,LSE,GB0004657408,GBP,United Kingdom
MTPH.L,MIDATECH PHARMA PLC,LSE AIM,GB00BRTL9B63,GBP,United Kingdom
MTR.L,METAL TIGER PLC,LSE AIM,GB0030493232,GBP,United Kingdom
MTRO.L,METRO BANK PLC,LSE,GB00BZ6STL67,GBP,United Kingdom
MTU.L,MONTANARO UK SMALLER COS INVESTM TR,LSE,GB0006007560,GBP,United Kingdom
MTVW.L,MOUNTVIEW ESTATES,LSE,GB0006081037,GBP,United Kingdom
MTW.L,MATTIOLI WOODS,LSE AIM,GB00B0MT3Y97,GBP,United Kingdom
MUBL.L,MBL GROUP PLC,LSE AIM,GB00B0W48T45,GBP,United Kingdom
MUL.L,MULBERRY GROUP,LSE AIM,GB0006094303,GBP,United Kingdom
MUR.L,MURGITROYD GROUP,LSE AIM,GB0031067456,GBP,United Kingdom
MUT.L,MURRAY INCOME TRUST,LSE,GB0006111123,GBP,United Kingdom
MVI.L,MARWYN VALUE INVESTORS LTD,LSE,KYG5897M1740,GBP,United Kingdom
MWE.L,MTI WIRELESS EDGE,LSE AIM,IL0010958762,GBP,United Kingdom
MWG.L,MODERN WATER PLC,LSE AIM,GB00B1XF5X66,GBP,United Kingdom
MWY.L,MID WYND INTL INVESTMENT TRUST PLC,LSE,GB00B6VTTK07,GBP,United Kingdom
MXCP.L,MXC CAPITAL LTD,LSE AIM,GG00BSBMMK42,GBP,United Kingdom
MXCT.L,MAXCYTE INC,LSE AIM,US57777K1060,GBP,United Kingdom
MXF.L,MEDICX FUND LTD,LSE,GG00B1DVQL92,GBP,United Kingdom
MXO.L,MX OIL PLC,LSE AIM,GB00BKRV5441,GBP,United Kingdom
MYI.L,MURRAY INTERNATIONAL TRUST,LSE,GB0006111909,GBP,United Kingdom
MYN.L,MAYAN ENERGY LTD,LSE AIM,VGG5S26K1079,GBP,United Kingdom
MYSL.L,MYSALE GROUP PLC,LSE AIM,JE00BMH4MR96,GBP,United Kingdom
MYSQ.L,MYSQUAR LTD,LSE AIM,VGG6361G1072,GBP,United Kingdom
MYT.L,MYTRAH ENERGY LTD,LSE AIM,GG00B64BJ143,GBP,United Kingdom
MYX.L,MYCELX TECHNOLOGIES CORP,LSE AIM,US62847T2024,GBP,United Kingdom
MYXR.L,MYCELX TECHNOLOGIES CORP,LSE AIM,USU624551078,GBP,United Kingdom
NABB.L,NATIONWIDE BUILDING SOCIETY,LSE,GB0001777886,GBP,United Kingdom
NAH.L,NAHL GROUP PLC,LSE AIM,GB00BM7S2W63,GBP,United Kingdom
NAIT.L,NORTH AMERICAN INCOME TST (THE) PLC,LSE,GB0000293620,GBP,United Kingdom
NAK.L,NAKAMA GROUP PLC,LSE AIM,GB0004251970,GBP,United Kingdom
NANO.L,NANOCO GROUP PLC,LSE,GB00B01JLR99,GBP,United Kingdom
NANW.L,NATIONWIDE BUILDING SOCIETY,LSE,GB00B120GX99,GBP,United Kingdom
NAR.L,NORTHAMBER,LSE AIM,GB00B2Q99X01,GBP,United Kingdom
NAS.L,NORTH ATLANTIC SMALL COS INV TST,LSE,GB0006439003,GBP,United Kingdom
NASA.L,NASSTAR,LSE AIM,GB00B0T1S097,GBP,United Kingdom
NAWI.L,NATIONWIDE BUILDING SOCIETY,LSE,XS0284776274,GBP,United Kingdom
NBB.L,NORMAN BROADBENT PLC,LSE AIM,GB00B3VF4Y66,GBP,United Kingdom
NBDD.L,NB DISTRESSED DEBT INV FD LTD,LSE,GG00BYT2S112,GBP,United Kingdom
NBDG.L,NB DISTRESSED DEBT INV FD LTD,LSE,GG00BH7JH183,GBP,United Kingdom
NBDX.L,NB DISTRESSED DEBT INV FD LTD,LSE,GG00BYT2S336,GBP,United Kingdom
NBI.L,NORTHBRIDGE INDUSTRIAL SERVICES,LSE AIM,GB00B0SPFW38,GBP,United Kingdom
NBLS.L,NB GLOBAL FLOATING RATE INC FD LTD,LSE,GG00B3KX4Q34,GBP,United Kingdom
NBLU.L,NB GLOBAL FLOATING RATE INC FD LTD,LSE,GG00B3P7S359,GBP,United Kingdom
NBPE.L,NB PRIVATE EQUITY PARTNERS LTD,LSE,GG00B1ZBD492,GBP,United Kingdom
NBPZ.L,NB PRIVATE EQUITY PARTNERS LTD,LSE,GG00B4ZXGJ22,GBP,United Kingdom
NBSP.L,NEWCASTLE BUILDING SOCIETY,LSE,GB0006371529,GBP,United Kingdom
NBSR.L,NEWCASTLE BUILDING SOCIETY,LSE,GB0006361371,GBP,United Kingdom
NCA.L,NEW CENTURY AIM VCT,LSE,GB00B06JWZ91,GBP,United Kingdom
NCA2.L,NEW CENTURY AIM VCT 2 PLC,LSE,GB00B1SN3863,GBP,United Kingdom
NCC.L,NCC GROUP,LSE,GB00B01QGK86,GBP,United Kingdom
NCCL.L,NCONDEZI ENERGY LTD,LSE AIM,VGG640631039,GBP,United Kingdom
NCSP.L,NOVOROSSIYSK COMMERCIAL SEA PORT,LSE,US67011U2087,GBP,United Kingdom
NCYF.L,CQS NEW CITY HIGH YIELD FD LTD,LSE,JE00B1LZS514,GBP,United Kingdom
NEP.L,NEPTUNE-CALCULUS INCOME&GROWTH VCT,LSE,GB00B0523M32,GBP,United Kingdom
NEPI.L,NEW EUROPE PROPERTY INVESTMENTS PLC,LSE AIM,IM00B23XCH02,GBP,United Kingdom
NESF.L,NEXTENERGY SOLAR FUND LTD,LSE,GG00BJ0JVY01,GBP,United Kingdom
NET.L,NETCALL,LSE AIM,GB0000060532,GBP,United Kingdom
NETD.L,NETDIMENSIONS(HLDGS)LTD,LSE AIM,KYG6427F1019,GBP,United Kingdom
NEW.L,NEW WORLD OIL & GAS PLC,LSE AIM,JE00B65FK239,GBP,United Kingdom
NEX.L,NATIONAL EXPRESS GROUP,LSE,GB0006215205,GBP,United Kingdom
NFC.L,NEXT FIFTEEN COMMUNICATIONS GROUP,LSE AIM,GB0030026057,GBP,United Kingdom
NG.L,NATIONAL GRID,LSE,GB00B08SNH34,GBP,United Kingdom
NGR.L,NATURE GROUP PLC,LSE AIM,JE00B3B5FZ40,GBP,United Kingdom
NHY.L,NORSK HYDRO ASA,LSE,NO0005052605,GBP,United Kingdom
NICL.L,NICHOLS,LSE AIM,GB0006389398,GBP,United Kingdom
NII.L,NEW INDIA INVESTMENT TRUST,LSE,GB0006048770,GBP,United Kingdom
NIPT.L,PREMAITH HEALTH PLC,LSE AIM,GB00BN31ZD89,GBP,United Kingdom
NKTN.L,NEKTAN PLC,LSE AIM,GI000A12CYF8,GBP,United Kingdom
NLG.L,ARRIA NLG PLC,LSE AIM,GB00BGDFBC25,GBP,United Kingdom
NLGW.L,ARRIA NLG PLC,LSE AIM,GB00BGDFLX36,GBP,United Kingdom
NLMA.L,NOVOLIPETSK IRON AND STEEL CORP,LSE,US67011E1055,GBP,United Kingdom
NLMK.L,NOVOLIPETSK IRON AND STEEL CORP,LSE,US67011E2046,GBP,United Kingdom
NMB.L,NMBZ HLDGS,LSE,ZW0009011389,GBP,United Kingdom
NMBA.L,NMBZ HLDGS,LSE,ZW0009011389,GBP,United Kingdom
NMC.L,NMC HEALTH PLC,LSE,GB00B7FC0762,GBP,United Kingdom
NMD.L,NORTH MIDLAND CONSTRUCTION,LSE,GB0006452857,GBP,United Kingdom
NMG.L,NORICUM GOLD LTD,LSE AIM,VGG659191057,GBP,United Kingdom
NOG.L,NOSTRUM OIL & GAS PLC,LSE,GB00BGP6Q951,GBP,United Kingdom
NOP.L,NORTHERN PETROLEUM,LSE AIM,GB00B0D47T64,GBP,United Kingdom
NORD.L,NORD GOLD SE,LSE,US65557T2050,GBP,United Kingdom
NOTP.L,NOTTINGHAM BUILDING SOCIETY,LSE,GB0030517931,GBP,United Kingdom
NPSN.L,NASPERS,LSE,US6315121003,GBP,United Kingdom
NPT.L,NETPLAY TV PLC,LSE AIM,GB00BZBXBN29,GBP,United Kingdom
NRI.L,NORTHERN INVESTORS CO,LSE,GB00B08S4K30,GBP,United Kingdom
NRR.L,NEWRIVER REIT PLC,LSE,GB00BD7XPJ64,GBP,United Kingdom
NRRP.L,NORTH RIVER RESOURCES PLC,LSE AIM,GB00BDDRJJ03,GBP,United Kingdom
NSA.L,NIMROD SEA ASSETS LTD,LSE,GG00BK0SC854,GBP,United Kingdom
NSCI.L,NETSCIENTIFIC PLC,LSE AIM,GB00B9F4MT28,GBP,United Kingdom
NSF.L,NON-STANDARD FINANCE PLC,LSE,GB00BRJ6JV17,GBP,United Kingdom
NSH.L,NORISH,LSE AIM,IE0006447985,GBP,United Kingdom
NSI.L,NEW STAR INVESTMENT TRUST,LSE,GB0002631041,GBP,United Kingdom
NTA.L,NORTHACRE,LSE AIM,GB0006877939,GBP,United Kingdom
NTBC.L,NOIDA TOLL BRIDGE CO,LSE AIM,US65527N1063,GBP,United Kingdom
NTBR.L,NORTHERN BEAR PLC,LSE AIM,GB00B19FLM15,GBP,United Kingdom
NTEA.L,NORTHERN ELECTRIC,LSE,GB0006546898,GBP,United Kingdom
NTG.L,NORTHGATE PLC,LSE,GB00B41H7391,GBP,United Kingdom
NTLG.L,NEW TREND LIFESTYLE GROUP PLC,LSE AIM,GB00B8L0LP68,GBP,United Kingdom
NTN.L,NORTHERN 3 VCT,LSE,GB0031152027,GBP,United Kingdom
NTOG.L,NOSTRA TERRA OIL&GAS CO PLC,LSE AIM,GB00BZ76F335,GBP,United Kingdom
NTQ.L,ENTEQ UPSTREAM PLC,LSE AIM,GB00B41Q8Q68,GBP,United Kingdom
NTV.L,NORTHERN 2 VCT,LSE,GB0005356430,GBP,United Kingdom
NUM.L,NUMIS CORP,LSE AIM,GB00B05M6465,GBP,United Kingdom
NUOG.L,NU-OIL AND GAS PLC,LSE AIM,GB00B29T9605,GBP,United Kingdom
NVA.L,NOVAE GROUP,LSE,GB00B40SF849,GBP,United Kingdom
NVT.L,NORTHERN VENTURE TRUST,LSE,GB0006450703,GBP,United Kingdom
NVTK.L,NOVATEK OAO,LSE,US6698881090,GBP,United Kingdom
NWBD.L,NATIONAL WESTMINSTER BANK,LSE,GB0006227051,GBP,United Kingdom
NWF.L,N.W.F GROUP,LSE AIM,GB0006523608,GBP,United Kingdom
NWIG.L,NORTHWEST INVESTMENT GROUP LTD,LSE AIM,VGG666521197,GBP,United Kingdom
NWR.L,NEW WORLD RESOURCES PLC,LSE,GB00B42CTW68,GBP,United Kingdom
NWT.L,NEWMARK SECURITY,LSE AIM,GB0006596406,GBP,United Kingdom
NXR.L,NORCROS PLC,LSE,GB00BYYJL418,GBP,United Kingdom
NXT.L,NEXT,LSE,GB0032089863,GBP,United Kingdom
NYO.L,NYOTA MINERALS LTD,LSE AIM,AU000000NYO7,GBP,United Kingdom
OAP3.L,OCTOPUS APOLLO VCT  PLC,LSE,GB00B17B3479,GBP,United Kingdom
OBT.L,OBTALA LTD,LSE AIM,GG00B4WJSD17,GBP,United Kingdom
OCDO.L,OCADO GROUP PLC,LSE,GB00B3MBS747,GBP,United Kingdom
OCL.L,OAKLEY CAPITAL INVESTMENTS LTD,LSE AIM,BMG670131058,GBP,United Kingdom
OCN.L,OCEAN WILSONS HLDGS,LSE,BMG6699D1074,GBP,United Kingdom
OCT.L,OCTAGONAL PLC,LSE AIM,GB00BWWCHQ23,GBP,United Kingdom
OCV3.L,OCTOPUS VCT 3 PLC,LSE,GB00B4KQKM77,GBP,United Kingdom
OCV4.L,OCTOPUS VCT 4 PLC,LSE,GB00B6QM2B64,GBP,United Kingdom
ODX.L,OMEGA DIAGNOSTICS GROUP PLC,LSE AIM,GB00B1VCP282,GBP,United Kingdom
OEC1.L,OCTOPUS ECLIPSE VCT PLC,LSE,GB00B00MKB60,GBP,United Kingdom
OEX.L,OILEX LTD,LSE AIM,AU000000OEX8,GBP,United Kingdom
OGDC.L,OIL & GAS DEVELOPMENT CO,LSE,US67778Q2003,GBP,United Kingdom
OGN.L,ORIGIN ENTERPRISES PLC,LSE AIM,IE00B1WV4493,GBP,United Kingdom
OGZD.L,GAZPROM OAO,LSE,US3682872078,GBP,United Kingdom
OIG.L,ORYX INTERNATIONAL GROWTH FUND,LSE,GG00B3BTVQ94,GBP,United Kingdom
OKEY.L,O'KEY GROUP SA,LSE,US6708662019,GBP,United Kingdom
OMG.L,OMG,LSE AIM,GB0030312788,GBP,United Kingdom
OMI.L,OROSUR MINING INC,LSE AIM,CA6871961059,GBP,United Kingdom
OMIP.L,ONE MEDIA IP GROUP PLC,LSE AIM,GB00B1DRDZ07,GBP,United Kingdom
OML.L,OLD MUTUAL PLC,LSE,GB00B77J0862,GBP,United Kingdom
ONC.L,ONCIMMUNE HLDGS PLC,LSE AIM,GB00BYQ94H38,GBP,United Kingdom
ONEV.L,ONEVIEW GROUP PLC,LSE AIM,GB0000496611,GBP,United Kingdom
ONL.L,ON-LINE PLC,LSE AIM,GB0006601479,GBP,United Kingdom
ONZ.L,ONZIMA VENTURES PLC,LSE AIM,GB00BYQCDH57,GBP,United Kingdom
OOA.L,OCTOPUS AIM VCT PLC,LSE,GB0034202076,GBP,United Kingdom
OPG.L,OPG POWER VENTURE PLC,LSE AIM,IM00B2R3RX72,GBP,United Kingdom
OPHR.L,OPHIR ENERGY PLC,LSE,GB00B24CT194,GBP,United Kingdom
OPM.L,1PM PLC,LSE AIM,GB00BCDBXK43,GBP,United Kingdom
OPP.L,ORIGO PARTNERS PLC,LSE AIM,IM00B1G3MS12,GBP,United Kingdom
OPPP.L,ORIGO PARTNERS PLC,LSE AIM,IM00B3SXFX94,GBP,United Kingdom
OPRA.L,OPERA INVESTMENTS PLC,LSE,GB00BSNBL022,GBP,United Kingdom
OPTI.L,OPTIBIOTIX HEALTH PLC,LSE AIM,GB00BP0RTP38,GBP,United Kingdom
ORCH.L,ORCHARD FUNDING GROUP PLC,LSE AIM,GB00BYZFM569,GBP,United Kingdom
ORCP.L,ORACLE COALFIELDS PLC,LSE AIM,GB00B23JN426,GBP,United Kingdom
ORDS.L,OOREDOO QSC,LSE,US6834202029,GBP,United Kingdom
ORE.L,OROGEN GOLD PLC,LSE AIM,GB00B06LPZ62,GBP,United Kingdom
ORM.L,ORMONDE MINING,LSE AIM,IE0006627891,GBP,United Kingdom
OSB.L,ONESAVINGS BANK PLC,LSE,GB00BM7S7K96,GBP,United Kingdom
OSEC.L,OCTOPUS AIM VCT 2 PLC,LSE,GB00B0JQZZ80,GBP,United Kingdom
OSI.L,OSIRIUM TECHNOLOGIES PLC,LSE AIM,GB00BZ58DH10,GBP,United Kingdom
OTB.L,ON THE BEACH GROUP PLC,LSE,GB00BYM1K758,GBP,United Kingdom
OTC.L,ORTAC RESOURCES LTD,LSE AIM,VGG6829M1005,GBP,United Kingdom
OTES.L,HELLENIC TELECOM.ORGANIZATION S.A.,LSE,US4233253073,GBP,United Kingdom
OTM.L,OTTOMAN FUND(THE),LSE AIM,GB00B0PJ6V42,GBP,United Kingdom
OTMT.L,ORASCOM TELECOM MEDIA&TECH HLDG SAE,LSE,US68555D2062,GBP,United Kingdom
OTT.L,OXFORD TECHNOLOGY 3 VCT PLC,LSE,GB0031420390,GBP,United Kingdom
OTV2.L,OCTOPUS TITAN VCT PLC,LSE,GB00B28V9347,GBP,United Kingdom
OVG.L,OVOCA GOLD,LSE AIM,IE00B4XVDC01,GBP,United Kingdom
OXB.L,OXFORD BIOMEDICA PLC,LSE,GB0006648157,GBP,United Kingdom
OXF.L,OXFORD TECHNOLOGY 4 VCT PLC,LSE,GB00B01H4V84,GBP,United Kingdom
OXH.L,OXFORD TECHNOLOGY 2 VCT,LSE,GB0003105052,GBP,United Kingdom
OXIG.L,OXFORD INSTRUMENTS,LSE,GB0006650450,GBP,United Kingdom
OXP.L,OXFORD PHARMASCIENCE GROUP PLC,LSE AIM,GB00B3LXPB43,GBP,United Kingdom
OXT.L,OXFORD TECHNOLOGY VCT PLC,LSE,GB0006640204,GBP,United Kingdom
P2P.L,P2P GLOBAL INVESTMENTS PLC,LSE,GB00BLP57Y95,GBP,United Kingdom
PAA.L,PARALLEL MEDIA GROUP PLC,LSE AIM,GB00BGSGT481,GBP,United Kingdom
PAC.L,PACIFIC ASSETS TRUST,LSE,GB0006674385,GBP,United Kingdom
PACL.L,PACIFIC ALLIANCE CHINA LAND LTD,LSE AIM,KYG6846Y1035,GBP,United Kingdom
PAF.L,PAN AFRICAN RESOURCES PLC,LSE AIM,GB0004300496,GBP,United Kingdom
PAG.L,PARAGON GROUP OF COMPANIES,LSE,GB00B2NGPM57,GBP,United Kingdom
PAGE.L,PAGEGROUP PLC,LSE,GB0030232317,GBP,United Kingdom
PAL.L,EQUATORIAL PALM OIL PLC,LSE AIM,GB00B2QBNL29,GBP,United Kingdom
PANR.L,PANTHEON RESOURCES,LSE AIM,GB00B125SX82,GBP,United Kingdom
PAY.L,PAYPOINT,LSE,GB00B02QND93,GBP,United Kingdom
PAYS.L,PAYSAFE GROUP PLC,LSE,GB0034264548,GBP,United Kingdom
PCA.L,PALACE CAPITAL PLC,LSE AIM,GB00BF5SGF06,GBP,United Kingdom
PCF.L,PRIVATE & COMMERCIAL FINANCE GROUP,LSE AIM,GB0004189378,GBP,United Kingdom
PCFS.L,POLAR CAPITAL GLOBAL FINANCIALS TR,LSE,GB00B9XQV370,GBP,United Kingdom
PCFT.L,POLAR CAPITAL GLOBAL FINANCIALS TR,LSE,GB00B9XQT119,GBP,United Kingdom
PCGE.L,PCG ENTERTAINMENT PLC,LSE AIM,GI000A1171Y8,GBP,United Kingdom
PCGH.L,POLAR CAP GBL HLTHCARE GWTH&INC TST,LSE,GB00B6832P16,GBP,United Kingdom
PCLD.L,PAINTS & CHEMICAL INDUSTRIES,LSE,US69578R2067,GBP,United Kingdom
PCT.L,POLAR CAPITAL TECHNOLOGY TRUST,LSE,GB0004220025,GBP,United Kingdom
PCTN.L,PICTON PROPERTY INCOME LTD,LSE,GB00B0LCW208,GBP,United Kingdom
PCTZ.L,PICTON ZDP LTD,LSE,GG00B8N2KC06,GBP,United Kingdom
PDG.L,PENDRAGON PLC,LSE,GB00B1JQBT10,GBP,United Kingdom
PDL.L,PETRA DIAMONDS,LSE,BMG702781094,GBP,United Kingdom
PDZ.L,PRAIRIE MINING LTD,LSE,AU000000PDZ2,GBP,United Kingdom
PEBI.L,PORT ERIN BIOPHARMA INVESTMENTS LTD,LSE AIM,IM00B6QH1J21,GBP,United Kingdom
PEG.L,PETARDS GROUP,LSE AIM,GB00B4YL8F73,GBP,United Kingdom
PEL.L,PARAGON ENTERTAINMENT LTD,LSE AIM,KYG6906M1069,GBP,United Kingdom
PEMB.L,PEMBROKE VCT PLC,LSE,GB00BQVC9S79,GBP,United Kingdom
PEMV.L,PEMBROKE VCT PLC,LSE,GB00B89W2T50,GBP,United Kingdom
PEN.L,PENNANT INTERNATIONAL GROUP,LSE AIM,GB0002570660,GBP,United Kingdom
PEQ.L,PRIVATE EQUITY INVESTOR,LSE,GB0000504034,GBP,United Kingdom
PET.L,PETREL RESOURCES,LSE AIM,IE0001340177,GBP,United Kingdom
PETS.L,PETS AT HOME GROUP PLC,LSE,GB00BJ62K685,GBP,United Kingdom
PEW.L,PREMIER ENERGY & WATER TST PLC,LSE,GB0033537902,GBP,United Kingdom
PEY.L,PRINCESS PRIVATE EQUITY HLDGS,LSE,GG00B28C2R28,GBP,United Kingdom
PEZ.L,PEWT SECURITIES 2020 PLC,LSE,GB00BYP98L62,GBP,United Kingdom
PFC.L,PETROFAC,LSE,GB00B0H2K534,GBP,United Kingdom
PFD.L,PREMIER FOODS PLC,LSE,GB00B7N0K053,GBP,United Kingdom
PFG.L,PROVIDENT FINANCIAL,LSE,GB00B1Z4ST84,GBP,United Kingdom
PFL.L,PREMIER FARNELL,LSE,GB0003318416,GBP,United Kingdom
PFP.L,PATHFINDER MINERALS PLC,LSE AIM,GB00BYY0JQ23,GBP,United Kingdom
PFZ.L,PFIZER INC,LSE,US7170811035,GBP,United Kingdom
PGD.L,PATAGONIA GOLD,LSE AIM,GB0003049409,GBP,United Kingdom
PGH.L,PERSONAL GROUP HLDGS,LSE AIM,GB0002760279,GBP,United Kingdom
PGOO.L,PROVEN GROWTH & INCOME VCT,LSE,GB00B5B7YS03,GBP,United Kingdom
PGY.L,PROGILITY PLC,LSE AIM,GB0033422824,GBP,United Kingdom
PHC.L,PLANT HEALTH CARE,LSE AIM,GB00B01JC540,GBP,United Kingdom
PHD.L,PROACTIS HLDGS,LSE AIM,GB00B13GSS58,GBP,United Kingdom
PHDC.L,PALM HILLS DEVELOPMENTS SAE,LSE,US6966405077,GBP,United Kingdom
PHE.L,POWERHOUSE ENERGY GROUP PLC,LSE AIM,GB00B4WQVY43,GBP,United Kingdom
PHI.L,PACIFIC HORIZON INVESTMENT TRUST,LSE,GB0006667470,GBP,United Kingdom
PHNX.L,PHOENIX GROUP HLDGS,LSE,KYG7091M1096,GBP,United Kingdom
PHO.L,PEEL HOTELS,LSE AIM,GB0002583606,GBP,United Kingdom
PHOR.L,PHOSAGRO OJSC,LSE,US71922G2093,GBP,United Kingdom
PHP.L,PRIMARY HEALTH PROPERTIES,LSE,GB00BYRJ5J14,GBP,United Kingdom
PHSC.L,PHSC,LSE AIM,GB0033113456,GBP,United Kingdom
PHST.L,PHARMSTANDARD PJSC,LSE,US7171402065,GBP,United Kingdom
PHTM.L,PHOTO-ME INTERNATIONAL,LSE,GB0008481250,GBP,United Kingdom
PIER.L,BRIGHTON PIER GROUP PLC (THE),LSE AIM,GB00BG49KW66,GBP,United Kingdom
PIK.L,PIK GROUP PJSC,LSE,US69338N2062,GBP,United Kingdom
PIL.L,PRODUCE INVESTMENTS PLC,LSE AIM,GB00B3ZGBY47,GBP,United Kingdom
PILR.L,PACIFIC INDUSTRIAL & LOGIS REIT PLC,LSE AIM,GB00BYV8MN78,GBP,United Kingdom
PIM.L,PLANT IMPACT PLC,LSE AIM,GB00B1F4K366,GBP,United Kingdom
PIN.L,PANTHEON INTL PLC,LSE,GB0004148507,GBP,United Kingdom
PINN.L,ADEPT4 PLC,LSE AIM,GB00B8GRBX01,GBP,United Kingdom
PINR.L,PANTHEON INTL PLC,LSE,GB00B020KN05,GBP,United Kingdom
PIP.L,PIPEHAWK,LSE AIM,GB0003010609,GBP,United Kingdom
PIRI.L,PIRES INVESTMENTS PLC,LSE AIM,GB00BD07SH45,GBP,United Kingdom
PJF.L,PROSPECT JAPAN FUND LTD,LSE,GB00B011QL44,GBP,United Kingdom
PKG.L,PARK GROUP,LSE AIM,GB0006710643,GBP,United Kingdom
PLA.L,PLASTICS CAPITAL PLC,LSE AIM,GB00B289KK20,GBP,United Kingdom
PLAZ.L,PLAZA CENTERS NV,LSE,NL0011882741,GBP,United Kingdom
PLI.L,PERPETUAL INCOME&GROWTH INVESTM TR,LSE,GB0006798424,GBP,United Kingdom
PLMO.L,POLEMOS PLC,LSE AIM,GB0032654641,GBP,United Kingdom
PLND.L,POUNDLAND GROUP PLC,LSE,GB00BJ34VB96,GBP,United Kingdom
PLP.L,POLYPIPE GROUP PLC,LSE,GB00BKRC5K31,GBP,United Kingdom
PLUS.L,PLUS500 LTD,LSE AIM,IL0011284465,GBP,United Kingdom
PMEA.L,PME AFRICAN INFRASTRUCTURE OPP PLC,LSE AIM,IM00B1WSL611,GBP,United Kingdom
PMG.L,PARKMEAD GROUP(THE),LSE AIM,GB00BGCYZL73,GBP,United Kingdom
PML.L,PAPUA MINING PLC,LSE AIM,GB00B42TN250,GBP,United Kingdom
PMO.L,PREMIER OIL PLC,LSE,GB00B43G0577,GBP,United Kingdom
PMP.L,PORTMEIRION GROUP,LSE AIM,GB0006957293,GBP,United Kingdom
PMR.L,PANMURE GORDON & CO,LSE AIM,GB00B97CW509,GBP,United Kingdom
PNL.L,PERSONAL ASSETS TRUST,LSE,GB0006827546,GBP,United Kingdom
PNN.L,PENNON GROUP,LSE,GB00B18V8630,GBP,United Kingdom
PNS.L,PANTHER SECURITIES,LSE AIM,GB0005132070,GBP,United Kingdom
POBA.L,NATIONWIDE BUILDING SOCIETY,LSE,GB0033627968,GBP,United Kingdom
POG.L,PETROPAVLOVSK PLC,LSE,GB0031544546,GBP,United Kingdom
POL.L,POLO RESOURCES LTD,LSE AIM,VGG6844A1158,GBP,United Kingdom
POLR.L,POLAR CAPITAL HLDGS PLC,LSE AIM,GB00B1GCLT25,GBP,United Kingdom
POLY.L,POLYMETAL INTL PLC,LSE,JE00B6T5S470,GBP,United Kingdom
POS.L,PLEXUS HLDGS,LSE AIM,GB00B0MDF233,GBP,United Kingdom
POWR.L,POWERFLUTE OYJ,LSE AIM,FI0009015291,GBP,United Kingdom
PPB.L,PADDY POWER BETFAIR PLC,LSE,IE00BWT6H894,GBP,United Kingdom
PPC.L,PRESIDENT ENERGY PLC,LSE AIM,GB00B3DDP128,GBP,United Kingdom
PPCD.L,PUBLIC POWER CORP S.A.,LSE,XS0139847601,GBP,United Kingdom
PPG.L,PLUTUS POWERGEN PLC,LSE AIM,GB00B1GDWB47,GBP,United Kingdom
PPH.L,PPHE HOTEL GROUP LTD,LSE,GG00B1Z5FH87,GBP,United Kingdom
PPHP.L,PAPILLON HOLDINGS PLC,LSE,GB00BYZC5R04,GBP,United Kingdom
PPIX.L,PROPHOTONIX LTD,LSE AIM,US7434651060,GBP,United Kingdom
PPS.L,PROTON POWER SYSTEMS PLC,LSE AIM,GB00B140Y116,GBP,United Kingdom
PREM.L,PREMIER AFRICAN MINERALS LTD,LSE AIM,VGG7223M1005,GBP,United Kingdom
PRES.L,PRESSURE TECHNOLOGIES PLC,LSE AIM,GB00B1XFKR57,GBP,United Kingdom
PRJC.L,PROJECT FINANCE INVESTMENTS LTD,LSE,JE00BYZX8G32,GBP,United Kingdom
PRM.L,PROTEOME SCIENCES PLC,LSE AIM,GB0003104196,GBP,United Kingdom
PROG.L,PRO GLOBAL INSURANCE SOLUTIONS PLC,LSE AIM,GB00B1Z5KB73,GBP,United Kingdom
PROJ.L,PROJECT FINANCE INVESTMENTS LTD,LSE,JE00BYXX8B08,GBP,United Kingdom
PROX.L,PROXAMA PLC,LSE AIM,GB00B2PKZ581,GBP,United Kingdom
PRP.L,PRIME PEOPLE,LSE AIM,GB00B4ZG0R74,GBP,United Kingdom
PRS.L,PATERNOSTER RESOURCES PLC,LSE AIM,GB0001636918,GBP,United Kingdom
PRSM.L,BLUE PRISM GROUP PLC,LSE AIM,GB00BYQ0HV16,GBP,United Kingdom
PRT.L,PORTUGAL FUND,LSE,BE0073116759,GBP,United Kingdom
PRTC.L,PURETECH HEALTH PLC,LSE,GB00BY2Z0H74,GBP,United Kingdom
PRU.L,PRUDENTIAL PLC,LSE,GB0007099541,GBP,United Kingdom
PRV.L,PORVAIR PLC,LSE,GB0006963689,GBP,United Kingdom
PSBW.L,POWERSHARES GLOBAL FUNDS IRELAND,LSE,IE00B23D9133,GBP,United Kingdom
PSDL.L,PHOENIX SPREE DEUTSCHLAND LTD,LSE,JE00B248KJ21,GBP,United Kingdom
PSES.L,POWERSHARES GLOBAL FUNDS IRELAND,LSE,IE00B23D8Y98,GBP,United Kingdom
PSGA.L,POWERSHARES GLOBAL FUNDS IRELAND,LSE,IE00B3BQ0418,GBP,United Kingdom
PSHO.L,POWERSHARES GLOBAL FUNDS IRELAND,LSE,IE00B23D9026,GBP,United Kingdom
PSL.L,PHOTONSTAR LED GROUP PLC,LSE AIM,GB00B1TK2453,GBP,United Kingdom
PSN.L,PERSIMMON,LSE,GB0006825383,GBP,United Kingdom
PSON.L,PEARSON,LSE,GB0006776081,GBP,United Kingdom
PSPI.L,PUBLIC SERVICE PROPERTIES INVESTMNT,LSE AIM,VGG729641511,GBP,United Kingdom
PSRE.L,POWERSHARES GLOBAL FUNDS IRELAND,LSE,IE00B23D8X81,GBP,United Kingdom
PSRF.L,POWERSHARES GLOBAL FUNDS IRELAND,LSE,IE00B23D8S39,GBP,United Kingdom
PSRM.L,POWERSHARES GLOBAL FUNDS IRELAND,LSE,IE00B23D9570,GBP,United Kingdom
PSRU.L,POWERSHARES GLOBAL FUNDS IRELAND,LSE,IE00B23LNN70,GBP,United Kingdom
PSRW.L,POWERSHARES GLOBAL FUNDS IRELAND,LSE,IE00B23LNQ02,GBP,United Kingdom
PSSP.L,POWERSHARES GLOBAL FUNDS IRELAND,LSE,IE00B23D8Z06,GBP,United Kingdom
PSWC.L,POWERSHARES GLOBAL FUNDS IRELAND,LSE,IE00B23D9240,GBP,United Kingdom
PTCM.L,PORTA COMMUNICATIONS PLC,LSE AIM,GB00B71C7K21,GBP,United Kingdom
PTD.L,PITTARDS PLC,LSE AIM,GB00BHB1XR83,GBP,United Kingdom
PTEC.L,PLAYTECH PLC,LSE,IM00B7S9G985,GBP,United Kingdom
PTF.L,PHAUNOS TIMBER FUND LTD,LSE,GG00B1G3RS66,GBP,United Kingdom
PTR.L,PETRONEFT RESOURCES,LSE AIM,IE00B0Q82B24,GBP,United Kingdom
PTSG.L,PREMIER TECHNICAL SERVICES GRP LTD,LSE AIM,GB00BV9FPW93,GBP,United Kingdom
PTY.L,PARITY GROUP,LSE AIM,GB00B1235860,GBP,United Kingdom
PU11.L,PUMA VCT 11 PLC,LSE,GB00BQVBS545,GBP,United Kingdom
PU12.L,PUMA VCT 12 PLC,LSE,GB00BYSJJR68,GBP,United Kingdom
PUB.L,PUNCH TAVERNS,LSE,GB00BPXRVT80,GBP,United Kingdom
PUM8.L,PUMA VCT 8 PLC,LSE,GB00B40PR121,GBP,United Kingdom
PUM9.L,PUMA VCT 9 PLC,LSE,GB00B73D8H78,GBP,United Kingdom
PUMA.L,PUMA VCT VII PLC,LSE,GB00B41RMC30,GBP,United Kingdom
PUMX.L,PUMA VCT 10 PLC,LSE,GB00BFG3QX28,GBP,United Kingdom
PURE.L,PURECIRCLE LTD,LSE,BMG7300G1096,GBP,United Kingdom
PURI.L,PURICORE PLC,LSE AIM,GB00B3XBCR18,GBP,United Kingdom
PURP.L,PURPLEBRICKS GROUP PLC,LSE AIM,GB00BYV2MV74,GBP,United Kingdom
PVCS.L,PV CRYSTALOX SOLAR PLC,LSE,GB00BFTDG626,GBP,United Kingdom
PVG.L,PREMIER VETERINARY GROUP PLC,LSE,GB00BSZLMS59,GBP,United Kingdom
PVN.L,PROVEN VCT,LSE,GB00B8GH9P84,GBP,United Kingdom
PVR.L,PROVIDENCE RESOURCES,LSE AIM,IE00B66B5T26,GBP,United Kingdom
PWS.L,PINEWOOD GRP PLC,LSE AIM,GB00B00KLG25,GBP,United Kingdom
PXOG.L,PROSPEX OIL & GAS PLC,LSE AIM,GB00BW4NPC58,GBP,United Kingdom
PXS.L,PROVEXIS,LSE AIM,GB00B0923P27,GBP,United Kingdom
PYC.L,PHYSIOMICS PLC,LSE AIM,GB00B04QT956,GBP,United Kingdom
PZC.L,PZ CUSSONS,LSE,GB00B19Z1432,GBP,United Kingdom
QFI.L,QUADRISE FUELS INTERNATIONAL,LSE AIM,GB00B11DDB67,GBP,United Kingdom
QIF.L,QATAR INVESTMENT FUND PLC,LSE,IM00B1Z40704,GBP,United Kingdom
QIL.L,QANNAS INVESTMENTS LTD,LSE AIM,KYG7306P1037,GBP,United Kingdom
QP.L,QUANTUM PHARMA PLC,LSE AIM,GB00BRTL8Q42,GBP,United Kingdom
QQ.L,QINETIQ GROUP,LSE,GB00B0WMWD03,GBP,United Kingdom
QRT.L,QUARTO GROUP INC,LSE,US74772E1001,GBP,United Kingdom
QTX.L,QUARTIX HLDGS PLC,LSE AIM,GB00BLZH2C83,GBP,United Kingdom
QXT.L,QUIXANT PLC,LSE AIM,GB00B99PCP71,GBP,United Kingdom
R4E.L,REACH4ENTERTAINMENT ENTERPRISES PLC,LSE AIM,GB00B1HLCW86,GBP,United Kingdom
RAME.L,RAME ENERGY PLC,LSE AIM,JE00BBD8GG53,GBP,United Kingdom
RAT.L,RATHBONE BROS,LSE,GB0002148343,GBP,United Kingdom
RB.L,RECKITT BENCKISER GROUP PLC,LSE,GB00B24CGK77,GBP,United Kingdom
RBD.L,REABOLD RESOURCES PLC,LSE AIM,GB00B95L0551,GBP,United Kingdom
RBG.L,REVOLUTION BARS GROUP PLC,LSE,GB00BVDPPV41,GBP,United Kingdom
RBN.L,ROBINSON,LSE AIM,GB00B00K4418,GBP,United Kingdom
RBS.L,ROYAL BANK OF SCOTLAND GROUP PLC,LSE,GB00B7T77214,GBP,United Kingdom
RC2.L,RECONSTRUCTION CAPITAL II,LSE AIM,KYG741521028,GBP,United Kingdom
RCDO.L,RICARDO,LSE,GB0007370074,GBP,United Kingdom
RCI.L,RAPIDCLOUD INTL PLC,LSE AIM,JE00B8FX4C95,GBP,United Kingdom
RCN.L,REDCENTRIC PLC,LSE AIM,GB00B7TW1V39,GBP,United Kingdom
RCP.L,RIT CAPITAL PARTNERS,LSE,GB0007366395,GBP,United Kingdom
RDI.L,REDEFINE INTL PLC,LSE,IM00B8BV8G91,GBP,United Kingdom
RDL.L,RANGER DIRECT LENDING FUND PLC,LSE,GB00BW4NPD65,GBP,United Kingdom
RDLZ.L,RANGER DIRECT LENDING ZDP PLC,LSE,GB00BD20L056,GBP,United Kingdom
RDSA.L,ROYAL DUTCH SHELL,LSE,GB00B03MLX29,GBP,United Kingdom
RDSB.L,ROYAL DUTCH SHELL,LSE,GB00B03MM408,GBP,United Kingdom
RDT.L,ROSSLYN DATA TECHNOLOGIES PLC,LSE AIM,GB00BKX5CP01,GBP,United Kingdom
RDW.L,REDROW,LSE,GB0007282386,GBP,United Kingdom
RDXS.L,SOURCE MARKETS PLC,LSE,IE00B5NDLN01,GBP,United Kingdom
RE.L,R.E.A.HLDGS PLC,LSE,GB0002349065,GBP,United Kingdom
REA.L,REI AGRO,LSE,US74948P3029,GBP,United Kingdom
REAA.L,REI AGRO,LSE,US74948P1049,GBP,United Kingdom
REAC.L,REACT ENERGY PLC,LSE AIM,IE00BH3XCL94,GBP,United Kingdom
REAT.L,REACT GROUP PLC,LSE AIM,GB00BZ2JBG28,GBP,United Kingdom
REB.L,R.E.A.HLDGS PLC,LSE,GB0007185639,GBP,United Kingdom
REC.L,RECORD PLC,LSE,GB00B28ZPS36,GBP,United Kingdom
RECI.L,REAL ESTATE CREDIT INVESTMENTS PCC,LSE,GB00B0HW5366,GBP,United Kingdom
RECP.L,REAL ESTATE CREDIT INVESTMENTS PCC,LSE,GG00B4ZRT175,GBP,United Kingdom
RED.L,REDT ENERGY PLC,LSE AIM,GB00B11FB960,GBP,United Kingdom
REDD.L,REDDE PLC,LSE AIM,GB00BLWF0R63,GBP,United Kingdom
REDS.L,REDSTONECONNECT PLC,LSE AIM,GB00B3CDXQ41,GBP,United Kingdom
REDT.L,RED24 PLC,LSE AIM,GB00B297TG43,GBP,United Kingdom
REDX.L,REDX PHARMA LTD,LSE AIM,GB00BSNB6S51,GBP,United Kingdom
REL.L,RELX PLC,LSE,GB00B2B0DG97,GBP,United Kingdom
REM.L,RARE EARTH MINERALS PLC,LSE AIM,GB00B067JC96,GBP,United Kingdom
RENE.L,RENEURON GROUP,LSE AIM,GB00B0DZML60,GBP,United Kingdom
REVO.L,REVOLYMER PLC,LSE AIM,GB00B84LVH87,GBP,United Kingdom
RGD.L,REAL GOOD FOOD PLC,LSE AIM,GB0033572867,GBP,United Kingdom
RGL.L,REGIONAL REIT LTD,LSE,GG00BYV2ZQ34,GBP,United Kingdom
RGM.L,REGENCY MINES,LSE AIM,GB00BYVT4J08,GBP,United Kingdom
RGP.L,ROSS GROUP,LSE,GB0002192606,GBP,United Kingdom
RGU.L,REGUS PLC,LSE,JE00B3CGFD43,GBP,United Kingdom
RHL.L,REDHALL GROUP,LSE AIM,GB0001112035,GBP,United Kingdom
RIC.L,RICHOUX GROUP PLC,LSE AIM,GB00B0NYFG99,GBP,United Kingdom
RICA.L,RUFFER INVESTMENT CO,LSE,GB00B018CS46,GBP,United Kingdom
RIII.L,RIGHTS & ISSUES INVESTMENT TRUST,LSE,GB0007392078,GBP,United Kingdom
RIO.L,RIO TINTO,LSE,GB0007188757,GBP,United Kingdom
RIV.L,RIVER & MERCANTILE GROUP PLC,LSE,GB00BLZH7X42,GBP,United Kingdom
RKH.L,ROCKHOPPER EXPLORATION,LSE AIM,GB00B0FVQX23,GBP,United Kingdom
RLD.L,RICHLAND RESOURCES LTD,LSE AIM,BMG7567C1064,GBP,United Kingdom
RLE.L,REAL ESTATE INVESTORS,LSE AIM,GB00B45XLP34,GBP,United Kingdom
RLH.L,RED LEOPARD HLDGS,LSE AIM,GB00B4JXWP66,GBP,United Kingdom
RM.L,RM PLC,LSE,GB00BJT0FF39,GBP,United Kingdom
RM2.L,RM2 INTL SA,LSE AIM,LU0994178464,GBP,United Kingdom
RMA.L,RASMALA PLC,LSE AIM,GB00BNG83T81,GBP,United Kingdom
RMG.L,ROYAL MAIL PLC,LSE,GB00BDVZYZ77,GBP,United Kingdom
RMM.L,RAMBLER METALS & MINING,LSE AIM,GB00B06Y3F14,GBP,United Kingdom
RMMC.L,RIVER AND MERCANTL UK MICRO CAP INV,LSE,GG00BRGCGK06,GBP,United Kingdom
RMP.L,RED EMPEROR RESOURCES NL,LSE AIM,AU000000RMP0,GBP,United Kingdom
RMV.L,RIGHTMOVE PLC,LSE,GB00B2987V85,GBP,United Kingdom
RNK.L,RANK GROUP,LSE,GB00B1L5QH97,GBP,United Kingdom
RNO.L,RENOLD,LSE,GB0007325078,GBP,United Kingdom
RNWH.L,RENEW HLDGS,LSE AIM,GB0005359004,GBP,United Kingdom
ROL.L,ROTALA,LSE AIM,GB00B1Z2MP60,GBP,United Kingdom
ROR.L,ROTORK,LSE,GB00BVFNZH21,GBP,United Kingdom
ROSE.L,ROSE PETROLEUM PLC,LSE AIM,GB00B013M672,GBP,United Kingdom
ROSN.L,ROSNEFT OIL CO,LSE,US67812M2070,GBP,United Kingdom
RPC.L,RPC GROUP,LSE,GB0007197378,GBP,United Kingdom
RPG.L,REPUBLIC GOLDFIELDS INC,LSE,CA76045L1004,GBP,United Kingdom
RPS.L,RPS GROUP,LSE,GB0007594764,GBP,United Kingdom
RPT.L,REGAL PETROLEUM,LSE AIM,GB0031775819,GBP,United Kingdom
RQIH.L,RANDALL & QUILTER INVT HLDGS LTD,LSE AIM,BMG7371X1065,GBP,United Kingdom
RR.L,ROLLS-ROYCE HLDGS PLC,LSE,GB00B63H8491,GBP,United Kingdom
RRE.L,ROCKROSE ENERGY PLC,LSE,GB00BYNFCH09,GBP,United Kingdom
RRL.L,RANGE RESOURCES,LSE AIM,AU000000RRS3,GBP,United Kingdom
RRR.L,RED ROCK RESOURCES,LSE AIM,GB00BYWKBV38,GBP,United Kingdom
RRS.L,RANDGOLD RESOURCES,LSE,GB00B01C3S32,GBP,United Kingdom
RSA.L,RSA INSURANCE GROUP PLC,LSE,GB00BKKMKR23,GBP,United Kingdom
RSAB.L,RSA INSURANCE GROUP PLC,LSE,GB0008631391,GBP,United Kingdom
RSE.L,RIVERSTONE ENERGY LTD,LSE,GG00BBHXCL35,GBP,United Kingdom
RST.L,RESTORE PLC,LSE AIM,GB00B5NR1S72,GBP,United Kingdom
RSTI.L,ROSSETI PJSC,LSE,US69343X2071,GBP,United Kingdom
RSW.L,RENISHAW PLC,LSE,GB0007323586,GBP,United Kingdom
RTC.L,RTC GROUP PLC,LSE AIM,GB0002920121,GBP,United Kingdom
RTHM.L,RHYTHMONE PLC,LSE AIM,GB00B1WBW239,GBP,United Kingdom
RTI.L,ROLTA INDIA,LSE,US7757902074,GBP,United Kingdom
RTN.L,RESTAURANT GROUP PLC,LSE,GB00B0YG1K06,GBP,United Kingdom
RTO.L,RENTOKIL INITIAL,LSE,GB00B082RF11,GBP,United Kingdom
RUR.L,RURELEC,LSE AIM,GB00B01XPW41,GBP,United Kingdom
RUS.L,RAVEN RUSSIA LTD,LSE,GB00B0D5V538,GBP,United Kingdom
RUSP.L,RAVEN RUSSIA LTD,LSE,GG00B55K7B92,GBP,United Kingdom
RUSW.L,RAVEN RUSSIA LTD,LSE,GG00B55K7758,GBP,United Kingdom
RWA.L,ROBERT WALTERS,LSE,GB0008475088,GBP,United Kingdom
RWS.L,RWS HLDGS,LSE AIM,GB00BVFCZV34,GBP,United Kingdom
RXB.L,REX BIONICS PLC,LSE AIM,GB00BLRLQM66,GBP,United Kingdom
RXP.L,ROXI PETROLEUM PLC,LSE AIM,GB00B1W0VW36,GBP,United Kingdom
RYA.L,RYANAIR HLDGS,LSE,IE00BYTBXV33,GBP,United Kingdom
S100.L,SOURCE MARKETS PLC,LSE,IE00B60SWT88,GBP,United Kingdom
S250.L,SOURCE MARKETS PLC,LSE,IE00B60SWV01,GBP,United Kingdom
S32.L,SOUTH32 LTD,LSE,AU000000S320,GBP,United Kingdom
SAA.L,M&C SAATCHI,LSE AIM,GB00B01F7T14,GBP,United Kingdom
SAB.L,SABMILLER,LSE,GB0004835483,GBP,United Kingdom
SAC.L,SACOIL HLDGS LTD,LSE AIM,ZAE000127460,GBP,United Kingdom
SAF.L,SAFELAND PLC,LSE AIM,GB0007667008,GBP,United Kingdom
SAFE.L,SAFESTORE HLDGS PLC,LSE,GB00B1N7Z094,GBP,United Kingdom
SAG.L,SCIENCE GROUP PLC,LSE AIM,GB00B39GTJ17,GBP,United Kingdom
SAGA.L,SAGA PLC,LSE,GB00BLT1Y088,GBP,United Kingdom
SAL.L,SPACEANDPEOPLE,LSE AIM,GB00B058DS79,GBP,United Kingdom
SALV.L,SALVARX GROUP PLC,LSE AIM,IM00BZ4SS228,GBP,United Kingdom
SAPO.L,SOUTH AFRICAN PROPERTY OPPS PLC,LSE AIM,GB00B16GQJ90,GBP,United Kingdom
SAR.L,SAREUM HLDGS PLC,LSE AIM,GB00B02RFS12,GBP,United Kingdom
SAT.L,SATELLITE SOLUTIONS WRLDWIDE GRP,LSE AIM,GB00BT6SRD21,GBP,United Kingdom
SAV.L,SAVANNAH RESOURCES PLC,LSE AIM,GB00B647W791,GBP,United Kingdom
SAVP.L,SAVANNAH PETROLEUM PLC,LSE AIM,GB00BP41S218,GBP,United Kingdom
SBER.L,SBERBANK OF RUSSIA,LSE,US80585Y3080,GBP,United Kingdom
SBLM.L,SABLE MINING AFRICA LTD,LSE AIM,VGG7762V1076,GBP,United Kingdom
SBRY.L,SAINSBURY(J),LSE,GB00B019KW72,GBP,United Kingdom
SBS.L,SOURCE BIOSCIENCE PLC,LSE,GB0009739649,GBP,United Kingdom
SBSA.L,SKIPTON BUILDING SOCIETY,LSE,GB0004440623,GBP,United Kingdom
SCAM.L,SCOTTISH AMERICAN INVESTMENT CO,LSE,GB0007873697,GBP,United Kingdom
SCE.L,SURFACE TRANSFORMS PLC,LSE AIM,GB0002892528,GBP,United Kingdom
SCF.L,SCHRODER INCOME GROWTH FUND,LSE,GB0007915860,GBP,United Kingdom
SCGL.L,SEALAND CAPITAL GALAXY LTD,LSE,KYG7948E1026,GBP,United Kingdom
SCH.L,SAFECHARGE INTL GROUP LTD,LSE AIM,GG00BYMK4250,GBP,United Kingdom
SCHO.L,SCHOLIUM GROUP PLC,LSE AIM,GB00BJYS2173,GBP,United Kingdom
SCIN.L,SCOTTISH INVESTMENT TRUST,LSE,GB0007826091,GBP,United Kingdom
SCL.L,SCHLUMBERGER,LSE,AN8068571086,GBP,United Kingdom
SCLP.L,SCANCELL HLDGS PLC,LSE AIM,GB00B63D3314,GBP,United Kingdom
SCN.L,SACOVEN PLC,LSE AIM,JE00B7YH8W36,GBP,United Kingdom
SCP.L,SCHRODER UK MID CAP FD PLC,LSE,GB0006108418,GBP,United Kingdom
SCPA.L,SCAPA GROUP PLC,LSE AIM,GB0007281198,GBP,United Kingdom
SCS.L,SCS GROUP PLC,LSE,GB00BRF0TJ56,GBP,United Kingdom
SCT.L,SOFTCAT PLC,LSE,GB00BYZDVK82,GBP,United Kingdom
SDI.L,SCIENTIFIC DIGITAL IMAGING PLC,LSE AIM,GB00B3FBWW43,GBP,United Kingdom
SDL.L,SDL,LSE,GB0009376368,GBP,United Kingdom
SDM.L,STADIUM GROUP PLC,LSE AIM,GB0008375098,GBP,United Kingdom
SDP.L,SCHRODER ASIA PACIFIC FUND,LSE,GB0007918872,GBP,United Kingdom
SDR.L,SCHRODERS PLC,LSE,GB0002405495,GBP,United Kingdom
SDRC.L,SCHRODERS PLC,LSE,GB0002395811,GBP,United Kingdom
SDU.L,SCHRODER UK GROWTH FUND,LSE,GB0007913485,GBP,United Kingdom
SDV.L,CHELVERTON SMALL CO DIV TRUST PLC,LSE,GB0006615826,GBP,United Kingdom
SDVZ.L,CHELVERTON SMALL CO ZDP PLC,LSE,GB00B8FJ5797,GBP,United Kingdom
SDX.L,SDX ENERGY INC,LSE AIM,CA78410A1075,GBP,United Kingdom
SDY.L,SPEEDY HIRE,LSE,GB0000163088,GBP,United Kingdom
SEC.L,STRATEGIC EQUITY CAPITAL,LSE,GB00B0BDCB21,GBP,United Kingdom
SECG.L,SEC SPA,LSE AIM,IT0005200453,GBP,United Kingdom
SEE.L,SEEING MACHINES,LSE AIM,AU0000XINAJ0,GBP,United Kingdom
SEN.L,SENTERRA ENERGY PLC,LSE,GB00BYX0MB92,GBP,United Kingdom
SEP.L,STANDARD LIFE EUROPN PRIVT EQTY TST,LSE,GB0030474687,GBP,United Kingdom
SEPL.L,SEPLAT PETROLEUM DEVT CO PLC,LSE,NGSEPLAT0008,GBP,United Kingdom
SEPU.L,SEPURA PLC,LSE,GB00B1ZBLD47,GBP,United Kingdom
SEQC.L,SEQUOIA ECONOMIC INFRAST INC FD LTD,LSE,GG00BYTNQV04,GBP,United Kingdom
SEQI.L,SEQUOIA ECONOMIC INFRAST INC FD LTD,LSE,GG00BV54HY67,GBP,United Kingdom
SERE.L,SCHRODER EURPN REAL EST INV TST LTD,LSE,GB00BY7R8K77,GBP,United Kingdom
SERV.L,SERVELEC GROUP PLC,LSE,GB00BFRBTP86,GBP,United Kingdom
SEV.L,SERVISION,LSE AIM,GB00B0586C20,GBP,United Kingdom
SEY.L,STERLING ENERGY,LSE AIM,GB00B4X3Q493,GBP,United Kingdom
SFE.L,SAFESTYLE UK PLC,LSE AIM,JE00BGP63272,GBP,United Kingdom
SFI.L,SAGICOR FINANCIAL CORP LTD,LSE,BMG7777B1046,GBP,United Kingdom
SFR.L,SEVERFIELD PLC,LSE,GB00B27YGJ97,GBP,United Kingdom
SGC.L,STAGECOACH GROUP,LSE,GB00B6YTLS95,GBP,United Kingdom
SGE.L,SAGE GROUP,LSE,GB00B8C3BL03,GBP,United Kingdom
SGI.L,STANLEY GIBBONS GROUP PLC,LSE AIM,GB0009628438,GBP,United Kingdom
SGM.L,SIGMA CAPITAL GROUP PLC,LSE AIM,GB0004225073,GBP,United Kingdom
SGP.L,SUPERGROUP PLC,LSE,GB00B60BD277,GBP,United Kingdom
SGR.L,SHORE CAPITAL GROUP LTD,LSE AIM,GG00BGCZJ741,GBP,United Kingdom
SGRO.L,SEGRO PLC,LSE,GB00B5ZN1N88,GBP,United Kingdom
SGZ.L,SCOTGOLD RESOURCES LTD,LSE AIM,AU000000SGZ9,GBP,United Kingdom
SHAW.L,SHAWBROOK GROUP PLC,LSE,GB00BWDPMF43,GBP,United Kingdom
SHB.L,SHAFTESBURY PLC,LSE,GB0007990962,GBP,United Kingdom
SHG.L,SHANTA GOLD LTD,LSE AIM,GB00B0CGR828,GBP,United Kingdom
SHI.L,SIG,LSE,GB0008025412,GBP,United Kingdom
SHOE.L,SHOE ZONE PLC,LSE AIM,GB00BLTVCF91,GBP,United Kingdom
SHP.L,SHIRE PLC,LSE,JE00B2QKY057,GBP,United Kingdom
SHRE.L,SHARE PLC,LSE AIM,GB0001977866,GBP,United Kingdom
SHRS.L,SHIRES INCOME,LSE,GB0008052507,GBP,United Kingdom
SIA.L,SOCO INTERNATIONAL,LSE,GB00B572ZV91,GBP,United Kingdom
SIGB.L,SHERBORNE INVESTORS(GUERNSEY) B LTD,LSE,GG00B883XC99,GBP,United Kingdom
SIGT.L,SENECA GLOBAL INCOME & GROWTH TRUST,LSE,GB0008769993,GBP,United Kingdom
SIHL.L,SYMPHONY INTERNATIONAL HLDGS LTD,LSE,VGG548121059,GBP,United Kingdom
SILF.L,SILVER FALCON PLC,LSE,GB00BYX3WZ24,GBP,United Kingdom
SIM.L,SIMIGON LTD,LSE AIM,IL0010991185,GBP,United Kingdom
SIPP.L,SPECIALIST INVESTMENT PROP PLC,LSE AIM,IM00BZ97VJ22,GBP,United Kingdom
SIR.L,SECURE INCOME REIT PLC,LSE AIM,GB00BLMQ9L68,GBP,United Kingdom
SIS.L,SCIENCE IN SPORT PLC,LSE AIM,GB00BBPV5329,GBP,United Kingdom
SIT.L,SANDITON INVESTMENT TRUST PLC,LSE,GB00BMPHJ807,GBP,United Kingdom
SIV.L,ST IVES PLC,LSE,GB0007689002,GBP,United Kingdom
SIXH.L,600 GROUP,LSE AIM,GB0008121641,GBP,United Kingdom
SJG.L,SCHRODER JAPAN GROWTH FUND,LSE,GB0008022849,GBP,United Kingdom
SKG.L,SMURFIT KAPPA GROUP PLC,LSE,IE00B1RR8406,GBP,United Kingdom
SKIP.L,SKIPTON BUILDING SOCIETY,LSE,GB0008194119,GBP,United Kingdom
SKMD.L,SK TELECOM,LSE,US78440P1084,GBP,United Kingdom
SKS.L,SHANKS GROUP,LSE,GB0007995243,GBP,United Kingdom
SKY.L,SKY PLC,LSE,GB0001411924,GBP,United Kingdom
SL.L,STANDARD LIFE PLC,LSE,GB00BVFD7Q58,GBP,United Kingdom
SLE.L,SAN LEON ENERGY PLC,LSE AIM,IE00BWVFTP56,GBP,United Kingdom
SLED.L,SOLIDERE,LSE,US5223862005,GBP,United Kingdom
SLES.L,STANDARD LIFE EQUITY INCOME TST,LSE,GB00B3NWXM64,GBP,United Kingdom
SLET.L,STANDARD LIFE EQUITY INCOME TST,LSE,GB0006039597,GBP,United Kingdom
SLI.L,STANDARD LIFE INVEST PROP INC TRUST,LSE,GB0033875286,GBP,United Kingdom
SLN.L,SILENCE THERAPEUTICS PLC,LSE AIM,GB00B9GTXM62,GBP,United Kingdom
SLNG.L,SLINGSBY(H.C.),LSE AIM,GB0008138009,GBP,United Kingdom
SLP.L,SYLVANIA PLATINUM LTD,LSE AIM,BMG864081044,GBP,United Kingdom
SLS.L,STANDARD LIFE UK SMALLER CO TRUST,LSE,GB0002959582,GBP,United Kingdom
SLSC.L,STANDARD LIFE UK SMALLER CO TRUST,LSE,GB00B3YX0W77,GBP,United Kingdom
SMA.L,SOVEREIGN MINES OF AFRICA PLC,LSE AIM,GB00B3P3XP06,GBP,United Kingdom
SMDS.L,SMITH(DS),LSE,GB0008220112,GBP,United Kingdom
SMEF.L,SME LOAN FUND PLC(THE),LSE,GB00BYMK5S87,GBP,United Kingdom
SMIF.L,TWENTYFOUR SELECT MONTHLY INC FD,LSE,GG00BJVDZ946,GBP,United Kingdom
SMIN.L,SMITHS GROUP,LSE,GB00B1WY2338,GBP,United Kingdom
SMJ.L,SMART(J.)& CO(CONTRACTORS),LSE,GB00B76BK617,GBP,United Kingdom
SML.L,STRATEGIC MINERALS PLC,LSE AIM,GB00B4W8PD74,GBP,United Kingdom
SMP.L,ST.MODWEN PROPERTIES,LSE,GB0007291015,GBP,United Kingdom
SMS.L,SMART METERING SYSTEMS PLC,LSE AIM,GB00B4X1RC86,GBP,United Kingdom
SMSN.L,SAMSUNG ELECTRONICS CO,LSE,US7960508882,GBP,United Kingdom
SMT.L,SCOTTISH MORTGAGE INVESTMENT TST,LSE,GB00BLDYK618,GBP,United Kingdom
SMTG.L,SUMMIT GERMANY LTD,LSE AIM,GG00BJ4FZW09,GBP,United Kingdom
SMWH.L,WH SMITH PLC,LSE,GB00B2PDGW16,GBP,United Kingdom
SN.L,SMITH & NEPHEW,LSE,GB0009223206,GBP,United Kingdom
SND.L,SANDERSON GROUP,LSE AIM,GB00B04X1Q77,GBP,United Kingdom
SNG.L,SYNAIRGEN,LSE AIM,GB00B0381Z20,GBP,United Kingdom
SNG1.L,SOCIETATEA NATL DE GAZE N ROMGAZ SA,LSE,US83367U1060,GBP,United Kingdom
SNGR.L,SOCIETATEA NATL DE GAZE N ROMGAZ SA,LSE,US83367U2050,GBP,United Kingdom
SNN.L,SANNE GROUP PLC,LSE,JE00BVRZ8S85,GBP,United Kingdom
SNP.L,CHINA PETROLEUM & CHEMICAL CORP,LSE,US16941R1086,GBP,United Kingdom
SNR.L,SENIOR PLC,LSE,GB0007958233,GBP,United Kingdom
SNT.L,SABIEN TECHNOLOGY GROUP PLC,LSE AIM,GB00B1FPCD38,GBP,United Kingdom
SNX.L,SYNECTICS PLC,LSE AIM,GB0007156838,GBP,United Kingdom
SO4.L,SALT LAKE POTASH LTD,LSE AIM,AU000000SO44,GBP,United Kingdom
SOG.L,STATPRO GROUP,LSE AIM,GB0006300213,GBP,United Kingdom
SOI.L,SCHRODER ORIENTAL INCOME FUND,LSE,GB00B0CRWN59,GBP,United Kingdom
SOLG.L,SOLGOLD PLC,LSE AIM,GB00B0WD0R35,GBP,United Kingdom
SOLO.L,SOLO OIL PLC,LSE AIM,GB00B1TYBN97,GBP,United Kingdom
SOM.L,SOMERO ENTERPRISE INC,LSE AIM,USU834501038,GBP,United Kingdom
SOPH.L,SOPHOS GROUP PLC,LSE,GB00BYZFZ918,GBP,United Kingdom
SOU.L,SOUND ENERGY PLC,LSE AIM,GB00B90XFF12,GBP,United Kingdom
SPA.L,1SPATIAL PLC,LSE AIM,GB00B09LQS34,GBP,United Kingdom
SPD.L,SPORTS DIRECT INTL PLC,LSE,GB00B1QH8P22,GBP,United Kingdom
SPDI.L,SECURE PROPERTY DEV & INV PLC,LSE AIM,CY0102102213,GBP,United Kingdom
SPE.L,SOPHEON,LSE AIM,GB00BSZM1369,GBP,United Kingdom
SPGH.L,SUPERGLASS HLDGS PLC,LSE AIM,GB00B7VSCQ18,GBP,United Kingdom
SPH.L,SINCLAIR PHARMA PLC,LSE AIM,GB0033856740,GBP,United Kingdom
SPHR.L,SPHERE MEDICAL HLDG PLC,LSE AIM,GB00B551W951,GBP,United Kingdom
SPI.L,SPIRE HEALTHCARE GROUP PLC,LSE,GB00BNLPYF73,GBP,United Kingdom
SPL.L,SKIL PORTS & LOGISTICS LTD,LSE AIM,GG00B53M7D91,GBP,United Kingdom
SPO.L,SPORTECH,LSE,GB00B28ZPV64,GBP,United Kingdom
SPPC.L,ST PETER PORT CAPITAL LTD,LSE AIM,GG00B1V4NS68,GBP,United Kingdom
SPRP.L,SPRUE AEGIS,LSE AIM,GB0030508757,GBP,United Kingdom
SPSC.L,SPECTRA SYSTEMS CORP,LSE AIM,USU8457D1091,GBP,United Kingdom
SPSY.L,SPECTRA SYSTEMS CORP,LSE AIM,US84756T1060,GBP,United Kingdom
SPT.L,SPIRENT COMMUNICATIONS,LSE,GB0004726096,GBP,United Kingdom
SPX.L,SPIRAX-SARCO ENGINEERING,LSE,GB00BWFGQN14,GBP,United Kingdom
SQN.L,SQN ASSET FINANCE INCOME FUND LTD,LSE,GG00BN56JF17,GBP,United Kingdom
SQNC.L,SQN ASSET FINANCE INCOME FUND LTD,LSE,GG00BZ184P04,GBP,United Kingdom
SQS.L,SQS SOFTWARE QUALITY SYSTEMS AG,LSE AIM,DE0005493514,GBP,United Kingdom
SQZ.L,SERICA ENERGY,LSE AIM,GB00B0CY5V57,GBP,United Kingdom
SRB.L,SERABI GOLD PLC,LSE AIM,GB00B4T0YL77,GBP,United Kingdom
SRC.L,SIGMAROC PLC,LSE AIM,GB00BDBY9264,GBP,United Kingdom
SRE.L,SIRIUS REAL ESTATE LD,LSE AIM,GG00B1W3VF54,GBP,United Kingdom
SREI.L,SCHRODER REAL ESTATE INVEST TST LT,LSE,GB00B01HM147,GBP,United Kingdom
SRES.L,SUNRISE RESOURCES PLC,LSE AIM,GB00B075Z681,GBP,United Kingdom
SRO.L,SPITFIRE OIL LTD,LSE AIM,BMG836741048,GBP,United Kingdom
SRP.L,SERCO GROUP,LSE,GB0007973794,GBP,United Kingdom
SRSP.L,SIRIUS PETROLEUM PLC,LSE AIM,GB00B03VVN93,GBP,United Kingdom
SRT.L,SRT MARINE SYSTEMS PLC,LSE AIM,GB00B0M8KM36,GBP,United Kingdom
SRX.L,SIERRA RUTILE LTD,LSE AIM,VGG812641063,GBP,United Kingdom
SSA.L,SISTEMA PJSFC,LSE,US48122U2042,GBP,United Kingdom
SSAA.L,SISTEMA PJSFC,LSE,US48122U1051,GBP,United Kingdom
SSE.L,SSE PLC,LSE,GB0007908733,GBP,United Kingdom
SSP.L,SOLID STATE PLC,LSE AIM,GB0008237132,GBP,United Kingdom
SSPG.L,SSP GROUP PLC,LSE,GB00BNGWY422,GBP,United Kingdom
SST.L,SCOTTISH ORIENTAL SMALLER COS TRUST,LSE,GB0007836132,GBP,United Kingdom
SSTY.L,SAFESTAY PLC,LSE AIM,GB00BKT0J702,GBP,United Kingdom
SSY.L,SCISYS PLC,LSE AIM,GB0001520757,GBP,United Kingdom
STAB.L,STANDARD CHARTERED,LSE,GB0008401324,GBP,United Kingdom
STAC.L,STANDARD CHARTERED,LSE,GB0008399700,GBP,United Kingdom
STAF.L,STAFFLINE GROUP PLC,LSE AIM,GB00B040L800,GBP,United Kingdom
STAN.L,STANDARD CHARTERED,LSE,GB0004082847,GBP,United Kingdom
STAR.L,STARCOM PLC,LSE AIM,JE00B8WSDY21,GBP,United Kingdom
STB.L,SECURE TRUST BANK PLC,LSE AIM,GB00B6TKHP66,GBP,United Kingdom
STCK.L,STOCK SPIRITS GROUP PLC,LSE,GB00BF5SDZ96,GBP,United Kingdom
STCM.L,STEPPE CEMENT,LSE AIM,MYA004433001,GBP,United Kingdom
STE.L,STEWART & WIGHT,LSE,GB0008556192,GBP,United Kingdom
STEL.L,STELLAR DIAMONDS PLC,LSE AIM,GB00BYZ5QT80,GBP,United Kingdom
STG.L,STELLAR RESOURCES PLC,LSE AIM,GB0002673332,GBP,United Kingdom
STGR.L,STRATMIN GLOBAL RESOURCES PLC,LSE AIM,GB00B9276C59,GBP,United Kingdom
STHR.L,STHREE PLC,LSE,GB00B0KM9T71,GBP,United Kingdom
STI.L,STRATEX INTERNATIONAL,LSE AIM,GB00B0T29327,GBP,United Kingdom
STIL.L,STILFONTEIN GOLD MINING CO,LSE,ZAE000007118,GBP,United Kingdom
STJ.L,ST JAMES'S PLACE PLC,LSE,GB0007669376,GBP,United Kingdom
STL.L,STILO INTERNATIONAL,LSE AIM,GB0009597484,GBP,United Kingdom
STM.L,STM GROUP PLC,LSE AIM,IM00B1S9KY98,GBP,United Kingdom
STOB.L,STOBART GROUP LTD,LSE,GB00B03HDJ73,GBP,United Kingdom
STR.L,STRIDE GAMING PLC,LSE AIM,JE00BWT5X884,GBP,United Kingdom
STS.L,SECURITIES TRUST OF SCOTLAND.,LSE,GB00B09G3N23,GBP,United Kingdom
STVG.L,STV GROUP PLC,LSE,GB00B3CX3644,GBP,United Kingdom
STX.L,SHIELD THERAPEUTICS PLC,LSE AIM,GB00BYV81293,GBP,United Kingdom
STXW.L,SHIELD THERAPEUTICS PLC,LSE AIM,GB00BD97Z526,GBP,United Kingdom
STY.L,STYLES & WOOD GROUP PLC,LSE AIM,GB00BLG2TG58,GBP,United Kingdom
SUH.L,SUTTON HARBOUR HLDGS,LSE AIM,GB0008659202,GBP,United Kingdom
SUK2.L,GO UCITS ETF SOLUTIONS PLC,LSE,IE00B4QNK008,GBP,United Kingdom
SULA.L,SULA IRON & GOLD PLC,LSE AIM,GB00B6Y3CV16,GBP,United Kingdom
SUMM.L,SUMMIT THERAPEUTICS PLC,LSE AIM,GB00BN40HZ01,GBP,United Kingdom
SUN.L,SURGICAL INNOVATIONS GROUP,LSE AIM,GB0004016704,GBP,United Kingdom
SUS.L,S & U,LSE,GB0007655037,GBP,United Kingdom
SVCA.L,SERVOCA PLC,LSE AIM,GB00B1XHM086,GBP,United Kingdom
SVE.L,STARVEST,LSE AIM,GB0009619817,GBP,United Kingdom
SVI.L,SVG CAPITAL,LSE,GB0007892358,GBP,United Kingdom
SVM.L,SVM UK EMERGING FUND,LSE,GB0000684174,GBP,United Kingdom
SVR.L,SERVICEPOWER TECHNOLOGIES PLC,LSE AIM,GB0003831095,GBP,United Kingdom
SVS.L,SAVILLS,LSE,GB00B135BJ46,GBP,United Kingdom
SVST.L,SEVERSTAL PJSC,LSE,US8181503025,GBP,United Kingdom
SVT.L,SEVERN TRENT PLC,LSE,GB00B1FH8J72,GBP,United Kingdom
SWAP.L,MONEYSWAP PLC,LSE AIM,GI000A1JASX5,GBP,United Kingdom
SWEF.L,STARWOOD EUROPEAN REAL EST FIN LTD,LSE,GG00B79WC100,GBP,United Kingdom
SWL.L,SWALLOWFIELD,LSE AIM,GB0008667304,GBP,United Kingdom
SWP.L,SWP GROUP PLC,LSE AIM,GB00B010NX28,GBP,United Kingdom
SXS.L,SPECTRIS,LSE,GB0003308607,GBP,United Kingdom
SXX.L,SIRIUS MINERALS PLC,LSE AIM,GB00B0DG3H29,GBP,United Kingdom
SYM.L,SYMPHONY ENVIRONMENTAL TECH PLC,LSE AIM,GB0009589168,GBP,United Kingdom
SYNT.L,SYNTHOMER PLC,LSE,GB0009887422,GBP,United Kingdom
SYQ.L,SYQIC PLC,LSE AIM,JE00BF5S6G17,GBP,United Kingdom
SYS.L,SYSGROUP PLC,LSE AIM,GB00BYT18182,GBP,United Kingdom
TAIH.L,TAIHUA PLC,LSE AIM,GB00B1GC5F60,GBP,United Kingdom
TAL.L,TEN ALPS PLC,LSE AIM,GB00BX7RGN99,GBP,United Kingdom
TALK.L,TALK TALK TELECOM GROUP PLC,LSE,GB00B4YCDF59,GBP,United Kingdom
TAN.L,TANFIELD GROUP,LSE AIM,GB00B4QHFM95,GBP,United Kingdom
TAP.L,TAPTICA INTL LTD,LSE AIM,IL0011320343,GBP,United Kingdom
TAST.L,TASTY PLC,LSE AIM,GB00B17MN067,GBP,United Kingdom
TATE.L,TATE & LYLE,LSE,GB0008754136,GBP,United Kingdom
TAU.L,TAU CAPITAL PLC,LSE AIM,IM00B1VVFG94,GBP,United Kingdom
TAVI.L,TAVISTOCK INVESTMENTS PLC,LSE AIM,GB00BLNMLS43,GBP,United Kingdom
TAX.L,TAX SYSTEMS PLC,LSE AIM,GB00BDHLGB97,GBP,United Kingdom
TBCB.L,TBC BANK JSC,LSE,US87217U2087,GBP,United Kingdom
TBCG.L,TBC BANK GROUP PLC,LSE,GB00BYT18307,GBP,United Kingdom
TBGR.L,TISO BLACKSTAR GROUP SE,LSE AIM,MT0000620113,GBP,United Kingdom
TCA.L,TERRA CAPITAL PLC,LSE AIM,IM00B1GJR404,GBP,United Kingdom
TCF.L,TERRA CATALYST FUND,LSE AIM,KYG8761F1431,GBP,United Kingdom
TCG.L,THOMAS COOK GROUP PLC,LSE,GB00B1VYCH82,GBP,United Kingdom
TCM.L,TELIT COMMUNICATIONS PLC,LSE AIM,GB00B06GM726,GBP,United Kingdom
TCN.L,TRICORN GROUP,LSE AIM,GB0009716340,GBP,United Kingdom
TCS.L,TCS GROUP HLDG PLC,LSE,US87238U2033,GBP,United Kingdom
TCSA.L,TCS GROUP HLDG PLC,LSE,US87238U1043,GBP,United Kingdom
TDE.L,TELEFONICA SA,LSE,ES0178430E18,GBP,United Kingdom
TECH.L,TECHFINANCIALS INC,LSE AIM,VGG870911077,GBP,United Kingdom
TED.L,TED BAKER,LSE,GB0001048619,GBP,United Kingdom
TEEG.L,TELECOM EGYPT,LSE,US87927T2024,GBP,United Kingdom
TEF.L,TELFORD HOMES,LSE AIM,GB0031022154,GBP,United Kingdom
TEK.L,TEKCAPITAL PLC,LSE AIM,GB00BKXGY798,GBP,United Kingdom
TEM.L,TEMPLETON EMERG MARK INVESTM TRUST,LSE,GB0008829292,GBP,United Kingdom
TEN.L,TENGRI RESOURCES,LSE AIM,KYG8760E1052,GBP,United Kingdom
TEP.L,TELECOM PLUS,LSE,GB0008794710,GBP,United Kingdom
TERN.L,TERN PLC,LSE AIM,GB00BFPMV798,GBP,United Kingdom
TET.L,TREATT,LSE,GB00BKS7YK08,GBP,United Kingdom
TETH.L,TETHYAN RESOURCES PLC,LSE AIM,GB00BYVFRB16,GBP,United Kingdom
TFG.L,TETRAGON FINANCIAL GROUP LTD,LSE,GG00B1RMC548,GBP,United Kingdom
TFIF.L,TWENTYFOUR INCOME FUND LTD,LSE,GG00B90J5Z95,GBP,United Kingdom
TFW.L,THORPE(F.W.),LSE AIM,GB00BC9ZLX92,GBP,United Kingdom
TGBD.L,TURKIYE GARANTI BANKASI,LSE,US9001487019,GBP,United Kingdom
THAL.L,THALASSA HLDGS LTD,LSE AIM,VGG878801031,GBP,United Kingdom
THL.L,TONGAAT HULETT LTD,LSE,ZAE000096541,GBP,United Kingdom
THR.L,THOR MINING,LSE AIM,GB00B1DXJY95,GBP,United Kingdom
THRG.L,BLACKROCK THROGMORTON TRUST PLC,LSE,GB0008910555,GBP,United Kingdom
THRL.L,TARGET HEALTHCARE REIT LTD,LSE,JE00B95CGW71,GBP,United Kingdom
THS.L,THARISA PLC,LSE,CY0103562118,GBP,United Kingdom
TIBD.L,TURKIYE IS BANKASI,LSE,US9001515074,GBP,United Kingdom
TIDE.L,CRIMSON TIDE PLC,LSE AIM,GB0002080082,GBP,United Kingdom
TIGT.L,TROY INCOME & GROWTH TRUST PLC,LSE,GB0003708665,GBP,United Kingdom
TILS.L,TIZIANA LIFE SCIENCES PLC,LSE AIM,GB00BKWNZY55,GBP,United Kingdom
TIR.L,TIGER RESOURCE FINANCE,LSE AIM,GB0002308525,GBP,United Kingdom
TJI.L,TEJOORI,LSE AIM,VGG8739M1133,GBP,United Kingdom
TLA.L,TLA WORLDWIDE PLC,LSE AIM,GB00B68HD384,GBP,United Kingdom
TLI.L,ALTERNATIVE ASSET OPPORTUNITIES,LSE,GB0034353424,GBP,United Kingdom
TLOU.L,TLOU ENERGY,LSE AIM,AU000000TOU2,GBP,United Kingdom
TLPR.L,TULLETT PREBON PLC,LSE,GB00B1H0DZ51,GBP,United Kingdom
TLW.L,TULLOW OIL PLC,LSE,GB0001500809,GBP,United Kingdom
TLY.L,TOTALLY,LSE AIM,GB00BYM1JJ00,GBP,United Kingdom
TME.L,TRADER MEDIA EAST,LSE,US89255G2084,GBP,United Kingdom
TMK.L,TORCHMARK CORP,LSE,US8910271043,GBP,United Kingdom
TMKS.L,PAO TMK,LSE,US87260R2013,GBP,United Kingdom
TMMG.L,MISSION MARKETING GROUP(THE),LSE AIM,GB00B11FD453,GBP,United Kingdom
TMO.L,TIME OUT GROUP PLC,LSE AIM,GB00BYYV0629,GBP,United Kingdom
TMPL.L,TEMPLE BAR INVESTMENT TRUST,LSE,GB0008825324,GBP,United Kingdom
TMT.L,TMT INVESTMENTS PLC,LSE AIM,JE00B3RQZ289,GBP,United Kingdom
TMZ.L,TOUMAZ LD,LSE AIM,KYG6390E1070,GBP,United Kingdom
TND.L,TANDEM GROUP,LSE AIM,GB00B460T373,GBP,United Kingdom
TNI.L,TRINITY MIRROR,LSE,GB0009039941,GBP,United Kingdom
TOM.L,TOMCO ENERGY PLC,LSE AIM,GB0031782278,GBP,United Kingdom
TON.L,TITON HLDGS,LSE,GB0008941402,GBP,United Kingdom
TOOP.L,TOOPLE PLC,LSE,GB00BZ8TP087,GBP,United Kingdom
TORO.L,TORO LTD,LSE,GG00BWBSDM98,GBP,United Kingdom
TOT.L,TOTAL PRODUCE PLC,LSE AIM,IE00B1HDWM43,GBP,United Kingdom
TOUR.L,HANATOUR SERVICE INC,LSE,US4096502079,GBP,United Kingdom
TOWN.L,TOWN CENTRE SECURITIES,LSE,GB0003062816,GBP,United Kingdom
TPF.L,TALIESIN PROPERTY FUND LTD,LSE AIM,JE00B3B3WB31,GBP,United Kingdom
TPFZ.L,TALIESIN PROPERTY FUND LTD,LSE,JE00BCDP4K39,GBP,United Kingdom
TPG.L,TP GROUP PLC,LSE AIM,GB0030591514,GBP,United Kingdom
TPK.L,TRAVIS PERKINS,LSE,GB0007739609,GBP,United Kingdom
TPL.L,TETHYS PETROLEUM LIMITED,LSE,KYG876361091,GBP,United Kingdom
TPO.L,TRIPLE POINT VCT 2011 PLC,LSE,GB00B54ST296,GBP,United Kingdom
TPOA.L,TRIPLE POINT VCT 2011 PLC,LSE,GB00BNCBFM82,GBP,United Kingdom
TPOB.L,TRIPLE POINT VCT 2011 PLC,LSE,GB00BYSQV489,GBP,United Kingdom
TPOG.L,THIRD POINT OFFSHORE INVESTORS LTD,LSE,GG00B1YQ6R97,GBP,United Kingdom
TPOP.L,PEOPLES OPERATOR PLC(THE),LSE AIM,GB00BSJWQH14,GBP,United Kingdom
TPOU.L,THIRD POINT OFFSHORE INVESTORS LTD,LSE,GG00B1YQ7219,GBP,United Kingdom
TPS.L,TURBO POWER SYSTEMS INC,LSE AIM,CA8999101030,GBP,United Kingdom
TPT.L,TOPPS TILES PLC,LSE,GB00B18P5K83,GBP,United Kingdom
TPV1.L,TRIPLE POINT INCOME VCT PLC,LSE,GB00B29KPN29,GBP,United Kingdom
TPVA.L,TRIPLE POINT INCOME VCT PLC,LSE,GB00B87XBC63,GBP,United Kingdom
TPVC.L,TRIPLE POINT INCOME VCT PLC,LSE,GB00BGSH2G43,GBP,United Kingdom
TPVD.L,TRIPLE POINT INCOME VCT PLC,LSE,GB00BNCBFH30,GBP,United Kingdom
TRAF.L,TRAFALGAR NEW HOMES,LSE AIM,GB00B0SP7491,GBP,United Kingdom
TRAK.L,TRAKM8 HLDGS,LSE AIM,GB00B0P1RP10,GBP,United Kingdom
TRB.L,TRIBAL GROUP,LSE AIM,GB0030181522,GBP,United Kingdom
TRC.L,TRINITY CAPITAL PLC,LSE AIM,GB00B0ZL5243,GBP,United Kingdom
TRCN.L,CENTER FR CARGO CONT TRF TRCNT PJSC,LSE,US8935561006,GBP,United Kingdom
TRCS.L,TRACSIS PLC,LSE AIM,GB00B28HSF71,GBP,United Kingdom
TRD.L,TRIAD GROUP,LSE,GB0009035741,GBP,United Kingdom
TRE.L,TRADING EMISSIONS,LSE AIM,GB00B073G363,GBP,United Kingdom
TREE.L,CAMBIUM GLOBAL TIMBERLAND LTD,LSE AIM,JE00B1NNWQ21,GBP,United Kingdom
TRG.L,TR EUROPEAN GROWTH TRUST,LSE,GB0009066928,GBP,United Kingdom
TRI.L,TRIFAST,LSE,GB0008883927,GBP,United Kingdom
TRIC.L,TRICOR PLC,LSE AIM,GB00B79BCZ12,GBP,United Kingdom
TRIG.L,RENEWABLES INFRASTRUCTURE GRP(THE),LSE,GG00BBHX2H91,GBP,United Kingdom
TRIN.L,TRINITY EXPLORATION & PRODUCTION,LSE AIM,GB00B8JG4R91,GBP,United Kingdom
TRIT.L,TRENDIT LTD,LSE,IL0011370256,GBP,United Kingdom
TRK.L,TOROTRAK,LSE,GB0002922382,GBP,United Kingdom
TRP.L,TOWER RESOURCES,LSE AIM,GB00BZ6D6J81,GBP,United Kingdom
TRS.L,TARSUS GROUP PLC,LSE,JE00B3DG9318,GBP,United Kingdom
TRT.L,TRANSENSE TECHNOLOGIES PLC,LSE AIM,GB0009360198,GBP,United Kingdom
TRX.L,TISSUE REGENIX GROUP PLC,LSE AIM,GB00B5SGVL29,GBP,United Kingdom
TRY.L,TR PROPERTY INVESTMENT TRUST,LSE,GB0009064097,GBP,United Kingdom
TRYW.L,TR PROPERTY INVESTMENT TRUST,LSE,GB0008887126,GBP,United Kingdom
TSCO.L,TESCO,LSE,GB0008847096,GBP,United Kingdom
TSG.L,TRANS-SIBERIAN GOLD PLC,LSE AIM,GB0033756866,GBP,United Kingdom
TST.L,TOUCHSTAR PLC,LSE AIM,GB00BD9YDB55,GBP,United Kingdom
TSTL.L,TRISTEL,LSE AIM,GB00B07RVT99,GBP,United Kingdom
TSTR.L,TRI-STAR RESOURCES PLC,LSE AIM,GB0033646281,GBP,United Kingdom
TTA.L,TOTAL SA,LSE,FR0000120271,GBP,United Kingdom
TTG.L,TT ELECTRONICS,LSE,GB0008711763,GBP,United Kingdom
TTR.L,32RED,LSE AIM,GI000A0F56M0,GBP,United Kingdom
TUI.L,TUI AG,LSE,DE000TUAG000,GBP,United Kingdom
TUNE.L,FOCUSRITE PLC,LSE AIM,GB00BSBMW716,GBP,United Kingdom
TUNG.L,TUNGSTEN CORP PLC,LSE AIM,GB00B7Z0Q502,GBP,United Kingdom
TW.L,TAYLOR WIMPEY PLC,LSE,GB0008782301,GBP,United Kingdom
TXH.L,TEX HLDGS,LSE,GB0008850470,GBP,United Kingdom
TYM.L,TERTIARY MINERALS PLC,LSE AIM,GB0008854563,GBP,United Kingdom
TYMN.L,TYMAN PLC,LSE,GB00B29H4253,GBP,United Kingdom
TYR.L,TYRATECH INC,LSE AIM,USU890581080,GBP,United Kingdom
TYRU.L,TYRATECH INC,LSE AIM,US90239R2031,GBP,United Kingdom
TYT.L,TOYOTA MOTOR CORP,LSE,JP3633400001,GBP,United Kingdom
UAI.L,U & I GROUP PLC,LSE,GB0002668464,GBP,United Kingdom
UANC.L,URBAN&CIVIC PLC,LSE,GB00BKT04W07,GBP,United Kingdom
UAV.L,UNICORN AIM VCT PLC,LSE,GB00B1RTFN43,GBP,United Kingdom
UBI.L,UBISENSE GROUP PLC,LSE AIM,GB00B3NCXX73,GBP,United Kingdom
UBM.L,UBM PLC,LSE,JE00BD9WR069,GBP,United Kingdom
UCG.L,UNITED CARPETS GROUP,LSE AIM,GB00B05J4D26,GBP,United Kingdom
UDG.L,UDG HEALTHCARE PLC,LSE,IE0033024807,GBP,United Kingdom
UEM.L,UTILICO EMERGING MARKETS LTD,LSE,BMG931151069,GBP,United Kingdom
UEMS.L,UTILICO EMERGING MARKETS LTD,LSE,BMG931071374,GBP,United Kingdom
UEN.L,URALS ENERGY PUBLIC CO,LSE AIM,CY0000111027,GBP,United Kingdom
UJO.L,UNION JACK OIL PLC,LSE AIM,GB00B814XC94,GBP,United Kingdom
UKCM.L,UK COMMERCIAL PROPERTY TRUST LTD,LSE,GB00B19Z2J52,GBP,United Kingdom
UKM.L,UK MAIL GROUP PLC,LSE,GB0001576163,GBP,United Kingdom
UKML.L,UK MORTGAGES LTD,LSE,GG00BXDZMK63,GBP,United Kingdom
UKOG.L,UK OIL & GAS INVESTMENTS PLC,LSE AIM,GB00B9MRZS43,GBP,United Kingdom
UKR.L,UKRPRODUCT GROUP,LSE AIM,GB00B03HK741,GBP,United Kingdom
UKT.L,THREADNEEDLE UK SELECT TRUST LTD,LSE,GB0004618236,GBP,United Kingdom
UKW.L,GREENCOAT UK WIND PLC,LSE,GB00B8SC6K54,GBP,United Kingdom
ULE.L,ULTRA ELECTRONICS HLDGS,LSE,GB0009123323,GBP,United Kingdom
ULS.L,ULS TECHNOLOGY PLC,LSE AIM,GB00BNG8T458,GBP,United Kingdom
ULVR.L,UNILEVER,LSE,GB00B10RZP78,GBP,United Kingdom
UNG.L,UNIVERSE GROUP,LSE AIM,GB0009483594,GBP,United Kingdom
UPL.L,UPLAND RESOURCES LTD,LSE,VGG7552A1075,GBP,United Kingdom
URA.L,URANIUM RESOURCES PLC,LSE AIM,GB00B068N088,GBP,United Kingdom
URU.L,URU METALS LD,LSE AIM,VGG930041022,GBP,United Kingdom
USG.L,ULTIMATE SPORTS GROUP PLC,LSE AIM,GB00BYV31355,GBP,United Kingdom
USY.L,UNISYS CORP,LSE,US9092143067,GBP,United Kingdom
UTG.L,UNITE GROUP,LSE,GB0006928617,GBP,United Kingdom
UTL.L,UIL LTD,LSE,BMG917071026,GBP,United Kingdom
UTLC.L,UIL FINANCE LTD,LSE,BMG916101089,GBP,United Kingdom
UTLD.L,UIL FINANCE LTD,LSE,BMG916101162,GBP,United Kingdom
UTW.L,UTILITYWISE PLC,LSE AIM,GB00B6WVD707,GBP,United Kingdom
UU.L,UNITED UTILITIES GROUP PLC,LSE,GB00B39J2M42,GBP,United Kingdom
UVEL.L,UNIVISION ENGINEERING,LSE AIM,HK0000033065,GBP,United Kingdom
UVEN.L,UVENCO UK PLC,LSE AIM,GB00B29HFH73,GBP,United Kingdom
VAL.L,VALIRX PLC,LSE AIM,GB00BWWYSP41,GBP,United Kingdom
VAST.L,VAST RESOURCES PLC,LSE AIM,GB00B142P698,GBP,United Kingdom
VCBC.L,VERTU CAPITAL LTD,LSE,KYG9341F1081,GBP,United Kingdom
VCP.L,VICTORIA,LSE AIM,GB0009290080,GBP,United Kingdom
VCT.L,VICTREX,LSE,GB0009292243,GBP,United Kingdom
VEC.L,VECTURA GROUP,LSE,GB00B01D1K48,GBP,United Kingdom
VED.L,VEDANTA RESOURCES,LSE,GB0033277061,GBP,United Kingdom
VEIL.L,VIETNAM ENTERPRISE INVESTMENTS LTD,LSE,KYG9361H1092,GBP,United Kingdom
VELA.L,VELA TECHNOLOGIES PLC,LSE AIM,GB00B7D7F340,GBP,United Kingdom
VEN.L,VENTUS VCT PLC,LSE,GB00B03KMY45,GBP,United Kingdom
VEN2.L,VENTUS 2 VCT PLC,LSE,GB00B0WCHT14,GBP,United Kingdom
VENC.L,VENTUS VCT PLC,LSE,GB00B3KVC412,GBP,United Kingdom
VEND.L,VENTUS VCT PLC,LSE,GB00BFXW7734,GBP,United Kingdom
VENN.L,VENN LIFE SCIENCES HLDGS PLC,LSE AIM,GB00B9275X97,GBP,United Kingdom
VER.L,VERNALIS,LSE AIM,GB00B3Y5L754,GBP,United Kingdom
VGAS.L,VOLGA GAS PLC,LSE AIM,GB00B1VN4809,GBP,United Kingdom
VICO.L,VIMETCO NV,LSE,US92718P2039,GBP,United Kingdom
VIN.L,VALUE & INCOME TRUST,LSE,GB0008484718,GBP,United Kingdom
VIP.L,VIPERA PLC,LSE AIM,GB00B5M62J37,GBP,United Kingdom
VIS.L,VITESSE MEDIA,LSE AIM,GB0006563406,GBP,United Kingdom
VLE.L,VOLVERE,LSE AIM,GB0032302688,GBP,United Kingdom
VLG.L,VENTURE LIFE GROUP PLC,LSE AIM,GB00BFPM8908,GBP,United Kingdom
VLK.L,VISLINK PLC,LSE AIM,GB0001482891,GBP,United Kingdom
VLS.L,VELOCYS PLC,LSE AIM,GB00B11SZ269,GBP,United Kingdom
VLTY.L,VELTYCO GROUP PLC,LSE AIM,IM00BYT32K14,GBP,United Kingdom
VLX.L,VOLEX PLC,LSE,GB0009390070,GBP,United Kingdom
VM.L,VIRGIN MONEY HLDGS (UK) PLC,LSE,GB00BQ8P0644,GBP,United Kingdom
VNC.L,VENTUS 2 VCT PLC,LSE,GB00B3KVC529,GBP,United Kingdom
VND.L,VENTUS 2 VCT PLC,LSE,GB00BFXW7841,GBP,United Kingdom
VNET.L,VIANET GROUP PLC,LSE AIM,GB00B13YVN56,GBP,United Kingdom
VNH.L,VIETNAM HLDG LTD,LSE AIM,KYG9361X1043,GBP,United Kingdom
VNHW.L,VIETNAM HLDG LTD,LSE AIM,KYG9361X1209,GBP,United Kingdom
VNI.L,VIETNAM INFRASTRUCTURE LTD,LSE AIM,KYG936121022,GBP,United Kingdom
VNL.L,VINALAND,LSE AIM,KYG936361016,GBP,United Kingdom
VNLZ.L,VINALAND ZDP LTD,LSE,GG00BFN0VM06,GBP,United Kingdom
VOD.L,VODAFONE GROUP,LSE,GB00BH4HKS39,GBP,United Kingdom
VOF.L,VINACAPITAL VIETNAM OPPORTNTY FD LT,LSE,GG00BYXVT888,GBP,United Kingdom
VOG.L,VICTORIA OIL & GAS,LSE AIM,GB00BRWR3752,GBP,United Kingdom
VP.L,VP,LSE,GB0009286963,GBP,United Kingdom
VRP.L,VERONA PHARMA PLC,LSE AIM,GB00B06GSH43,GBP,United Kingdom
VRS.L,VERSARIEN PLC,LSE AIM,GB00B8YZTJ80,GBP,United Kingdom
VSL.L,VPC SPECIALTY LENDING INVSTMNTS PLC,LSE,GB00BVG6X439,GBP,United Kingdom
VSN.L,VERSEON CORP,LSE AIM,USU9221J1098,GBP,United Kingdom
VSVS.L,VESUVIUS PLC,LSE,GB00B82YXW83,GBP,United Kingdom
VTA.L,VOLTA FINANCE LTD,LSE,GG00B1GHHH78,GBP,United Kingdom
VTBR.L,VTB BANK(PJSC),LSE,US46630Q2021,GBP,United Kingdom
VTC.L,VITEC GROUP PLC (THE),LSE,GB0009296665,GBP,United Kingdom
VTU.L,VERTU MOTORS PLC,LSE AIM,GB00B1GK4645,GBP,United Kingdom
WAFM.L,WEST AFRICAN MINERALS CORP,LSE AIM,VGG9544K1021,GBP,United Kingdom
WALG.L,WALCOM GROUP LTD,LSE AIM,VGG574851074,GBP,United Kingdom
WAN2.L,WANDISCO PLC,LSE AIM,JE00BYPG6G89,GBP,United Kingdom
WAND.L,WANDISCO PLC,LSE AIM,JE00B6Y3DV84,GBP,United Kingdom
WATR.L,WATER INTELLIGENCE PLC,LSE AIM,GB00BZ973D04,GBP,United Kingdom
WBS.L,WEST BROMWICH B.S.,LSE,GB00B0CX2M20,GBP,United Kingdom
WCW.L,WALKER CRIPS GROUP PLC,LSE,GB00B1YMRV88,GBP,United Kingdom
WDC.L,WIDECELLS GROUP PLC,LSE,GB00BD060S65,GBP,United Kingdom
WEB.L,WEBIS HOLDINGS PLC,LSE AIM,GB0004126271,GBP,United Kingdom
WEIR.L,WEIR GROUP,LSE,GB0009465807,GBP,United Kingdom
WEY.L,WEY EDUCATION PLC,LSE AIM,GB00B54NKM12,GBP,United Kingdom
WG.L,WOOD GROUP(JOHN),LSE,GB00B5N0P849,GBP,United Kingdom
WGB.L,WALKER GREENBANK,LSE AIM,GB0003061511,GBP,United Kingdom
WGP.L,WORLDLINK GROUP PLC,LSE,GB00B3P21X12,GBP,United Kingdom
WHI.L,W.H.IRELAND GROUP,LSE AIM,GB0009241885,GBP,United Kingdom
WIL.L,WILMINGTON PLC,LSE,GB0009692319,GBP,United Kingdom
WIN.L,WINCANTON,LSE,GB0030329360,GBP,United Kingdom
WINE.L,MAJESTIC WINE PLC,LSE AIM,GB00B021F836,GBP,United Kingdom
WINK.L,M WINKWORTH PLC,LSE AIM,GB00B4TT7L53,GBP,United Kingdom
WIZZ.L,WIZZ AIR HLDGS PLC,LSE,JE00BN574F90,GBP,United Kingdom
WJG.L,WATKIN JONES PLC,LSE AIM,GB00BD6RF223,GBP,United Kingdom
WKOF.L,WEISS KOREA OPPORTUNITY FUND LTD,LSE AIM,GG00B933LL68,GBP,United Kingdom
WKP.L,WORKSPACE GROUP PLC,LSE,GB00B67G5X01,GBP,United Kingdom
WLFE.L,WOLF MINERALS LTD,LSE AIM,AU000000WLF3,GBP,United Kingdom
WLG.L,WIRELESS GROUP PLC,LSE,GB00BDGT1X16,GBP,United Kingdom
WMH.L,WILLIAM HILL PLC,LSE,GB0031698896,GBP,United Kingdom
WML.L,WISDOM MARINE LINES CO LTD,LSE,US97717T1060,GBP,United Kingdom
WOR.L,WORLD CAREERS NETWORK,LSE AIM,GB0002677085,GBP,United Kingdom
WORK.L,WORK GROUP,LSE AIM,GB00B0VP0707,GBP,United Kingdom
WOS.L,WOLSELEY PLC,LSE,JE00BFNWV485,GBP,United Kingdom
WPC.L,WITAN PACIFIC INVESTMENT TRUST,LSE,GB0003656021,GBP,United Kingdom
WPCT.L,WOODFORD PATIENT CAPITAL TRUST PLC,LSE,GB00BVG1CF25,GBP,United Kingdom
WPG.L,WORLDPAY GROUP PLC,LSE,GB00BYYK2V80,GBP,United Kingdom
WPHO.L,WINDAR PHOTONICS PLC,LSE AIM,GB00BTFR4F17,GBP,United Kingdom
WPP.L,WPP PLC,LSE,JE00B8KF9B49,GBP,United Kingdom
WRES.L,W RESOURCES PLC,LSE AIM,GB00B0358H47,GBP,United Kingdom
WRL.L,WENTWORTH RESOURCES LTD,LSE AIM,CA9506771042,GBP,United Kingdom
WRN.L,WORTHINGTON GROUP,LSE,GB00B01YQ796,GBP,United Kingdom
WSBN.L,WISHBONE GOLD PLC,LSE AIM,GI000A1JU9R7,GBP,United Kingdom
WSE.L,WORK SERVICE SA,LSE,PLWRKSR00019,GBP,United Kingdom
WSG.L,WESTMINSTER GROUP PLC,LSE AIM,GB00B1XLC220,GBP,United Kingdom
WSL.L,WORLDSEC,LSE,BMG9774L1019,GBP,United Kingdom
WSP.L,WYNNSTAY PROPERTIES,LSE AIM,GB0009842898,GBP,United Kingdom
WTAN.L,WITAN INVESTMENT TRUST,LSE,GB0009744060,GBP,United Kingdom
WTB.L,WHITBREAD,LSE,GB00B1KJJ408,GBP,United Kingdom
WTE.L,WESTMOUNT ENERGY LTD,LSE AIM,GB00B0S5KR31,GBP,United Kingdom
WTG.L,WATCHSTONE GROUP PLC,LSE AIM,GB00BYNBFN51,GBP,United Kingdom
WTI.L,WEATHERLY INTERNATIONAL,LSE AIM,GB00B15PVN63,GBP,United Kingdom
WTM.L,WATERMAN GROUP PLC,LSE,GB0009422543,GBP,United Kingdom
WTR.L,LAZARD WORLD TRUST FUND,LSE,LU0483266259,GBP,United Kingdom
WTS.L,WORLD TRADE SYSTEMS,LSE,GB0031939183,GBP,United Kingdom
WWH.L,WORLDWIDE HEALTHCARE TRUST PLC,LSE,GB0003385308,GBP,United Kingdom
WYG.L,WYG PLC,LSE AIM,GB00B5N5WH70,GBP,United Kingdom
WYN.L,WYNNSTAY GROUP,LSE AIM,GB0034212331,GBP,United Kingdom
XAR.L,XAAR,LSE,GB0001570810,GBP,United Kingdom
XASX.L,DB X-TRACKERS,LSE,LU0292097747,GBP,United Kingdom
XAUS.L,DB X-TRACKERS,LSE,LU0328474803,GBP,United Kingdom
XAXD.L,DB X-TRACKERS,LSE,LU0322252171,GBP,United Kingdom
XAXJ.L,DB X-TRACKERS,LSE,LU0322252171,GBP,United Kingdom
XBCU.L,DB X-TRACKERS,LSE,LU0460391732,GBP,United Kingdom
XCAD.L,DB X-TRACKERS,LSE,LU0476289540,GBP,United Kingdom
XD3E.L,DB X-TRACKERS,LSE,LU0292095535,GBP,United Kingdom
XEL.L,XCITE ENERGY LTD,LSE AIM,VGG9828A1194,GBP,United Kingdom
XESC.L,DB X-TRACKERS,LSE,LU0380865021,GBP,United Kingdom
XESX.L,DB X-TRACKERS,LSE,LU0274211217,GBP,United Kingdom
XEUM.L,DB X-TRACKERS,LSE,LU0322253732,GBP,United Kingdom
XFVT.L,DB X-TRACKERS,LSE,LU0322252924,GBP,United Kingdom
XGDD.L,DB X-TRACKERS,LSE,LU0292096186,GBP,United Kingdom
XGID.L,DB X-TRACKERS,LSE,LU0322253229,GBP,United Kingdom
XGSD.L,DB X-TRACKERS,LSE,LU0292096186,GBP,United Kingdom
XHSD.L,DB X-TRACKERS,LSE,LU0429790313,GBP,United Kingdom
XIMT.L,DB X-TRACKERS,LSE,LU0328475529,GBP,United Kingdom
XKS2.L,DB X-TRACKERS,LSE,LU0292100046,GBP,United Kingdom
XKSD.L,DB X-TRACKERS,LSE,LU0292100046,GBP,United Kingdom
XLDX.L,DB X-TRACKERS,LSE,LU0411075376,GBP,United Kingdom
XLM.L,XLMEDIA PLC,LSE AIM,JE00BH6XDL31,GBP,United Kingdom
XLPE.L,DB X-TRACKERS,LSE,LU0322250712,GBP,United Kingdom
XMAD.L,DB X-TRACKERS,LSE,LU0292107991,GBP,United Kingdom
XMAS.L,DB X-TRACKERS,LSE,LU0292107991,GBP,United Kingdom
XMBD.L,DB X-TRACKERS,LSE,LU0292109344,GBP,United Kingdom
XMBR.L,DB X-TRACKERS,LSE,LU0292109344,GBP,United Kingdom
XMCX.L,DB X-TRACKERS,LSE,LU0292097317,GBP,United Kingdom
XMED.L,DB X-TRACKERS,LSE,LU0274209237,GBP,United Kingdom
XMEM.L,DB X-TRACKERS,LSE,LU0292107645,GBP,United Kingdom
XMEU.L,DB X-TRACKERS,LSE,LU0274209237,GBP,United Kingdom
XMID.L,DB X-TRACKERS,LSE,LU0476289623,GBP,United Kingdom
XMJD.L,DB X-TRACKERS,LSE,LU0274209740,GBP,United Kingdom
XMJP.L,DB X-TRACKERS,LSE,LU0274209740,GBP,United Kingdom
XMLA.L,DB X-TRACKERS,LSE,LU0292108619,GBP,United Kingdom
XMLD.L,DB X-TRACKERS,LSE,LU0292108619,GBP,United Kingdom
XMMD.L,DB X-TRACKERS,LSE,LU0292107645,GBP,United Kingdom
XMRC.L,DB X-TRACKERS,LSE,LU0322252502,GBP,United Kingdom
XMRD.L,DB X-TRACKERS,LSE,LU0322252502,GBP,United Kingdom
XMTD.L,DB X-TRACKERS,LSE,LU0292109187,GBP,United Kingdom
XMTW.L,DB X-TRACKERS,LSE,LU0292109187,GBP,United Kingdom
XMUD.L,DB X-TRACKERS,LSE,LU0274210672,GBP,United Kingdom
XMUS.L,DB X-TRACKERS,LSE,LU0274210672,GBP,United Kingdom
XMWD.L,DB X-TRACKERS,LSE,LU0274208692,GBP,United Kingdom
XMXD.L,DB X-TRACKERS,LSE,LU0292109005,GBP,United Kingdom
XNID.L,DB X-TRACKERS,LSE,LU0292109690,GBP,United Kingdom
XNIF.L,DB X-TRACKERS,LSE,LU0292109690,GBP,United Kingdom
XPL.L,XPLORER PLC,LSE,GB00B8VWXF68,GBP,United Kingdom
XPP.L,XP POWER LTD,LSE,SG9999003735,GBP,United Kingdom
XPXD.L,DB X-TRACKERS,LSE,LU0322252338,GBP,United Kingdom
XPXJ.L,DB X-TRACKERS,LSE,LU0322252338,GBP,United Kingdom
XS2D.L,DB X-TRACKERS,LSE,LU0411078552,GBP,United Kingdom
XS3R.L,DB X-TRACKERS,LSE,LU0292105359,GBP,United Kingdom
XS6R.L,DB X-TRACKERS,LSE,LU0292104899,GBP,United Kingdom
XS7R.L,DB X-TRACKERS,LSE,LU0292103651,GBP,United Kingdom
XS7S.L,DB X-TRACKERS,LSE,LU0322249037,GBP,United Kingdom
XS8R.L,DB X-TRACKERS,LSE,LU0292104469,GBP,United Kingdom
XSD2.L,DB X-TRACKERS,LSE,LU0411075020,GBP,United Kingdom
XSDR.L,DB X-TRACKERS,LSE,LU0292103222,GBP,United Kingdom
XSDX.L,DB X-TRACKERS,LSE,LU0292106241,GBP,United Kingdom
XSER.L,DB X-TRACKERS,LSE,LU0292101796,GBP,United Kingdom
XSFD.L,DB X-TRACKERS,LSE,LU0328476410,GBP,United Kingdom
XSFR.L,DB X-TRACKERS,LSE,LU0328476410,GBP,United Kingdom
XSG.L,XEROS TECHNOLOGY GROUP PLC,LSE AIM,GB00BJFLLV84,GBP,United Kingdom
XSGI.L,DB X-TRACKERS,LSE,LU0322253229,GBP,United Kingdom
XSIR.L,DB X-TRACKERS,LSE,LU0292105193,GBP,United Kingdom
XSKR.L,DB X-TRACKERS,LSE,LU0292104030,GBP,United Kingdom
XSNR.L,DB X-TRACKERS,LSE,LU0292106084,GBP,United Kingdom
XSPD.L,DB X-TRACKERS,LSE,LU0322251520,GBP,United Kingdom
XSPR.L,DB X-TRACKERS,LSE,LU0292100806,GBP,United Kingdom
XSPS.L,DB X-TRACKERS,LSE,LU0322251520,GBP,United Kingdom
XSSX.L,DB X-TRACKERS,LSE,LU0292106753,GBP,United Kingdom
XSX6.L,DB X-TRACKERS,LSE,LU0328475792,GBP,United Kingdom
XT2D.L,DB X-TRACKERS,LSE,LU0411078636,GBP,United Kingdom
XTR.L,XTRACT RESOURCES PLC,LSE AIM,GB00B06QGC57,GBP,United Kingdom
XUIT.L,DB X-TRACKERS II,LSE,LU0429459513,GBP,United Kingdom
XUKS.L,DB X-TRACKERS,LSE,LU0328473581,GBP,United Kingdom
XUKX.L,DB X-TRACKERS,LSE,LU0292097234,GBP,United Kingdom
XUSD.L,DB X-TRACKERS,LSE,LU0356591882,GBP,United Kingdom
XUT3.L,DB X-TRACKERS II,LSE,LU0429458895,GBP,United Kingdom
XUTD.L,DB X-TRACKERS II,LSE,LU0429459356,GBP,United Kingdom
XVTD.L,DB X-TRACKERS,LSE,LU0322252924,GBP,United Kingdom
XX25.L,DB X-TRACKERS,LSE,LU0292109856,GBP,United Kingdom
XX2D.L,DB X-TRACKERS,LSE,LU0292109856,GBP,United Kingdom
XXSC.L,DB X-TRACKERS,LSE,LU0322253906,GBP,United Kingdom
YBS.L,YORKSHIRE BUILDING SOCIETY,LSE,XS0247065674,GBP,United Kingdom
YKBD.L,YAPI VE KREDI BANKASI AS,LSE,US9848482009,GBP,United Kingdom
YNGA.L,YOUNG & CO'S BREWERY,LSE AIM,GB00B2NDK765,GBP,United Kingdom
YNGN.L,YOUNG & CO'S BREWERY,LSE AIM,GB00B2NDK989,GBP,United Kingdom
YOLO.L,YOLO LEISURE & TECHNOLOGY PLC,LSE AIM,GB00B6TG6Y69,GBP,United Kingdom
YOU.L,YOUGOV,LSE AIM,GB00B1VQ6H25,GBP,United Kingdom
YU.L,YU GROUP PLC,LSE AIM,GB00BYQDPD80,GBP,United Kingdom
YUJ.L,YUJIN INTL LTD,LSE AIM,SG9999005946,GBP,United Kingdom
ZAM.L,ZAMBEEF PRODUCTS,LSE AIM,ZM0000000201,GBP,United Kingdom
ZBO.L,ZIBAO METALS RECYCLING HLDGS LTD,LSE AIM,GB00BGP6NY91,GBP,United Kingdom
ZCC.L,ZCCM INVESTMENTS HLDGS,LSE,ZM0000000037,GBP,United Kingdom
ZEG.L,ZEGONA COMMUNICATIONS PLC,LSE,GB00BVGBY890,GBP,United Kingdom
ZENB.L,ZENITH BANK,LSE,US98935J1025,GBP,United Kingdom
ZHEH.L,ZHEJIANG EXPRESSWAY CO,LSE,CNE1000004S4,GBP,United Kingdom
ZIOC.L,ZANAGA IRON ORE CO LTD,LSE AIM,VGG9888M1023,GBP,United Kingdom
ZMNO.L,ZAMANO PLC,LSE AIM,IE00B1G17W46,GBP,United Kingdom
ZOL.L,ZOLTAV RESOURCES INC,LSE AIM,KYG9895N1198,GBP,United Kingdom
ZOO.L,ZOO DIGITAL GROUP PLC,LSE AIM,GB00B1FQDL10,GBP,United Kingdom
ZOX.L,ZINCOX RESOURCES PLC,LSE AIM,GB0031124638,GBP,United Kingdom
ZPLA.L,ZOOPLA PROPERTY GROUP PLC,LSE,GB00BMHTHT14,GBP,United Kingdom
ZTF.L,ZOTEFOAMS,LSE,GB0009896605,GBP,United Kingdom
ZYT.L,ZYTRONIC,LSE AIM,GB0006971013,GBP,United Kingdom
ZZZ.L,SNOOZEBOX HLDGS PLC,LSE AIM,GB00B7D66J40,GBP,United Kingdom
