symbol,FullName,Exchange,ISIN,Currency,Country
2020.OL,2020 BULKERS,Oslo Børs,BMG9156K1018,NOK,Norway
5PG.OL,5TH PLANET GAMES,Euronext Expand Oslo,DK0060945467,NOK,Norway
74SW.PA,74SOFTWARE,Euronext Paris,FR0011040500,EUR,France
8GW.IR,GREAT WESTERN MIN.,Euronext Growth Dublin,IE000T78CHJ8,EUR,Ireland
A2A.MI,A2A,Euronext Milan,IT0001233417,EUR,Italy
A5G.IR,AIB GROUP PLC,Euronext Dublin,IE00BF0L3536,EUR,Ireland
AAA.PA,ALAN ALLMAN,Euronext Paris,FR0000062465,EUR,France
AALB.AS,AALBERTS NV,Euronext Amsterdam,NL0000852564,EUR,Netherlands
AASB.OL,AASEN SPAREBANK,Euronext Growth Oslo,NO0010672181,NOK,Norway
AAT.MI,AATECH,Euronext Growth Milan,IT0005548521,EUR,Italy
AB.PA,AB SCIENCE,Euronext Paris,FR0010557264,EUR,France
ABBS.PA,AB SCIENCE BSA,Euronext Paris,FR001400ZRT0,EUR,France
ABBSA.PA,AB SCIENCE BSAAU25,Euronext Growth Paris,FR0014011S49,EUR,France
ABC.MI,ABC COMPANY,Euronext Growth Milan,IT0005466294,EUR,Italy
ABCA.PA,ABC ARBITRAGE,Euronext Paris,FR0004040608,EUR,France
ABEO.PA,ABEO,Euronext Paris,FR0013185857,EUR,France
ABG.OL,ABG SUNDAL COLLIER,Oslo Børs,NO0003021909,NOK,Norway
ABI.BR,AB INBEV,Euronext Brussels,BE0974293251,EUR,Belgium
ABLD.PA,ABL Diagnostics,Euronext Paris,FR001400AHX6,EUR,France
ABN.AS,ABN AMRO BANK N.V.,Euronext Amsterdam,NL0011540547,EUR,Netherlands
ABNX.PA,ABIONYX PHARMA,Euronext Paris,FR0012616852,EUR,France
ABO.PA,ABO GROUP,"Euronext Brussels, Paris",BE0974278104,EUR,France
ABP.MI,A.B.P. NOCIVELLI,Euronext Growth Milan,IT0005439861,EUR,Italy
ABS.OL,ARCTIC BIOSCIENCE,Euronext Growth Oslo,NO0010859580,NOK,Norway
ABSBS.PA,AB SCIENCE BSA 25,Euronext Growth Paris,FR00140118Z8,EUR,France
ABT.MI,ABITARE IN,Euronext Milan,IT0005445280,EUR,Italy
ABTEC.OL,AQUA BIO TECHNO,Euronext Expand Oslo,NO0013735894,NOK,Norway
ABTG.MI,ALFIO BARDOLLA,Euronext Growth Milan,IT0005244030,EUR,Italy
ABVX.PA,ABIVAX,Euronext Paris,FR0012333284,EUR,France
AC.PA,ACCOR,Euronext Paris,FR0000120404,EUR,France
AC5.MI,ACINQUE,Euronext Milan,IT0001382024,EUR,Italy
ACA.PA,CREDIT AGRICOLE,Euronext Paris,FR0000045072,EUR,France
ACAN.PA,ACANTHE DEV.,Euronext Paris,FR0000064602,EUR,France
ACCB.BR,ACCENTIS,Euronext Brussels,BE0003696102,EUR,Belgium
ACE.MI,ACEA,Euronext Milan,IT0001207098,EUR,Italy
ACED.OL,ACE DIGITAL,Euronext Growth Oslo,NO0013531616,NOK,Norway
ACKB.BR,ACKERMANS V.HAAREN,Euronext Brussels,BE0003764785,EUR,Belgium
ACMC.PA,ACCOR USD,Euronext Paris - Multi-currency Trading,FR0000120404,USD,France
ACOMO.AS,ACOMO,Euronext Amsterdam,NL0000313286,EUR,Netherlands
ACQ.MI,ACQUAZZURRA,Euronext Growth Milan,IT0005443061,EUR,Italy
ACR.OL,AXACTOR,Oslo Børs,NO0010840515,NOK,Norway
AD.AS,AHOLD DEL,"Euronext Amsterdam, Brussels",NL0011794037,EUR,Netherlands
ADB.MI,AEROPORTO G. M. BO,Euronext Milan,IT0001006128,EUR,Italy
ADOBS.PA,ADOCIA BSA,Euronext Growth Paris,FR001400XVZ4,EUR,France
ADOC.PA,ADOCIA,Euronext Paris,FR0011184241,EUR,France
ADP.PA,ADP,Euronext Paris,FR0010340141,EUR,France
ADS.OL,ADS MARITIME HOLD,Euronext Growth Oslo,CY0108052115,NOK,Norway
ADV.MI,ADVENTURE,Euronext Growth Milan,IT0005607715,EUR,Italy
ADYEN.AS,ADYEN,Euronext Amsterdam,NL0012969182,EUR,Netherlands
AED.AS,AEDIFICA,"Euronext Brussels, Amsterdam",BE0003851681,EUR,Netherlands
AEDES.MI,AEDES,Euronext Milan,IT0005708174,EUR,Italy
AEF.MI,AEFFE,Euronext Milan,IT0001384590,EUR,Italy
AELIS.PA,AELIS FARMA,Euronext Paris,FR0014007ZB4,EUR,France
AF.PA,AIR FRANCE -KLM,"Euronext Paris, Amsterdam",FR001400J770,EUR,France
AFG.OL,AF GRUPPEN,Oslo Børs,NO0003078107,NOK,Norway
AFISH.OL,ARCTIC FISH HOLDIN,Euronext Growth Oslo,NO0010917719,NOK,Norway
AFK.OL,ARENDALS FOSSEKOMP,Oslo Børs,NO0003572802,NOK,Norway
AGAIN.MI,CLOUDIA RESEARCH,Euronext Growth Milan,IT0005577090,EUR,Italy
AGFB.BR,AGFA-GEVAERT,Euronext Brussels,BE0003755692,EUR,Belgium
AGIL.AS,Agility Capital H,Euronext Amsterdam,VGG885761301,USD,Netherlands
AGLX.OL,AGILYX,Oslo Børs,NO0010872468,NOK,Norway
AGN.AS,AEGON,Euronext Amsterdam,BMG0112X1056,EUR,Netherlands
AGP.MI,ALTEA GREEN POWER,Euronext Milan,IT0005472730,EUR,Italy
AGS.BR,AGEAS,Euronext Brussels,BE0974264930,EUR,Belgium
AI.PA,AIR LIQUIDE,Euronext Paris,FR0000120073,EUR,France
AIM.MI,4AIM SICAF,Euronext Growth Milan,IT0005204729,EUR,Italy
AIM2.MI,4AIM SICAF COMP 2,Euronext Growth Milan,IT0005440323,EUR,Italy
AIR.PA,AIRBUS,Euronext Paris,NL0000235190,EUR,France
AIX.OL,AYFIE INTERNATIONA,Euronext Growth Oslo,NO0012861683,NOK,Norway
AJAX.AS,AJAX,Euronext Amsterdam,NL0000018034,EUR,Netherlands
AKAST.OL,AKASTOR,Oslo Børs,NO0010215684,NOK,Norway
AKBM.OL,AKER BIOMARINE,Oslo Børs,NO0010886625,NOK,Norway
AKE.PA,ARKEMA,Euronext Paris,FR0010313833,EUR,France
AKER.OL,AKER,Oslo Børs,NO0010234552,NOK,Norway
AKOBO.OL,AKOBO MINERALS,Euronext Growth Oslo,SE0015193412,NOK,Norway
AKOM.PA,AERKOMM INC,Euronext Paris,US00774B2088,EUR,France
AKRBP.OL,AKER BP,Oslo Børs,NO0010345853,NOK,Norway
AKSO.OL,AKER SOLUTIONS,Oslo Børs,NO0010716582,NOK,Norway
AKVA.OL,AKVA GROUP,Oslo Børs,NO0003097503,NOK,Norway
AKW.PA,AKWEL,Euronext Paris,FR0000053027,EUR,France
AKZA.AS,AKZO NOBEL,Euronext Amsterdam,NL0013267909,EUR,Netherlands
AL2SI.PA,2CRSI,Euronext Growth Paris,FR0013341781,EUR,France
ALADO.PA,ADOMOS,Euronext Growth Paris,FR00140153H3,EUR,France
ALAFY.PA,AFYREN,Euronext Growth Paris,FR0014005AC9,EUR,France
ALAGO.PA,E PANGO,Euronext Growth Paris,FR0014004339,EUR,France
ALAGP.PA,AGRIPOWER,Euronext Growth Paris,FR0013452281,EUR,France
ALAGR.PA,AGROGENERATION,Euronext Growth Paris,FR0010641449,EUR,France
ALAIR.PA,AIRWELL,Euronext Growth Paris,FR0014003V77,EUR,France
ALALO.PA,ACHETER-LOUER.FR,Euronext Growth Paris,FR0014011O84,EUR,France
ALAMA.PA,AMA CORPORATION,Euronext Growth Paris,GB00BNKGZC51,EUR,France
ALAON.PA,APOLLO MINERALS,Euronext Growth Paris,AU000000AON7,EUR,France
ALAQU.PA,AQUILA,Euronext Growth Paris,FR0010340711,EUR,France
ALARF.PA,ADEUNIS,Euronext Growth Paris,FR0013284627,EUR,France
ALATA.PA,ATARI,Euronext Growth Paris,FR00140173Y6,EUR,France
ALATI.PA,ACTIA GROUP,Euronext Growth Paris,FR0000076655,EUR,France
ALAUD.PA,AUDACIA,Euronext Growth Paris,FR00140059B5,EUR,France
ALAVI.PA,ADVINI,Euronext Growth Paris,FR0000053043,EUR,France
ALBFR.PA,SIDETRADE,Euronext Growth Paris,FR0010202606,EUR,France
ALBI.PA,GASCOGNE,Euronext Growth Paris,FR0000124414,EUR,France
ALBIO.PA,BIOSYNEX,Euronext Growth Paris,FR0011005933,EUR,France
ALBIZ.PA,OBIZ,Euronext Growth Paris,FR0014003711,EUR,France
ALBKK.PA,BAIKOWSKI,Euronext Growth Paris,FR0013384369,EUR,France
ALBLD.PA,BILENDI,Euronext Growth Paris,FR0004174233,EUR,France
ALBLU.PA,BLUELINEA,Euronext Growth Paris,FR0011041011,EUR,France
ALBOA.PA,BOA CONCEPT,Euronext Growth Paris,FR0011365907,EUR,France
ALBON.PA,LEBON,Euronext Growth Paris,FR0000121295,EUR,France
ALBOO.PA,BOOSTHEAT,Euronext Growth Paris,FR00140153G5,EUR,France
ALBOU.PA,BOURRELIER GROUP,Euronext Growth Paris,FR0000054421,EUR,France
ALBPK.PA,BROADPEAK,Euronext Growth Paris,FR001400AJZ7,EUR,France
ALBPS.PA,BIOPHYTIS,Euronext Growth Paris,FR001400OLP5,EUR,France
ALCAF.PA,CAFOM,Euronext Growth Paris,FR0010151589,EUR,France
ALCAT.PA,CATANA GROUP,Euronext Growth Paris,FR0010193052,EUR,France
ALCBI.PA,CBI,Euronext Growth Paris,FR0014007LW0,EUR,France
ALCBX.PA,CIBOX INTER A CTIV,Euronext Growth Paris,FR0000054322,EUR,France
ALCGM.PA,CEGEDIM,Euronext Growth Paris,FR0000053506,EUR,France
ALCIS.PA,CATERING INTL SCES,Euronext Growth Paris,FR0000064446,EUR,France
ALCJ.PA,CROSSJECT,Euronext Growth Paris,FR0011716265,EUR,France
ALCLA.PA,CLARANOVA,Euronext Growth Paris,FR0013426004,EUR,France
ALCLS.PA,CELLECTIS,Euronext Growth Paris,FR0010425595,EUR,France
ALCOF.PA,COFIDUR,Euronext Growth Paris,FR0013257409,EUR,France
ALCOG.PA,COGRA,Euronext Growth Paris,FR0011071570,EUR,France
ALCOI.PA,COIL,Euronext Growth Paris,BE0160342011,EUR,France
ALCOX.PA,NICOX,Euronext Growth Paris,FR0013018124,EUR,France
ALCPA.PA,MACOMPTA.FR,Euronext Growth Paris,FR001400NQB6,EUR,France
ALCPB.PA,CAPITAL B,Euronext Growth Paris,FR0014019Y19,EUR,France
ALCRB.PA,CARBIOS,Euronext Growth Paris,FR0011648716,EUR,France
ALCUR.PA,ARCURE,Euronext Growth Paris,FR0013398997,EUR,France
ALCWE.PA,CHARWOOD ENERGY,Euronext Growth Paris,FR001400AJ60,EUR,France
ALDAR.PA,DAMARTEX,Euronext Growth Paris,FR0000185423,EUR,France
ALDBL.PA,BERNARD LOISEAU,Euronext Growth Paris,FR0000066961,EUR,France
ALDBT.PA,DBT,Euronext Growth Paris,FR001400LO86,EUR,France
ALDEL.PA,DELFINGEN,Euronext Growth Paris,FR0000054132,EUR,France
ALDEV.PA,DEVERNOIS,Euronext Growth Paris,FR0000060840,EUR,France
ALDLS.PA,D.L.S.I.,Euronext Growth Paris,FR0010404368,EUR,France
ALDLT.PA,DELTA PLUS GROUP,Euronext Growth Paris,FR0013283108,EUR,France
ALDMS.PA,DIAGNOSTIC MEDICAL,Euronext Growth Paris,FR0012202497,EUR,France
ALDNE.PA,DONTNOD,Euronext Growth Paris,FR0013331212,EUR,France
ALDNX.PA,DNXCORP,Euronext Growth Paris,FR0010436584,EUR,France
ALDOL.PA,DOLFINES,Euronext Growth Paris,FR001400SP13,EUR,France
ALDRV.PA,DRONE VOLT,Euronext Growth Paris,FR001400SVN0,EUR,France
ALDUB.PA,ENCRES DUBUIT,Euronext Growth Paris,FR0004030708,EUR,France
ALDUX.PA,ADUX,Euronext Growth Paris,FR0012821890,EUR,France
ALDV.PA,ADC SIIC,Euronext Paris,BE0974269012,EUR,France
ALDVI.PA,ADVICENNE,Euronext Growth Paris,FR0013296746,EUR,France
ALEAC.PA,EDILIZIACROBATICA,Euronext Growth Paris,IT0005351504,EUR,France
ALECO.PA,ECOMIAM,Euronext Growth Paris,FR0013534617,EUR,France
ALECP.PA,EUROPACORP,Euronext Growth Paris,FR0010490920,EUR,France
ALECR.PA,EUROFINS CEREP,Euronext Growth Paris,FR0013256518,EUR,France
ALEFA.PA,EDUFORM ACTION,Euronext Growth Paris,FR0010882886,EUR,France
ALEMG.PA,LABO EUROMEDIS,Euronext Growth Paris,FR0000075343,EUR,France
ALEMS.PA,European Medical S,"Euronext Growth Brussels, Paris",BE0974497290,EUR,France
ALEMV.PA,EMOVA GROUP,Euronext Growth Paris,FR0013356755,EUR,France
ALENO.PA,ENOGIA,Euronext Growth Paris,FR0014004974,EUR,France
ALENT.PA,ETHERO,Euronext Growth Paris,FR0010424697,EUR,France
ALEO2.PA,EO2,Euronext Growth Paris,FR0010465534,EUR,France
ALERO.PA,EUROLAND CORPORATE,Euronext Growth Paris,FR0010157115,EUR,France
ALERS.PA,EUROBIO-SCIENTIFIC,Euronext Growth Paris,FR0013240934,EUR,France
ALESA.PA,ECOSLOPS,Euronext Growth Paris,FR0011490648,EUR,France
ALESE.PA,ENTECH,Euronext Growth Paris,FR0014004362,EUR,France
ALETC.PA,ENERGY SOLAR,Euronext Growth Paris,ES0105687000,EUR,France
ALEUA.PA,EURASIA GROUPE,Euronext Growth Paris,FR0010844001,EUR,France
ALEUP.PA,EUROPLASMA,Euronext Growth Paris,FR0014011QJ8,EUR,France
ALEXA.PA,EXACOMPTA CLAIREF.,Euronext Growth Paris,FR0000064164,EUR,France
ALEXP.PA,ONE EXPERIENCE,Euronext Growth Paris,FR0013266772,EUR,France
ALFEN.AS,ALFEN,Euronext Amsterdam,NL0012817175,EUR,Netherlands
ALFER.PA,SERGEFERRARI GROUP,Euronext Growth Paris,FR0011950682,EUR,France
ALFLE.PA,FLEURY MICHON,Euronext Growth Paris,FR0000074759,EUR,France
ALFLO.PA,FLORENTAISE,Euronext Growth Paris,FR001400GO75,EUR,France
ALFO.MI,ALFONSINO,Euronext Growth Milan,IT0005466039,EUR,Italy
ALFOR.PA,FORSEE POWER,Euronext Growth Paris,FR0014005SB3,EUR,France
ALFPC.PA,FOUNTAINE PAJOT,Euronext Growth Paris,FR0010485268,EUR,France
ALFRE.PA,FREELANCE.COM,Euronext Growth Paris,FR0004187367,EUR,France
ALFUM.PA,FILL UP MEDIA,Euronext Growth Paris,FR001400AEM6,EUR,France
ALGAE.PA,FERMENTALG,Euronext Growth Paris,FR0011271600,EUR,France
ALGEC.PA,GECI INTL,Euronext Growth Paris,FR001400M1R1,EUR,France
ALGEN.PA,GENOWAY,Euronext Growth Paris,FR0004053510,EUR,France
ALGEV.PA,GEVELOT,Euronext Growth Paris,FR0000033888,EUR,France
ALGID.PA,EGIDE,Euronext Growth Paris,FR0000072373,EUR,France
ALGIL.PA,GROUPE GUILLIN,Euronext Growth Paris,FR0012819381,EUR,France
ALGIR.PA,SIGNAUX GIROD,Euronext Growth Paris,FR0000060790,EUR,France
ALGLD.PA,GOLD BY GOLD,Euronext Growth Paris,FR0011208693,EUR,France
ALGRO.PA,GROLLEAU,Euronext Growth Paris,FR0014005ZM5,EUR,France
ALGTR.PA,GROUPE TERA,Euronext Growth Paris,FR0013429404,EUR,France
ALHAF.PA,HAFFNER ENERGY,Euronext Growth Paris,FR0014007ND6,EUR,France
ALHEX.PA,HEXAOM,Euronext Growth Paris,FR0004159473,EUR,France
ALHF.PA,HF COMPANY,Euronext Growth Paris,FR0000038531,EUR,France
ALHG.PA,LOUIS HACHETTE,Euronext Growth Paris,FR001400TL40,EUR,France
ALHGO.PA,HAMILTON GLOBAL OP,Euronext Growth Paris,GB00BMDXQ672,EUR,France
ALHGR.PA,HOFFMANN,Euronext Growth Paris,FR0013451044,EUR,France
ALHIT.PA,HITECHPROS,Euronext Growth Paris,FR0010396309,EUR,France
ALHOP.PA,HOPSCOTCH GROUPE,Euronext Growth Paris,FR0000065278,EUR,France
ALHPI.PA,HOPIUM,Euronext Growth Paris,FR0014010QE1,EUR,France
ALHRG.PA,HERIGE,Euronext Growth Paris,FR0000066540,EUR,France
ALHRS.PA,HYDROGEN REFUELING,Euronext Growth Paris,FR0014001PM5,EUR,France
ALHUN.PA,HUNYVERS,Euronext Growth Paris,FR0014007LQ2,EUR,France
ALHYF.PA,LHYFE,Euronext Growth Paris,FR0014009YQ1,EUR,France
ALHYP.PA,HIPAY GROUP,Euronext Growth Paris,FR0012821916,EUR,France
ALI2S.PA,I2S,Euronext Growth Paris,FR0005854700,EUR,France
ALIBR.PA,CALIBRE,Euronext Growth Paris,FR0014004QR6,EUR,France
ALICA.PA,ICAPE HOLDING,Euronext Growth Paris,FR001400A3Q3,EUR,France
ALIE.PA,SIPARIO MOVIES,Euronext Growth Paris,IT0005380602,EUR,France
ALIEV.PA,IEVA GROUP,Euronext Growth Paris,FR0014015ND9,EUR,France
ALIKO.PA,IKONISYS,Euronext Growth Paris,FR00140048X2,EUR,France
ALIMO.PA,GROUPIMO,Euronext Growth Paris,FR0014000RP6,EUR,France
ALIMP.PA,IMPLANET,Euronext Growth Paris,FR0013470168,EUR,France
ALIMR.PA,IMMERSION,Euronext Growth Paris,FR0013060100,EUR,France
ALINN.PA,INNELEC MULTIMEDIA,Euronext Growth Paris,FR0000064297,EUR,France
ALINS.PA,INTRASENSE,Euronext Growth Paris,FR0011179886,EUR,France
ALINT.PA,INTEGRAGEN,Euronext Growth Paris,FR0010908723,EUR,France
ALINV.PA,INVIBES ADVERTSING,Euronext Growth Paris,BE0974299316,EUR,France
ALISP.PA,ISPD,Euronext Growth Paris,ES0109429037,EUR,France
ALITL.PA,IT LINK,Euronext Growth Paris,FR0000072597,EUR,France
ALJXR.PA,ARCHOS,Euronext Growth Paris,FR001400KO61,EUR,France
ALKAL.PA,KALRAY,Euronext Growth Paris,FR0010722819,EUR,France
ALKEY.PA,KEYRUS,Euronext Growth Paris,FR0004029411,EUR,France
ALKKO.PA,KKO INTERNATIONAL,Euronext Growth Paris,FR0013374667,EUR,France
ALKLA.PA,KLARSEN,Euronext Growth Paris,FR0011038348,EUR,France
ALKLH.PA,KLEA HOLDING,Euronext Growth Paris,FR0013481835,EUR,France
ALKLK.PA,KERLINK,Euronext Growth Paris,FR0013156007,EUR,France
ALKLN.PA,KALEON,Euronext Growth Paris,IT0005678104,EUR,France
ALKOM.PA,KOMPUESTOS,Euronext Growth Paris,ES0105425005,EUR,France
ALLAN.PA,LANSON-BCC,Euronext Growth Paris,FR0004027068,EUR,France
ALLDL.PA,GROUPE LDLC,Euronext Growth Paris,FR0000075442,EUR,France
ALLEX.PA,LEXIBOOK LINGUIST.,Euronext Growth Paris,FR0000033599,EUR,France
ALLFG.AS,ALLFUNDS GROUP,Euronext Amsterdam,GB00BNTJ3546,EUR,Netherlands
ALLGO.PA,LARGO,Euronext Growth Paris,FR0013308582,EUR,France
ALLHB.PA,LES HOTELS BAVEREZ,Euronext Growth Paris,FR0007080254,EUR,France
ALLIX.PA,WALLIX,Euronext Growth Paris,FR0010131409,EUR,France
ALLLN.PA,LLEIDA,Euronext Growth Paris,ES0105089009,EUR,France
ALLOG.PA,LOGIC INSTRUMENT,Euronext Growth Paris,FR0000044943,EUR,France
ALLPL.PA,LEPERMISLIBRE,Euronext Growth Paris,FR001400F2Z1,EUR,France
ALLSF.PA,LE SLIP FRANCAIS,Euronext Growth Paris,FR0014018Y10,EUR,France
ALLUX.PA,INSTALLUX,Euronext Growth Paris,FR0000060451,EUR,France
ALMAR.PA,MARE NOSTRUM,Euronext Growth Paris,FR0013400835,EUR,France
ALMAS.PA,MASTRAD,Euronext Growth Paris,FR0004155687,EUR,France
ALMCE.PA,MON COURTIER ENERG,Euronext Growth Paris,FR001400H3A0,EUR,France
ALMDG.PA,MGI DIGITAL GRAPHI,Euronext Growth Paris,FR0010353888,EUR,France
ALMDT.PA,MEDIANTECHNOLOGIES,Euronext Growth Paris,FR0011049824,EUR,France
ALMER.PA,SAPMER,Euronext Growth Paris,FR0010776617,EUR,France
ALMET.PA,METHANOR,Euronext Growth Paris,FR0011217710,EUR,France
ALMEX.PA,MEXEDIA,Euronext Growth Paris,IT0005450819,EUR,France
ALMGI.PA,MG INTERNATIONAL,Euronext Growth Paris,FR0010204453,EUR,France
ALMIB.PA,AMOEBA,Euronext Growth Paris,FR0011051598,EUR,France
ALMIN.PA,MINT,Euronext Growth Paris,FR0004172450,EUR,France
ALMKS.PA,MAKING SCIENCE,Euronext Growth Paris,ES0105463006,EUR,France
ALMKT.PA,MAUNA KEA TECH,Euronext Growth Paris,FR0010609263,EUR,France
ALMLB.PA,MILIBOO,Euronext Growth Paris,FR0013053535,EUR,France
ALMOU.PA,MOULINVEST,Euronext Growth Paris,FR0011033083,EUR,France
ALMRB.PA,MR BRICOLAGE,Euronext Growth Paris,FR0004034320,EUR,France
ALMS.MI,ALIA MENTIS,Euronext Growth Milan,IT0005717241,EUR,Italy
ALMUN.PA,MUNIC,Euronext Growth Paris,FR0013462231,EUR,France
ALNEV.PA,NEOVACS,Euronext Growth Paris,FR0014018EV4,EUR,France
ALNFL.PA,NFL BIOSCIENCES,Euronext Growth Paris,FR0014003XT0,EUR,France
ALNG.OL,ALNG,Euronext Expand Oslo,NO0010607971,NOK,Norway
ALNLF.PA,NEOLIFE,Euronext Growth Paris,FR0011636083,EUR,France
ALNMG.PA,NETMEDIA GROUP,Euronext Growth Paris,FR001400RF99,EUR,France
ALNMR.PA,NAMR,Euronext Growth Paris,FR0014003J32,EUR,France
ALNN6.PA,ENENSYS,Euronext Growth Paris,FR0013330792,EUR,France
ALNOV.PA,NOVACYT,Euronext Growth Paris,FR0010397232,EUR,France
ALNRG.PA,ENERGISME,Euronext Growth Paris,FR001401A702,EUR,France
ALNSC.PA,NSC GROUPE,Euronext Growth Paris,FR0000064529,EUR,France
ALNSE.PA,NSE,Euronext Growth Paris,FR0004065639,EUR,France
ALNTG.PA,NETGEM,Euronext Growth Paris,FR0004154060,EUR,France
ALNXT.PA,NEXTEDIA,Euronext Growth Paris,FR0004171346,EUR,France
ALO.PA,ALSTOM,Euronext Paris,FR0010220475,EUR,France
ALODC.PA,OMER-DECUGIS & CIE,Euronext Growth Paris,FR0014003T71,EUR,France
ALODY.PA,ODYSSEE TECHNO,Euronext Growth Paris,FR001400U4P9,EUR,France
ALOKW.PA,GROUPE OKWIND,Euronext Growth Paris,FR0013439627,EUR,France
ALOPM.PA,ONCODESIGN PM,Euronext Growth Paris,FR001400CM63,EUR,France
ALORA.PA,ALTHEORA,Euronext Growth Paris,FR0000061244,EUR,France
ALORD.PA,ORDISSIMO,Euronext Growth Paris,FR0013318052,EUR,France
ALPAS.PA,PASSAT,Euronext Growth Paris,FR0000038465,EUR,France
ALPAT.PA,PLANT ADVANCED,Euronext Growth Paris,FR0010785790,EUR,France
ALPAU.PA,PAULIC MEUNERIE,Euronext Growth Paris,FR0013479730,EUR,France
ALPDX.PA,PISCINES DESJOYAUX,Euronext Growth Paris,FR0000061608,EUR,France
ALPER.PA,PERRIER (GERARD),Euronext Growth Paris,FR0000061459,EUR,France
ALPET.PA,PET SERVICE,Euronext Growth Paris,NL0015001HZ9,EUR,France
ALPG.PA,PREATONI GROUP,Euronext Growth Paris,FR001400WXE7,EUR,France
ALPHI.PA,FACEPHI,Euronext Growth Paris,ES0105029005,EUR,France
ALPJT.PA,POUJOULAT,Euronext Growth Paris,FR0000066441,EUR,France
ALPM.PA,PRECIA,Euronext Growth Paris,FR0014004EC4,EUR,France
ALPRE.PA,PREDILIFE,Euronext Growth Paris,FR0010169920,EUR,France
ALPRG.PA,PROLOGUE,Euronext Growth Paris,FR0010380626,EUR,France
ALPRI.PA,PRISMAFLEX INTL,Euronext Growth Paris,FR0004044600,EUR,France
ALPUL.PA,PULLUP ENTERTAIN,Euronext Growth Paris,FR0012419307,EUR,France
ALPVL.PA,PLAST. VAL LOIRE,Euronext Growth Paris,FR0013252186,EUR,France
ALPWG.PA,PRODWAYS GROUP,Euronext Growth Paris,FR0012613610,EUR,France
ALQGC.PA,QUANTUM GENOMICS,Euronext Growth Paris,FR0011648971,EUR,France
ALQWA.PA,QWAMPLIFY,Euronext Growth Paris,FR0010889386,EUR,France
ALREA.PA,REALITES,Euronext Growth Paris,FR0011858190,EUR,France
ALREB.PA,REBIRTH,Euronext Growth Paris,IT0005460081,EUR,France
ALRFG.PA,RACING FORCE,Euronext Growth Paris,IT0005466963,EUR,France
ALRGR.PA,ROUGIER S.A.,Euronext Growth Paris,FR0000037640,EUR,France
ALRIB.PA,RIBER,Euronext Growth Paris,FR0000075954,EUR,France
ALRIS.PA,RISING STONE,Euronext Growth Paris,FR00140164Q1,EUR,France
ALROC.PA,ROCTOOL,Euronext Growth Paris,FR0010523167,EUR,France
ALRPD.PA,RAPID NUTRITION,Euronext Growth Paris,GB00BVVK7R18,EUR,France
ALSAF.PA,SAFE,Euronext Growth Paris,FR001400ZU25,EUR,France
ALSAS.PA,STRADIM ESPAC.FIN,Euronext Growth Paris,FR0000074775,EUR,France
ALSEC.PA,SODITECH,Euronext Growth Paris,FR0000078321,EUR,France
ALSEI.PA,SEIF SPA,Euronext Growth Paris,IT0005353484,EUR,France
ALSEM.PA,SEMCO TECHNOLOGIES,Euronext Growth Paris,FR0014010H01,EUR,France
ALSEN.PA,SENSORION,Euronext Growth Paris,FR0012596468,EUR,France
ALSGD.PA,SPINEGUARD,Euronext Growth Paris,FR0011464452,EUR,France
ALSMA.PA,SMAIO,Euronext Growth Paris,FR0014005I80,EUR,France
ALSMB.LS,SAMBA DIGITAL,Euronext Growth Lisbon,PTDGL0AM0003,EUR,Portugal
ALSOG.PA,SOGECLAIR,Euronext Growth Paris,FR0000065864,EUR,France
ALSPT.PA,SPARTOO,Euronext Growth Paris,FR00140043Y1,EUR,France
ALSPW.PA,SPINEWAY,Euronext Growth Paris,FR001400N2P2,EUR,France
ALSRS.PA,SIRIUS MEDIA,Euronext Growth Paris,FR0014017FP5,EUR,France
ALSTI.PA,STIF,Euronext Growth Paris,FR001400MDW2,EUR,France
ALSTW.PA,STREAMWIDE,Euronext Growth Paris,FR0010528059,EUR,France
ALTA.PA,ALTAREA,Euronext Paris,FR0000033219,EUR,France
ALTAI.PA,LIGHTON,Euronext Growth Paris,FR0013230950,EUR,France
ALTAO.PA,ATON,Euronext Growth Paris,FR0004153930,EUR,France
ALTD.PA,TONNER DRONES,Euronext Growth Paris,FR001400H2X4,EUR,France
ALTHE.PA,THERACLION,Euronext Growth Paris,FR0010120402,EUR,France
ALTHO.PA,METAVISIO,Euronext Growth Paris,FR00140066X4,EUR,France
ALTHX.PA,THX PHARMA,Euronext Growth Paris,FR0013286259,EUR,France
ALTME.PA,TME PHARMA,Euronext Growth Paris,NL0015000YE1,EUR,France
ALTOO.PA,TOOSLA,Euronext Growth Paris,FR00140062B9,EUR,France
ALTOU.PA,TOUAX,Euronext Growth Paris,FR0000033003,EUR,France
ALTPC.PA,SMTPC,Euronext Growth Paris,FR0004016699,EUR,France
ALTR.LS,ALTRI SGPS,Euronext Lisbon,PTALT0AE0002,EUR,Portugal
ALTRA.PA,TRACTIAL,Euronext Growth Paris,FR0014014ZV8,EUR,France
ALTRI.PA,TRILOGIQ,Euronext Growth Paris,FR0010397901,EUR,France
ALTUV.PA,BIO-UV GROUP,Euronext Growth Paris,FR0013345493,EUR,France
ALTXC.PA,TXCOM,Euronext Growth Paris,FR0010654087,EUR,France
ALU10.PA,U10 CORP,Euronext Growth Paris,FR0000079147,EUR,France
ALUAV.PA,EMBENTION,Euronext Growth Paris,ES0105639001,EUR,France
ALUCI.PA,LUCIBEL,Euronext Growth Paris,FR0014013HG9,EUR,France
ALUNI.PA,UNIFY GROUP,Euronext Growth Paris,FR0010820274,EUR,France
ALUNT.PA,UNITI,Euronext Growth Paris,FR0012709160,EUR,France
ALUPG.PA,UPERGY,Euronext Growth Paris,FR0010337865,EUR,France
ALUVI.PA,UV GERMI,Euronext Growth Paris,FR0011898584,EUR,France
ALVAL.PA,VALBIOTIS,Euronext Growth Paris,FR0013254851,EUR,France
ALVAP.PA,KUMULUS VAPE,Euronext Growth Paris,FR0013419876,EUR,France
ALVAZ.PA,VAZIVA,Euronext Growth Paris,FR0014007T10,EUR,France
ALVDM.PA,VOYAGEURS DU MONDE,Euronext Growth Paris,FR0004045847,EUR,France
ALVER.PA,VERGNET,Euronext Growth Paris,FR0014010YR7,EUR,France
ALVGO.PA,VOGO,Euronext Growth Paris,FR0011532225,EUR,France
ALVIA.PA,VIALIFE,Euronext Growth Paris,FR0010326090,EUR,France
ALVIN.PA,VINPAI,Euronext Growth Paris,FR001400AXT1,EUR,France
ALVIO.PA,VALERIO TX,Euronext Growth Paris,FR0010095596,EUR,France
ALVIR.PA,VIRTUALWARE,Euronext Growth Paris,ES0105704003,EUR,France
ALVU.PA,VENTE UNIQUE.COM,Euronext Growth Paris,FR0010766667,EUR,France
ALWEC.PA,WE.CONNECT,Euronext Growth Paris,FR0013079092,EUR,France
ALWF.PA,WINFARM,Euronext Growth Paris,FR0014000P11,EUR,France
ALWIN.PA,WINAMP GROUP,"Euronext Growth Paris, Brussels",BE0974334667,EUR,France
ALWIT.PA,WITBE,Euronext Growth Paris,FR0013143872,EUR,France
ALWTR.PA,WATERA,Euronext Growth Paris,FR001400IUV6,EUR,France
ALX.AS,ALUMEXX N.V.,Euronext Amsterdam,NL0012194724,EUR,Netherlands
ALXIL.PA,XILAM ANIMATION,Euronext Growth Paris,FR0004034072,EUR,France
AM.PA,DASSAULT AVIATION,Euronext Paris,FR0014004L86,EUR,France
AMB.MI,AMBROMOBILIARE,Euronext Growth Milan,IT0004779515,EUR,Italy
AMG.AS,AMG,Euronext Amsterdam,NL0000888691,EUR,Netherlands
AMI.MI,FRIENDS,Euronext Growth Milan,IT0005664641,EUR,Italy
AMP.MI,AMPLIFON,Euronext Milan,IT0004056880,EUR,Italy
AMUN.PA,AMUNDI,Euronext Paris,FR0004125920,EUR,France
AMUND.AS,ALMUNDA PRO NV,Euronext Amsterdam,NL0010696704,EUR,Netherlands
ANDF.OL,ANDFJORD SALMON GR,Euronext Growth Oslo,NO0010829765,NOK,Norway
ANIM.MI,ANIMA HOLDING,Euronext Milan,IT0004998065,EUR,Italy
ANTIN.PA,ANTIN INFRA PARTN,Euronext Paris,FR0014005AL0,EUR,France
APAM.PA,APERAM,"Euronext Amsterdam, Brussels, Paris",LU0569974404,EUR,France
APR.OL,APPEAR,Oslo Børs,NO0013683821,NOK,Norway
AQUA.OL,AQUALIS,Oslo Børs,NO0010715394,NOK,Norway
ARAMI.PA,ARAMIS GROUP,Euronext Paris,FR0014003U94,EUR,France
ARBS.MI,ARTERRA BIOSCIENCE,Euronext Growth Milan,IT0005386369,EUR,Italy
ARCAD.AS,ARCADIS,Euronext Amsterdam,NL0006237562,EUR,Netherlands
ARCH.OL,ARCHER,Oslo Børs,BMG0451H2087,NOK,Norway
ARDO.PA,ARDOIN ST AMAND B,Euronext Access Paris,FR0004070795,EUR,France
AREIT.PA,ALTAREIT,Euronext Paris,FR0000039216,EUR,France
ARG.PA,ARGAN,Euronext Paris,FR0010481960,EUR,France
ARGX.BR,ARGENX SE,Euronext Brussels,NL0010832176,EUR,Belgium
ARIS.MI,ARISTON HOLDING,Euronext Milan,NL0015000N33,EUR,Italy
ARN.MI,ALERION,Euronext Milan,IT0004720733,EUR,Italy
ARR.OL,ARRIBATEC GROUP,Oslo Børs,NO0013682948,NOK,Norway
ART.MI,DEODATO.GALLERY,Euronext Growth Milan,IT0005528937,EUR,Italy
ARTE.PA,ARTEA,Euronext Paris,FR0012185536,EUR,France
ARTO.PA,ARTOIS NOM.,Euronext Paris,FR0000076952,EUR,France
ARVBS.PA,ARVERNE WARRANT,Euronext Paris,FR0014003AC4,EUR,France
ARVEN.PA,ARVERNE GROUP,Euronext Paris,FR001400JWR8,EUR,France
ASA.OL,ATLANTIC SAPPHIRE,Oslo Børs,NO0013464750,NOK,Norway
ASAS.OL,ATLANTIC SAPPHI TR,Oslo Børs,NO0013340802,NOK,Norway
ASC.MI,ASCOPIAVE,Euronext Milan,IT0004093263,EUR,Italy
ASCE.BR,ASCENCIO,Euronext Brussels,BE0003856730,EUR,Belgium
ASM.AS,ASM INTERNATIONAL,Euronext Amsterdam,NL0000334118,EUR,Netherlands
ASML.AS,ASML HOLDING,Euronext Amsterdam,NL0010273215,EUR,Netherlands
ASRNL.AS,ASR NEDERLAND,Euronext Amsterdam,NL0011872643,EUR,Netherlands
ASY.PA,ASSYSTEM,Euronext Paris,FR0000074148,EUR,France
ATE.PA,ALTEN,Euronext Paris,FR0000071946,EUR,France
ATEA.OL,ATEA,Oslo Børs,NO0004822503,NOK,Norway
ATEB.BR,ATENOR,Euronext Brussels,BE0003837540,EUR,Belgium
ATEME.PA,ATEME,Euronext Paris,FR0011992700,EUR,France
ATLD.PA,ATLAND,Euronext Paris,FR0013455482,EUR,France
ATO.PA,ATOS GROUP,Euronext Paris,FR001400X2S4,EUR,France
ATON.MI,ATON GREEN STORAGE,Euronext Growth Milan,IT0005449464,EUR,Italy
AUB.PA,AUBAY,Euronext Paris,FR0000063737,EUR,France
AUGR.PA,AUGROS COSMETIC,Euronext Paris,FR0000061780,EUR,France
AURE.PA,AUREA,Euronext Paris,FR0000039232,EUR,France
AURG.OL,AURSKOG SPAREBANK,Oslo Børs,NO0006001601,NOK,Norway
AUSS.OL,AUSTEVOLL SEAFOOD,Oslo Børs,NO0010073489,NOK,Norway
AUTME.MI,AUTOSTRADE MERID,Euronext Milan,IT0000084043,EUR,Italy
AUTO.OL,AUTOSTORE HOLDINGS,Oslo Børs,BMG0670A1099,NOK,Norway
AVIO.MI,AVIO,Euronext Milan,IT0005119810,EUR,Italy
AVT.PA,AVENIR TELECOM,Euronext Paris,FR001400CFI7,EUR,France
AVTX.AS,AVANTIUM,"Euronext Amsterdam, Brussels",NL0015002IE0,EUR,Netherlands
AXS.AS,ACCSYS,Euronext Amsterdam,GB00BQQFX454,EUR,Netherlands
AYV.PA,AYVENS,Euronext Paris,FR0013258662,EUR,France
AZE.BR,AZELIS GROUP,Euronext Brussels,BE0974400328,EUR,Belgium
AZM.MI,AZIMUT,Euronext Milan,IT0003261697,EUR,Italy
AZRN.AS,AZERION,Euronext Amsterdam,NL00150006Z9,EUR,Netherlands
AZRNW.AS,AZERION WARRANTS,Euronext Amsterdam,NL00150007A0,EUR,Netherlands
AZT.OL,ARCTICZYMES TECHNO,Oslo Børs,NO0010014632,NOK,Norway
B.MI,BASTOGI SPA,Euronext Milan,IT0004412497,EUR,Italy
B2I.OL,B2 Impact,Oslo Børs,NO0010633951,NOK,Norway
BACE.AS,BM3EAC,Euronext Amsterdam,KYG137071075,USD,Netherlands
BAIN.PA,BAINS MER MONACO,Euronext Paris,MC0000031187,EUR,France
BAKKA.OL,BAKKAFROST,Oslo Børs,FO0000000179,NOK,Norway
BALT.OL,BALTIC SEA PROP,Euronext Growth Oslo,NO0010810476,NOK,Norway
BAMI.MI,BANCO BPM,Euronext Milan,IT0005218380,EUR,Italy
BAMNB.AS,BAM GROEP KON,Euronext Amsterdam,NL0000337319,EUR,Netherlands
BAN.MI,BASICNET,Euronext Milan,IT0001033700,EUR,Italy
BANI.BR,BANIMMO A,Euronext Brussels,BE0003870871,EUR,Belgium
BANQ.BR,BANQUP GROUP,Euronext Brussels,BE0974371032,EUR,Belgium
BAR.BR,BARCO,Euronext Brussels,BE0974362940,EUR,Belgium
BARRA.OL,BARRAMUNDI GROUP,Euronext Growth Oslo,SGXZ33675836,NOK,Norway
BASS.PA,BASSAC,Euronext Paris,FR0004023208,EUR,France
BB.PA,BIC,Euronext Paris,FR0000120966,EUR,France
BC.MI,BRUNELLO CUCINELLI,Euronext Milan,IT0004764699,EUR,Italy
BCP.LS,B.COM.PORTUGUES,Euronext Lisbon,PTBCP0AM0015,EUR,Portugal
BCS.OL,BERGEN CARBON SOL,Euronext Growth Oslo,NO0010950249,NOK,Norway
BDB.MI,BCO DESIO BRIANZA,Euronext Milan,IT0001041000,EUR,Italy
BEC.MI,B&C SPEAKERS,Euronext Milan,IT0001268561,EUR,Italy
BEKB.BR,BEKAERT,Euronext Brussels,BE0974258874,EUR,Belgium
BELL.MI,BELLINI NAUTICA,Euronext Growth Milan,IT0005497042,EUR,Italy
BELYS.BR,BELYSSE GROUP,Euronext Brussels,BE0974314461,EUR,Belgium
BEN.PA,BENETEAU,Euronext Paris,FR0000035164,EUR,France
BES.MI,BESTBE HOLDING,Euronext Milan,IT0005611642,EUR,Italy
BESI.AS,BE SEMICONDUCTOR,Euronext Amsterdam,NL0012866412,EUR,Netherlands
BEVER.AS,BEVER HOLDING,Euronext Amsterdam,NL0000285278,EUR,Netherlands
BEWI.OL,BEWI,Oslo Børs,NO0010890965,NOK,Norway
BF.MI,BOLOGNAFIERE,Euronext Growth Milan,IT0003516066,EUR,Italy
BFF.MI,BFF BANK,Euronext Milan,IT0005244402,EUR,Italy
BFG.MI,B.F.,Euronext Milan,IT0005187460,EUR,Italy
BFIT.AS,BASIC-FIT,Euronext Amsterdam,NL0011872650,EUR,Netherlands
BGN.MI,BANCA GENERALI,Euronext Milan,IT0001031084,EUR,Italy
BIBS3.PA,BIOPHYTIS BSA31,Euronext Growth Paris,FR0014016WC0,EUR,France
BIEN.OL,BIEN SPAREBANK,Oslo Børs,NO0012706763,NOK,Norway
BIG.PA,BIGBEN INTERACTIVE,Euronext Paris,FR0000074072,EUR,France
BIM.PA,BIOMERIEUX,Euronext Paris,FR0013280286,EUR,France
BINT.OL,BEVEST,Oslo Børs,NO0013711721,NOK,Norway
BIOS.PA,BIOSENIC,"Euronext Brussels, Paris",BE0974280126,EUR,France
BIRG.IR,BANK OF IRELAND GP,Euronext Dublin,IE00BD1RP616,EUR,Ireland
BLC.PA,BASTIDE LE CONFORT,Euronext Paris,FR0000035370,EUR,France
BLEE.PA,BLEECKER,Euronext Paris,FR0000062150,EUR,France
BMA.OL,BYGGMA,Euronext Growth Oslo,NO0003087603,NOK,Norway
BMED.MI,BANCA MEDIOLANUM,Euronext Milan,IT0004776628,EUR,Italy
BMPS.MI,BANCA MPS,Euronext Milan,IT0005508921,EUR,Italy
BN.PA,DANONE,Euronext Paris,FR0000120644,EUR,France
BNB.BR,BQUE NAT. BELGIQUE,Euronext Brussels,BE0003008019,EUR,Belgium
BNBS.PA,DRONE VOLT BS28,Euronext Growth Paris,FR0014007951,EUR,France
BNJ.AS,BANIJAY GROUP,Euronext Amsterdam,NL0015000X07,EUR,Netherlands
BNJW.AS,BANIJAY GROUP WARR,Euronext Amsterdam,NL0015000H56,EUR,Netherlands
BNOR.OL,BLUENORD,Oslo Børs,NO0010379266,NOK,Norway
BNP.PA,BNP PARIBAS ACT.A,Euronext Paris,FR0000131104,EUR,France
BO.MI,BORGOSESIA,Euronext Milan,IT0003217335,EUR,Italy
BOHUS.OL,BOHUS,Oslo Børs,NO0013753343,NOK,Norway
BOI.PA,BOIRON,Euronext Paris,FR0000061129,EUR,France
BOL.PA,BOLLORE,Euronext Paris,FR0000039299,EUR,France
BON.PA,BONDUELLE,Euronext Paris,FR0000063935,EUR,France
BONHR.OL,BONHEUR,Oslo Børs,NO0003110603,NOK,Norway
BOR.OL,BORGESTAD,Oslo Børs,NO0013256180,NOK,Norway
BORR.OL,BORR DRILLING,Oslo Børs,BMG1466R1732,NOK,Norway
BOUV.OL,BOUVET,Oslo Børs,NO0010360266,NOK,Norway
BPBS.PA,BIOPHYTIS BSA,Euronext Growth Paris,FR001400LN79,EUR,France
BPE.MI,BPER BANCA,Euronext Milan,IT0000066123,EUR,Italy
BPOST.BR,BPOST,Euronext Brussels,BE0974268972,EUR,Belgium
BPYBS.PA,BIOPHYTIS BSA,Euronext Growth Paris,FR001400YN90,EUR,France
BRE.MI,BREMBO,Euronext Milan,NL0015001KT6,EUR,Italy
BREB.BR,BREDERODE,Euronext Brussels,LU1068091351,EUR,Belgium
BRG.OL,BORREGAARD,Oslo Børs,NO0010657505,NOK,Norway
BRI.MI,BRIOSCHI,Euronext Milan,IT0000066180,EUR,Italy
BRNL.AS,BRUNEL INTERNAT,Euronext Amsterdam,NL0010776944,EUR,Netherlands
BRUT.OL,BRUTON,Euronext Growth Oslo,NO0013036814,NOK,Norway
BSD.PA,BOURSE DIRECT,Euronext Paris,FR0000074254,EUR,France
BSP.OL,BLACK SEA PROPERTY,Euronext Growth Oslo,NO0013685750,NOK,Norway
BSS.MI,BIESSE,Euronext Milan,IT0003097257,EUR,Italy
BST.MI,BANCA SISTEMA,Euronext Milan,IT0003173629,EUR,Italy
BTLS.BR,BIOTALYS,Euronext Brussels,BE0974386188,EUR,Belgium
BUI.PA,BARBARA BUI,Euronext Paris,FR0000062788,EUR,France
BUR.PA,BURELLE,Euronext Paris,FR0000061137,EUR,France
BVI.PA,BUREAU VERITAS,Euronext Paris,FR0006174348,EUR,France
BWE.OL,BW ENERGY LIMITED,Oslo Børs,BMG0702P1086,NOK,Norway
BWLPG.OL,BW LPG,Oslo Børs,SGXZ69436764,NOK,Norway
BWO.OL,BW OFFSHORE LTD,Oslo Børs,BMG1738J1247,NOK,Norway
BWZ.MI,BEEWIZE,Euronext Milan,IT0001487047,EUR,Italy
BZU.MI,BUZZI,Euronext Milan,IT0001347308,EUR,Italy
C5H.IR,CAIRN HOMES PLC,Euronext Dublin,IE00BWY4ZF18,EUR,Ireland
CA.PA,CARREFOUR,Euronext Paris,FR0000120172,EUR,France
CABKA.AS,CABKA,Euronext Amsterdam,NL00150000S7,EUR,Netherlands
CABLE.AS,GIG,Euronext Amsterdam,GG00BMB5XZ39,GBP,Netherlands
CADLR.OL,CADELER,Oslo Børs,DK0061412772,NOK,Norway
CAF.PA,CRCAM PARIS ET IDF,Euronext Paris,FR0000045528,EUR,France
CAI.MI,CAIRO COMMUNICAT,Euronext Milan,IT0004329733,EUR,Italy
CALT.MI,CALTAGIRONE,Euronext Milan,IT0003127930,EUR,Italy
CAMB.BR,CAMPINE,Euronext Brussels,BE0003825420,EUR,Belgium
CAMBI.OL,CAMBI,Euronext Growth Oslo,NO0010078850,NOK,Norway
CAND.BR,CANDELA INVEST,Euronext Growth Brussels,BE0974298300,EUR,Belgium
CAP.PA,CAPGEMINI,Euronext Paris,FR0000125338,EUR,France
CAPSL.OL,CAPSOL TECHNOLOGI,Oslo Børs,NO0010923121,NOK,Norway
CAPT.OL,CAPITAL TANKERS,Euronext Growth Oslo,MHY1096C1093,NOK,Norway
CARM.PA,CARMILA,Euronext Paris,FR0010828137,EUR,France
CAT31.PA,CA TOULOUSE 31 CCI,Euronext Paris,FR0000045544,EUR,France
CAVEN.OL,CAVENDISH HYDROGEN,Oslo Børs,NO0013219535,NOK,Norway
CBB.MI,CLEANBNB,Euronext Growth Milan,IT0005377277,EUR,Italy
CBBSA.PA,CBI BSA A,Euronext Growth Paris,FR001400O416,EUR,France
CBDG.PA,CAMBODGE NOM.,Euronext Paris,FR001400SUB7,EUR,France
CBE.PA,ROBERTET CI,Euronext Paris,FR0000045601,EUR,France
CBOT.PA,CBO TERRITORIA,Euronext Paris,FR0010193979,EUR,France
CBR.PA,ROBERTET CDV 87,Euronext Paris,FR0000045619,EUR,France
CBSAB.PA,CBI BSA B,Euronext Growth Paris,FR001400O408,EUR,France
CBSM.PA,SCBSM,Euronext Paris,FR0006239109,EUR,France
CCEP.AS,Coca-ColaEuropacif,Euronext Amsterdam,GB00BDCPN049,EUR,Netherlands
CCN.PA,CRCAM NORM.SEINE,Euronext Paris,FR0000044364,EUR,France
CDA.PA,ALPES (COMPAGNIE),Euronext Paris,FR0000053324,EUR,France
CDG.MI,CASTA DIVA GROUP,Euronext Growth Milan,IT0005003782,EUR,Italy
CDI.PA,CHRISTIAN DIOR,Euronext Paris,FR0000130403,EUR,France
CDU.LS,CONDURIL,Euronext Access Lisbon,PTCDU0AE0003,EUR,Portugal
CE.MI,CREDEM,Euronext Milan,IT0003121677,EUR,Italy
CED.MI,CALTAGIRONE EDIT,Euronext Milan,IT0001472171,EUR,Italy
CELL.MI,CELLULARLINE,Euronext Milan,IT0005244618,EUR,Italy
CEM.MI,CEMENTIR HOLDING,Euronext Milan,NL0013995087,EUR,Italy
CEN.PA,GROUPE CRIT,Euronext Paris,FR0000036675,EUR,France
CENER.BR,CENERGY,Euronext Brussels,BE0974303357,EUR,Belgium
CFEB.BR,CFE,Euronext Brussels,BE0003883031,EUR,Belgium
CFI.PA,CFI,Euronext Paris,FR0000037475,EUR,France
CFL.MI,COFLE,Euronext Growth Milan,IT0005465619,EUR,Italy
CFV.MI,CONFINVEST ORO,Euronext Growth Milan,IT0005379604,EUR,Italy
CGF.MI,COGEFEED,Euronext Growth Milan,IT0005618043,EUR,Italy
CHSR.PA,CHAUSSERIA,Euronext Paris,FR0000060907,EUR,France
CIR.MI,CIR,Euronext Milan,IT0000070786,EUR,Italy
CIRC.MI,CIRCLE,Euronext Growth Milan,IT0005344996,EUR,Italy
CIV.PA,CRCAM ILLE-VIL.CCI,Euronext Paris,FR0000045213,EUR,France
CJBS.PA,CROSSJECT BS27,Euronext Growth Paris,FR001400UR90,EUR,France
CLABO.MI,CLABO,Euronext Growth Milan,IT0005091324,EUR,Italy
CLARI.PA,CLARIANE,Euronext Paris,FR0010386334,EUR,France
CLE.MI,CLASS EDITORI,Euronext Milan,IT0005117848,EUR,Italy
CLEX.BR,CUMULEX,Euronext Brussels,BE0003463685,EUR,Belgium
CLF.MI,CALEFFI,Euronext Milan,IT0003025019,EUR,Italy
CLI.MI,C. LATTE D'ITALIA,Euronext Milan,IT0003023980,EUR,Italy
CLOUD.OL,CLOUDBERRY CLEAN,Oslo Børs,NO0010876642,NOK,Norway
CMB.MI,CEMBRE,Euronext Milan,IT0001128047,EUR,Italy
CMBT.BR,CMB.TECH,Euronext Brussels,BE0003816338,EUR,Belgium
CMBTO.OL,CMB.TECH,Oslo Børs,BE0003816338,NOK,Norway
CMCOM.AS,CM.COM,Euronext Amsterdam,NL0012747059,EUR,Netherlands
CMO.PA,CRCAM MORBIHAN CCI,Euronext Paris,FR0000045551,EUR,France
CMTL.MI,COM.TEL,Euronext Growth Milan,IT0005632945,EUR,Italy
CNDF.PA,CRCAM NORD CCI,Euronext Paris,FR0000185514,EUR,France
CO.PA,CASINO GUICHARD,Euronext Paris,FR001400OKR3,EUR,France
COBH.BR,CO.BR.HA,Euronext Growth Brussels,BE0003519270,EUR,Belgium
COBS1.PA,CASINO BSA1,Euronext Paris,FR001400OJ72,EUR,France
COBS3.PA,CASINO BSA3,Euronext Paris,FR001400OJ98,EUR,France
CODE.OL,CODELAB CAPITAL,Euronext Growth Oslo,NO0013483503,NOK,Norway
COFA.PA,COFACE,Euronext Paris,FR0010667147,EUR,France
COH.PA,COHERIS,Euronext Paris,FR0004031763,EUR,France
COLR.BR,COLRUYT,Euronext Brussels,BE0974256852,EUR,Belgium
COLT.AS,COLT,Euronext Amsterdam,CZ0009008942,EUR,Netherlands
COM.MI,COMER INDUSTRIES,Euronext Milan,IT0005246191,EUR,Italy
COMB.BR,CIE BOIS SAUVAGE,Euronext Brussels,BE0003592038,EUR,Belgium
CONTX.OL,CONTEXTVISION,Oslo Børs,SE0014731154,NOK,Norway
COP.MI,COPERNICO,Euronext Growth Milan,IT0005379406,EUR,Italy
COR.LS,CORTICEIRA AMORIM,Euronext Lisbon,PTCOR0AE0006,EUR,Portugal
CORE.MI,ALLCORE,Euronext Growth Milan,IT0005461303,EUR,Italy
COSH.OL,CONSTELLATION OIL,Oslo Børs,NO0013597419,NOK,Norway
COSMO.MI,FARMACOSMO,Euronext Growth Milan,IT0005487670,EUR,Italy
COTY.PA,COTY,Euronext Paris,US2220702037,EUR,France
COUR.PA,COURTOIS,Euronext Paris,FR0000065393,EUR,France
COV.PA,COVIVIO,Euronext Paris,FR0000064578,EUR,France
COVH.PA,COVIVIO HOTELS,Euronext Paris,FR0000060303,EUR,France
CPINV.BR,CARE PROPERTY INV.,Euronext Brussels,BE0974273055,EUR,Belgium
CPR.MI,CAMPARI,Euronext Milan,NL0015435975,EUR,Italy
CRAP.PA,CRCAM ALP.PROV.CCI,Euronext Paris,FR0000044323,EUR,France
CRAV.PA,CRCAM ATL.VEND.CCI,Euronext Paris,FR0000185506,EUR,France
CRBN.AS,CORBION,Euronext Amsterdam,NL0010583399,EUR,Netherlands
CRBP2.PA,CRCAM BRIE PIC2CCI,Euronext Paris,FR0010483768,EUR,France
CREG.MI,CREACTIVES GROUP,Euronext Growth Milan,IT0005408593,EUR,Italy
CRI.PA,CIECHARGEURSINVEST,Euronext Paris,FR0000130692,EUR,France
CRL.MI,CAREL INDUSTRIES,Euronext Milan,IT0005331019,EUR,Italy
CRLA.PA,CRCAM LANGUED CCI,Euronext Paris,FR0010461053,EUR,France
CRLO.PA,CRCAM LOIRE HTE L.,Euronext Paris,FR0000045239,EUR,France
CRNA.OL,CIRCIO HOLDING,Oslo Børs,NO0013033795,NOK,Norway
CROS.PA,CROSSWOOD,Euronext Paris,FR0000050395,EUR,France
CRSU.PA,CRCAM SUD R.A.CCI,Euronext Paris,FR0000045346,EUR,France
CRTO.PA,CRCAM TOURAINE CCI,Euronext Paris,FR0000045304,EUR,France
CS.PA,AXA,Euronext Paris,FR0000120628,EUR,France
CSG.AS,CSG,Euronext Amsterdam,NL0015073TS8,EUR,Netherlands
CSP.MI,CSP INT IND CALZE,Euronext Milan,IT0001127874,EUR,Italy
CTAC.AS,CTAC,Euronext Amsterdam,NL0000345577,EUR,Netherlands
CTPNV.AS,CTP,Euronext Amsterdam,NL00150006R6,EUR,Netherlands
CTT.LS,CTT CORREIOS PORT,Euronext Lisbon,PTCTT0AM0001,EUR,Portugal
CUBE.MI,CUBE LABS,Euronext Growth Milan,IT0005532483,EUR,Italy
CV.PA,ZCI LIMITED,Euronext Paris,BMG9887P1068,EUR,France
CVC.AS,CVC CAPITAL,Euronext Amsterdam,JE00BRX98089,EUR,Netherlands
CVG.MI,CONVERGENZE,Euronext Growth Milan,IT0005426215,EUR,Italy
CVX.PA,CARVOLIX,Euronext Paris,FR0013333077,EUR,France
CY4.MI,CY4GATE,Euronext Milan,IT0005412504,EUR,Italy
CYAD.PA,CELYAD ONCOLOGY,"Euronext Brussels, Paris",BE0974260896,EUR,France
CYB.MI,CYBEROO,Euronext Growth Milan,IT0005546103,EUR,Italy
CYVIZ.OL,CYVIZ,Euronext Growth Oslo,NO0010015175,NOK,Norway
D.MI,DIRECTA SIM,Euronext Growth Milan,IT0001463063,EUR,Italy
DAN.MI,DANIELI & C,Euronext Milan,IT0000076502,EUR,Italy
DANR.MI,DANIELI & C RISP,Euronext Milan,IT0000076486,EUR,Italy
DATA.MI,DATRIX,Euronext Growth Milan,IT0005468357,EUR,Italy
DBA.MI,DBA GROUP,Euronext Growth Milan,IT0005285942,EUR,Italy
DBG.PA,DERICHEBOURG,Euronext Paris,FR0000053381,EUR,France
DBV.PA,DBV TECHNOLOGIES,Euronext Paris,FR0010417345,EUR,France
DDM.MI,DEDEM,Euronext Growth Milan,IT0005659724,EUR,Italy
DDRIL.OL,DOLPHIN DRILLING,Euronext Growth Oslo,NO0013711739,NOK,Norway
DEA.MI,DIS ELET ADRIATICA,Euronext Growth Milan,IT0005600249,EUR,Italy
DEC.PA,JCDECAUX,Euronext Paris,FR0000077919,EUR,France
DECB.BR,DECEUNINCK,Euronext Brussels,BE0003789063,EUR,Belgium
DEEZR.PA,DEEZER,Euronext Paris,FR001400AYG6,EUR,France
DEEZW.PA,DEEZER WARRANTS,Euronext Paris,FR0014004JF6,EUR,France
DELIA.OL,DELLIA GROUP,Oslo Børs,NO0013755728,NOK,Norway
DEME.BR,DEME GROUP,Euronext Brussels,BE0974413453,EUR,Belgium
DEX.MI,DEXELANCE,Euronext Milan,IT0005543480,EUR,Italy
DEX29.MI,W DEXELANCE 26-29,Euronext Milan,IT0005703761,EUR,Italy
DFENS.OL,FJORD DEFENCE GR,Oslo Børs,NO0013647693,NOK,Norway
DG.PA,VINCI,Euronext Paris,FR0000125486,EUR,France
DGT.MI,DIGITOUCH,Euronext Growth Milan,IT0005089476,EUR,Italy
DHH.MI,DHH,Euronext Growth Milan,IT0005203622,EUR,Italy
DIA.MI,DIASORIN,Euronext Milan,IT0003492391,EUR,Italy
DIB.MI,DIGITAL BROS,Euronext Milan,IT0001469995,EUR,Italy
DIE.BR,D'IETEREN GROUP,Euronext Brussels,BE0974259880,EUR,Belgium
DIEG.BR,DIEGEM KENNEDYCERT,Euronext Brussels,BE0003698124,EUR,Belgium
DIM.PA,SARTORIUS STED BIO,Euronext Paris,FR0013154002,EUR,France
DIS.MI,D'AMICO,Euronext Milan,LU2592315662,EUR,Italy
DISL.BR,DISTRI-LAND CERT,Euronext Brussels,BE0003605160,EUR,Belgium
DIT.MI,DESTINATION ITALIA,Euronext Growth Milan,IT0005454027,EUR,Italy
DKUPL.PA,DEKUPLE,Euronext Paris,FR0000062978,EUR,France
DLG.MI,DE'LONGHI,Euronext Milan,IT0003115950,EUR,Italy
DNB.OL,DNB BANK,Oslo Børs,NO0010161896,NOK,Norway
DNO.OL,DNO,Oslo Børs,NO0003921009,NOK,Norway
DNR.MI,INDUSTRIE DE NORA,Euronext Milan,IT0005186371,EUR,Italy
DOFG.OL,DOF GROUP,Oslo Børs,NO0012851874,NOK,Norway
DOT.MI,DOTSTAY,Euronext Growth Milan,IT0005523839,EUR,Italy
DOV.MI,DOVALUE,Euronext Milan,IT0005610958,EUR,Italy
DOX.MI,DOXEE,Euronext Growth Milan,IT0005394413,EUR,Italy
DPAM.PA,DOCK.PETR.AMBES AM,Euronext Paris,FR0000065260,EUR,France
DPG.MI,DIPIETRO GROUP,Euronext Growth Milan,IT0005716813,EUR,Italy
DPT.PA,ST DUPONT,Euronext Paris,FR0000054199,EUR,France
DQ7A.IR,DONEGAL INVESTMENT,Euronext Growth Dublin,IE00038O9UC4,EUR,Ireland
DRNBS.PA,DRONE VOLT BSA,Euronext Growth Paris,FR0014011219,EUR,France
DSC2S.AS,CABKA DSC2 TS,Euronext Amsterdam,NL00150002R5,EUR,Netherlands
DSCW2.AS,CABKA EUR 12W,Euronext Amsterdam,NL00150000U3,EUR,Netherlands
DSCW3.AS,CABKA EUR 13W,Euronext Amsterdam,NL00150000V1,EUR,Netherlands
DSFIR.AS,DSM FIRMENICH AG,Euronext Amsterdam,CH1216478797,EUR,Netherlands
DSRT.OL,DESERT CONTROL,Euronext Growth Oslo,NO0010963275,NOK,Norway
DSY.PA,DASSAULT SYSTEMES,Euronext Paris,FR0014003TT8,EUR,France
DV31.PA,DRONEVOLTBS2031,Euronext Growth Paris,FR001401ARU9,EUR,France
DVBS6.PA,DRONEVOLTBS31,Euronext Growth Paris,FR00140188H9,EUR,France
DVD.OL,DEEP VALUE DRILLER,Euronext Growth Oslo,NO0010955917,NOK,Norway
E9IA.MI,E-NOVIA,Euronext Growth Milan,IT0005391229,EUR,Italy
EAM.OL,EAM SOLAR,Euronext Growth Oslo,NO0013601245,NOK,Norway
EAPI.PA,EUROAPI,Euronext Paris,FR0014008VX5,EUR,France
EARTH.AS,GREEN EARTH GROUP,Euronext Amsterdam,NL0009169515,EUR,Netherlands
EAS2P.AS,EASE2PAY NV,Euronext Amsterdam,NL0000345627,EUR,Netherlands
EAV.MI,EMMA VILLAS,Euronext Growth Milan,IT0005562183,EUR,Italy
EBUS.AS,EBUSCO HOLDING,Euronext Amsterdam,NL0015002AG2,EUR,Netherlands
EC.PA,TotalEnergiesGabon,Euronext Paris,GA0000121459,EUR,France
ECK.MI,ECOSUNTEK,Euronext Growth Milan,IT0005654766,EUR,Italy
ECMB.MI,ECOMEMBRANE,Euronext Growth Milan,IT0005543332,EUR,Italy
ECMPA.AS,EUROCOMMERCIAL,"Euronext Amsterdam, Brussels",NL0015000K93,EUR,Netherlands
ECMPM.MI,EUROCOMMERCIAL,Euronext Milan,NL0015000K93,EUR,Italy
ECNL.MI,AQUAFIL,Euronext Milan,IT0005241192,EUR,Italy
ECONB.BR,ECONOCOM GROUP,Euronext Brussels,BE0974313455,EUR,Belgium
ECT.AS,EUROCASTLE INVEST.,Euronext Amsterdam,GB00B94QM994,EUR,Netherlands
EDAC.MI,EDILIZIACROBATICA,Euronext Growth Milan,IT0005351504,EUR,Italy
EDEN.PA,EDENRED,Euronext Paris,FR0010908533,EUR,France
EDNR.MI,EDISON R,Euronext Milan,IT0003372205,EUR,Italy
EDP.LS,EDP,Euronext Lisbon,PTEDP0AM0009,EUR,Portugal
EDPR.LS,EDP RENEWABLES,Euronext Lisbon,ES0127797019,EUR,Portugal
EEM.PA,ELECT. MADAGASCAR,Euronext Paris,FR0000035719,EUR,France
EFG.PA,EAGLEFOOTBALLGROUP,Euronext Paris,FR0010428771,EUR,France
EFI.PA,EURASIA FONC INV,Euronext Paris,FR0000061475,EUR,France
EG7.IR,FBD HOLDINGS PLC,Euronext Dublin,IE0003290289,EUR,Ireland
EGB.MI,E-GLOBE,Euronext Growth Milan,IT0005557514,EUR,Italy
EGL.LS,MOTA ENGIL,Euronext Lisbon,PTMEN0AE0005,EUR,Portugal
EGLA.MI,EUROGROUP LAM,Euronext Milan,IT0005527616,EUR,Italy
EGN.MI,EGOMNIA,Euronext Growth Milan,IT0005586497,EUR,Italy
EGR.PA,EVERGREEN,Euronext Paris,FR0000035784,EUR,France
EHI.MI,EHI,Euronext Growth Milan,IT0005723405,EUR,Italy
EIOF.OL,EIDESVIK OFFSHORE,Oslo Børs,NO0010263023,NOK,Norway
EKI.PA,EKINOPS,Euronext Paris,FR0011466069,EUR,France
EKOP.BR,EKOPAK,Euronext Brussels,BE0974380124,EUR,Belgium
EL.PA,ESSILORLUXOTTICA,Euronext Paris,FR0000121667,EUR,France
ELABS.OL,ELLIPTIC LABORATOR,Oslo Børs,NO0010722283,NOK,Norway
ELB.MI,EDGELAB,Euronext Growth Milan,IT0005627762,EUR,Italy
ELC.MI,ELICA,Euronext Milan,IT0003404214,EUR,Italy
ELEC.PA,ELEC.STRASBOURG,Euronext Paris,FR0000031023,EUR,France
ELI.BR,ELIA GROUP,Euronext Brussels,BE0003822393,EUR,Belgium
ELIOR.PA,ELIOR GROUP,Euronext Paris,FR0011950732,EUR,France
ELIS.PA,ELIS,Euronext Paris,FR0012435121,EUR,France
ELK.OL,ELKEM,Oslo Børs,NO0010816093,NOK,Norway
ELMRA.OL,ELMERA GROUP,Oslo Børs,NO0010815673,NOK,Norway
ELN.MI,EL.EN.,Euronext Milan,IT0005453250,EUR,Italy
ELO.OL,ELOPAK,Oslo Børs,NO0011002586,NOK,Norway
ELSA.MI,ELSA SOLUTIONS,Euronext Growth Milan,IT0005561466,EUR,Italy
EM.MI,EMAK,Euronext Milan,IT0001237053,EUR,Italy
EMEIS.PA,EMEIS,Euronext Paris,FR001400NLM4,EUR,France
EN.PA,BOUYGUES,Euronext Paris,FR0000120503,EUR,France
ENA.MI,ENA,Euronext Growth Milan,IT0005468290,EUR,Italy
ENAV.MI,ENAV,Euronext Milan,IT0005176406,EUR,Italy
ENDUR.OL,ENDÚR,Oslo Børs,NO0012555459,NOK,Norway
ENEL.MI,ENEL,Euronext Milan,IT0003128367,EUR,Italy
ENERG.OL,ENERGEIA,Euronext Growth Oslo,NO0013698431,NOK,Norway
ENGI.PA,ENGIE,"Euronext Paris, Brussels",FR0010208488,EUR,France
ENH.OL,SED ENERGY HOLDING,Oslo Børs,CY0101162119,NOK,Norway
ENI.MI,ENI,Euronext Milan,IT0003132476,EUR,Italy
ENRGY.BR,ENERGYVISION,Euronext Brussels,BE0974499312,EUR,Belgium
ENSU.OL,ENSURGE MICROPOWER,Oslo Børs,NO0013186460,NOK,Norway
ENT.MI,ENTERA,Euronext Growth Milan,IT0005353575,EUR,Italy
ENTRA.OL,ENTRA,Oslo Børs,NO0010716418,NOK,Norway
ENV.MI,ENERVIT,Euronext Milan,IT0004356751,EUR,Italy
ENVI.AS,ENVIPCO HOLDING,Euronext Amsterdam,NL0015000GX8,EUR,Netherlands
ENVIP.OL,ENVIPCO HOLDING,Oslo Børs,NL0015000GX8,NOK,Norway
ENX.PA,EURONEXT,"Euronext Paris, Amsterdam, Brussels",NL0006294274,EUR,France
ENXP.LS,EURONEXT,Euronext Lisbon,NL0006294274,EUR,Portugal
ENY.MI,ENERGY,Euronext Growth Milan,IT0005500712,EUR,Italy
EOS.PA,ACTEOS,Euronext Paris,FR0000076861,EUR,France
EPH.MI,EPH INVEST,Euronext Milan,IT0005730095,EUR,Italy
EPR.OL,EUROPRIS,Oslo Børs,NO0010735343,NOK,Norway
EPRB.MI,EPRCOMUNICAZIONE,Euronext Growth Milan,IT0005519837,EUR,Italy
EQNR.OL,EQUINOR,Oslo Børs,NO0010096985,NOK,Norway
EQS.PA,EQUASENS,Euronext Paris,FR0012882389,EUR,France
EQUI.MI,EQUITA GROUP,Euronext Milan,IT0005312027,EUR,Italy
EQVA.OL,EQVA,Oslo Børs,NO0010708605,NOK,Norway
ERA.PA,ERAMET,Euronext Paris,FR0000131757,EUR,France
ERC.AS,ER Capital,Euronext Amsterdam,NL0010389508,EUR,Netherlands
ERF.PA,EUROFINS SCIENT.,Euronext Paris,FR0014000MR3,EUR,France
ERFO.MI,LAB FARMACEUT ERFO,Euronext Growth Milan,IT0005497885,EUR,Italy
ERG.MI,ERG,Euronext Milan,IT0001157020,EUR,Italy
ESAU.MI,ESAUTOMOTION,Euronext Growth Milan,IT0005337107,EUR,Italy
ESF.MI,EDIL SAN FELICE,Euronext Growth Milan,IT0005561441,EUR,Italy
ESIGM.MI,ESI,Euronext Growth Milan,IT0005421885,EUR,Italy
ESON.LS,ESTORIL SOL N,Euronext Lisbon,PTESO0AM0000,EUR,Portugal
ESPE.MI,ESPE,Euronext Growth Milan,IT0005573818,EUR,Italy
ESTM.MI,ESTRIMA,Euronext Growth Milan,IT0005468191,EUR,Italy
ET.MI,ENERGY TIME,Euronext Growth Milan,IT0005660219,EUR,Italy
ETH.MI,EUROTECH,Euronext Milan,IT0003895668,EUR,Italy
ETI.MI,ETI,Euronext Growth Milan,IT0005720005,EUR,Italy
ETL.PA,EUTELSAT COMMUNIC.,Euronext Paris,FR0010221234,EUR,France
ETS.MI,E.T.S.,Euronext Growth Milan,IT0005669558,EUR,Italy
EUK.MI,EUKEDOS,Euronext Milan,IT0004818297,EUR,Italy
EVISO.MI,EVISO,Euronext Growth Milan,IT0005430936,EUR,Italy
EVS.BR,EVS,Euronext Brussels,BE0003820371,EUR,Belgium
EXA.PA,EXAIL TECHNOLOGIES,Euronext Paris,FR0000062671,EUR,France
EXAI.MI,EXPERT.AI,Euronext Growth Milan,IT0004496029,EUR,Italy
EXE.PA,EXEL INDUSTRIES,Euronext Paris,FR0004527638,EUR,France
EXEC.MI,EXECUS,Euronext Growth Milan,IT0005557530,EUR,Italy
EXENS.PA,EXOSENS,Euronext Paris,FR001400Q9V2,EUR,France
EXM.BR,EXMAR,Euronext Brussels,BE0003808251,EUR,Belgium
EXO.AS,EXOR NV,Euronext Amsterdam,NL0012059018,EUR,Netherlands
EXPL.PA,EXPLOSIFS PROD.CHI,Euronext Paris,FR0014003AQ4,EUR,France
EXTX.OL,EXACT THERAPEUTICS,Euronext Growth Oslo,NO0010852213,NOK,Norway
FAE.MI,FAE TECHNOLOGY,Euronext Growth Milan,IT0005500688,EUR,Italy
FAGR.AS,FAGRON,"Euronext Brussels, Amsterdam",BE0003874915,EUR,Netherlands
FARM.MI,H-FARM,Euronext Growth Milan,IT0004674666,EUR,Italy
FAST.AS,FASTNED,Euronext Amsterdam,NL0013654809,EUR,Netherlands
FBK.MI,FINECOBANK,Euronext Milan,IT0000072170,EUR,Italy
FCH.MI,FRANCHETTI,Euronext Growth Milan,IT0005508574,EUR,Italy
FCMC.PA,FERM.CAS.MUN.CANNE,Euronext Paris,FR0000062101,EUR,France
FCP.LS,FUT.CLUBE PORTO,Euronext Lisbon,PTFCP0AM0008,EUR,Portugal
FCT.MI,FINCANTIERI,Euronext Milan,IT0005599938,EUR,Italy
FDA.MI,FIDIA,Euronext Milan,IT0005654683,EUR,Italy
FDE.PA,FRANCAISE ENERGIE,Euronext Paris,FR0013030152,EUR,France
FDJU.PA,FDJ UNITED,Euronext Paris,FR0013451333,EUR,France
FERGR.AS,FERRARI GROUP,Euronext Amsterdam,GB00BN0VZ646,EUR,Netherlands
FF.MI,FINE FOODS & PHARM,Euronext Milan,IT0005215329,EUR,Italy
FFARM.AS,FORFARMERS,Euronext Amsterdam,NL0011832811,EUR,Netherlands
FFSB.OL,FLEKKEFJORD SPAREB,Euronext Growth Oslo,NO0013209858,NOK,Norway
FGA.PA,FIGEAC AERO,Euronext Paris,FR0011665280,EUR,France
FGR.PA,EIFFAGE,Euronext Paris,FR0000130452,EUR,France
FGRMC.PA,EIFFAGE USD,Euronext Paris - Multi-currency Trading,FR0000130452,USD,France
FIC.MI,FIRST CAPITAL,Euronext Growth Milan,IT0005252736,EUR,Italy
FII.PA,LISI,Euronext Paris,FR0000050353,EUR,France
FILA.MI,FILA,Euronext Milan,IT0004967292,EUR,Italy
FINM.PA,FINANCIERE MARJOS,Euronext Paris,FR0000060824,EUR,France
FIPP.PA,FIPP,Euronext Paris,FR0000038184,EUR,France
FLEXD.LS,FLEXDEAL,Euronext Lisbon,PTFXD0AM0018,EUR,Portugal
FLOB.BR,FLORIDIENNE,Euronext Brussels,BE0974502347,EUR,Belgium
FLOW.AS,FLOW TRADERS,Euronext Amsterdam,BMG3602E1084,EUR,Netherlands
FLSP.BR,FLOWSPARKS,Euronext Access Brussels,BE0003847648,EUR,Belgium
FLUX.BR,FLUXYS BELGIUM D,Euronext Brussels,BE0974265945,EUR,Belgium
FM.MI,FIERA MILANO,Euronext Milan,IT0003365613,EUR,Italy
FMONC.PA,MONCEY (FIN.) NOM.,Euronext Paris,FR001400SU99,EUR,France
FNAC.PA,FNAC DARTY,Euronext Paris,FR0011476928,EUR,France
FNM.MI,FNM,Euronext Milan,IT0000060886,EUR,Italy
FOAF.PA,FIN.OUEST AFRICAIN,Euronext Paris,SN0000033192,EUR,France
FORE.PA,FORESTIERE EQUAT.,Euronext Paris,CI0000053161,EUR,France
FOU.BR,FOUNTAIN,Euronext Brussels,BE0003752665,EUR,Belgium
FPE.MI,FOPE,Euronext Growth Milan,IT0005203424,EUR,Italy
FPG.PA,UNION TECH.INFOR.,Euronext Paris,FR0000074197,EUR,France
FPT.MI,FIRST POINT,Euronext Growth Milan,IT0005720500,EUR,Italy
FR.PA,VALEO,Euronext Paris,FR0013176526,EUR,France
FRE.MI,FRENDY ENERGY,Euronext Growth Milan,IT0004819857,EUR,Italy
FREY.PA,FREY,Euronext Paris,FR0010588079,EUR,France
FRO.OL,FRONTLINE,Oslo Børs,CY0200352116,NOK,Norway
FRVIA.PA,FORVIA,Euronext Paris,FR0000121147,EUR,France
FSDV.PA,FSDV,Euronext Paris,FR0000031973,EUR,France
FTC.MI,FINANZA.TECH,Euronext Growth Milan,IT0005475162,EUR,Italy
FUM.MI,FRANCHI UMB MARMI,Euronext Growth Milan,IT0005335754,EUR,Italy
FUR.AS,FUGRO,Euronext Amsterdam,NL00150003E1,EUR,Netherlands
G.MI,GENERALI,Euronext Milan,IT0000062072,EUR,Italy
GAB.MI,GABETTI,Euronext Milan,IT0005023038,EUR,Italy
GAIN.MI,gAIn360,Euronext Growth Milan,IT0005672461,EUR,Italy
GALP.LS,GALP ENERGIA-NOM,Euronext Lisbon,PTGAL0AM0009,EUR,Portugal
GAM.PA,GAUMONT,Euronext Paris,FR0000034894,EUR,France
GAMB.MI,GAMBERO ROSSO,Euronext Growth Milan,IT0005122392,EUR,Italy
GBLB.BR,GBL,Euronext Brussels,BE0003797140,EUR,Belgium
GBT.PA,GUERBET,Euronext Paris,FR0000032526,EUR,France
GCOM.MI,GIGLIO.COM,Euronext Growth Milan,IT0005453003,EUR,Italy
GDL.IR,GDL MANAGEMENT GRP,Euronext Dublin,IE000HBCCM49,EUR,Ireland
GDS.PA,RAMSAY GEN SANTE,Euronext Paris,FR0000044471,EUR,France
GDT.MI,GUIDOTTI SHIPS,Euronext Growth Milan,IT0005723074,EUR,Italy
GE.MI,GEFRAN,Euronext Milan,IT0003203947,EUR,Italy
GEA.PA,GEA GRENOBL.ELECT.,Euronext Paris,FR0000053035,EUR,France
GEL.MI,GEL,Euronext Growth Milan,IT0005312365,EUR,Italy
GEM.OL,GREEN MINERALS,Euronext Growth Oslo,NO0010907744,NOK,Norway
GENO.OL,GENERAL OCEANS,Oslo Børs,NO0013713115,NOK,Norway
GENT.OL,GENTIAN DIAGNOSTIC,Oslo Børs,NO0010748866,NOK,Norway
GEO.MI,GEOX,Euronext Milan,IT0003697080,EUR,Italy
GEOS.OL,GOLDEN ENERGY OFF,Euronext Growth Oslo,NO0013228585,NOK,Norway
GET.PA,GETLINK SE,Euronext Paris,FR0010533075,EUR,France
GF.MI,GENERALFINANCE,Euronext Milan,IT0005144784,EUR,Italy
GFC.PA,GECINA,Euronext Paris,FR0010040865,EUR,France
GHC.MI,GAROF HEALTH CARE,Euronext Milan,IT0005345233,EUR,Italy
GIGA.OL,GIGANTE SALMON,Euronext Growth Oslo,NO0011013765,NOK,Norway
GIMB.BR,GIMV,Euronext Brussels,BE0003699130,EUR,Belgium
GIS.MI,GISMONDI 1754,Euronext Growth Milan,IT0005391138,EUR,Italy
GJAJ.PA,GROUPE JAJ,Euronext Paris,FR0004010338,EUR,France
GJF.OL,GJENSIDIGE FORSIKR,Oslo Børs,NO0010582521,NOK,Norway
GKP.OL,GULF KEYSTONE PET,Euronext Growth Oslo,BMG4209G2077,NOK,Norway
GL9.IR,GLANBIA PLC,Euronext Dublin,IE0000669501,EUR,Ireland
GLE.PA,SOCIETE GENERALE,Euronext Paris,FR0000130809,EUR,France
GLINT.LS,GLINTT,Euronext Lisbon,PTPAD0AM0007,EUR,Portugal
GLO.PA,GL EVENTS,Euronext Paris,FR0000066672,EUR,France
GM.MI,GENTILI MOSCONI,Euronext Growth Milan,IT0005531261,EUR,Italy
GML.MI,G.M. LEATHER,Euronext Growth Milan,IT0005498610,EUR,Italy
GMS.MI,GIOCAMONDO STUDY,Euronext Growth Milan,IT0005652489,EUR,Italy
GNFT.PA,GENFIT,Euronext Paris,FR0004163111,EUR,France
GOD.OL,GOODTECH,Oslo Børs,NO0004913609,NOK,Norway
GOLDR.OL,GOLD ROAD INTL,Euronext Growth Oslo,MT0003060101,NOK,Norway
GPE.PA,GPE GROUP PIZZORNO,Euronext Paris,FR0010214064,EUR,France
GPI.MI,GPI,Euronext Milan,IT0005221517,EUR,Italy
GPSY.MI,GIUNTI,Euronext Growth Milan,IT0005722191,EUR,Italy
GRAL.MI,GRIFAL,Euronext Growth Milan,IT0005332595,EUR,Italy
GRN.MI,GREEN OLEO,Euronext Growth Milan,IT0005549768,EUR,Italy
GRONG.OL,GRONG SPAREBANK,Euronext Growth Oslo,NO0010636491,NOK,Norway
GROW.MI,GROWENS,Euronext Growth Milan,IT0005040354,EUR,Italy
GRP.IR,GREENCOAT REN.,Euronext Growth Dublin,IE00BF2NR112,EUR,Ireland
GRVO.PA,GRAINES VOLTZ,Euronext Paris,FR0000065971,EUR,France
GSF.OL,GRIEG SEAFOOD,Oslo Børs,NO0010365521,NOK,Norway
GSP.MI,GAS PLUS,Euronext Milan,IT0004098510,EUR,Italy
GT.MI,GT TALENT GROUP,Euronext Growth Milan,IT0005607699,EUR,Italy
GTT.PA,GTT,Euronext Paris,FR0011726835,EUR,France
GUI.PA,GUILLEMOT,Euronext Paris,FR0000066722,EUR,France
GVR.IR,GLENVEAGH PROP.PLC,Euronext Dublin,IE00BD6JX574,EUR,Ireland
GVS.MI,GVS,Euronext Milan,IT0005411209,EUR,Italy
GYL.OL,GYLDENDAL,Oslo Børs,NO0004288200,NOK,Norway
HAFBS.PA,HAFFNER ENERGY BSA,Euronext Growth Paris,FR001400Y4X9,EUR,France
HAFNI.OL,HAFNIA LIMITED,Oslo Børs,SGXZ53070850,NOK,Norway
HAL.AS,HAL TRUST,Euronext Amsterdam,BMG455841020,EUR,Netherlands
HAUTO.OL,HÖEGH AUTOLINERS,Oslo Børs,NO0011082075,NOK,Norway
HAV.OL,HAV GROUP,Euronext Growth Oslo,NO0010931918,NOK,Norway
HAVAS.AS,HAVAS,Euronext Amsterdam,NL0015002K83,EUR,Netherlands
HAVI.OL,HAVILA SHIPPING,Oslo Børs,NO0010257728,NOK,Norway
HBC.OL,HOFSETH BIOCARE,Oslo Børs,NO0010598683,NOK,Norway
HCO.PA,HIGH CO,Euronext Paris,FR0000054231,EUR,France
HDF.PA,HDF,Euronext Paris,FR0014003VY4,EUR,France
HDLY.OL,HUDDLY,Euronext Growth Oslo,NO0013470534,NOK,Norway
HDP.PA,HOTELS DE PARIS,Euronext Paris,FR0004165801,EUR,France
HEIA.AS,HEINEKEN,Euronext Amsterdam,NL0000009165,EUR,Netherlands
HEIJM.AS,HEIJMANS KON,Euronext Amsterdam,NL0009269109,EUR,Netherlands
HEIO.AS,HEINEKEN HOLDING,Euronext Amsterdam,NL0000008977,EUR,Netherlands
HELG.OL,SPBK1 HELGELAND,Oslo Børs,NO0010029804,NOK,Norway
HER.MI,HERA,Euronext Milan,IT0001250932,EUR,Italy
HERMA.OL,HERMANA HOLDING,Oslo Børs,NO0013401380,NOK,Norway
HEX.OL,HEXAGON COMPOSITES,Oslo Børs,NO0003067902,NOK,Norway
HGSB.OL,HAUGESUND SPB,Oslo Børs,NO0010764053,NOK,Norway
HIK.MI,HAIKI+,Euronext Growth Milan,IT0005628778,EUR,Italy
HKY.OL,HAVILA KYSTRUTEN,Euronext Growth Oslo,NO0013696799,NOK,Norway
HLX.MI,HELYX INDUSTRIES,Euronext Growth Milan,IT0005451213,EUR,Italy
HMSO.IR,HAMMERSON PLC,Euronext Dublin,GB00BRJQ8J25,GBP,Ireland
HO.PA,THALES,Euronext Paris,FR0000121329,EUR,France
HOLCO.AS,HOLLAND COLOURS,Euronext Amsterdam,NL0000440311,EUR,Netherlands
HOMI.BR,HOME INVEST BE.,Euronext Brussels,BE0974409410,EUR,Belgium
HPUR.OL,HEXAGON PURUS,Oslo Børs,NO0013751966,NOK,Norway
HQF.MI,HIGH QUALITY FOOD,Euronext Growth Milan,IT0005450694,EUR,Italy
HSHP.OL,HIMALAYA SHIPPING,Oslo Børs,BMG4660A1036,NOK,Norway
HSPG.OL,HØLAND OG SETSKOG,Oslo Børs,NO0010012636,NOK,Norway
HSW.IR,HOSTELWORLD GROUP,Euronext Dublin,GB00BYYN4225,EUR,Ireland
HUDL.OL,HUDDLESTOCK FINTEC,Euronext Growth Oslo,NO0010859648,NOK,Norway
HUNT.OL,HUNTER GROUP,Euronext Expand Oslo,NO0012953720,NOK,Norway
HWK.AS,HAWICK DATA NV,Euronext Amsterdam,NL0010556726,EUR,Netherlands
HYDRA.AS,HYDRATEC,Euronext Amsterdam,NL0009391242,EUR,Netherlands
HYL.BR,HYLORIS,Euronext Brussels,BE0974363955,EUR,Belgium
HYN.OL,HYNION,Euronext Growth Oslo,NO0010920945,NOK,Norway
HYPRO.OL,HYDROGENPRO,Oslo Børs,NO0010892359,NOK,Norway
HYSG.BR,HYBRID SOFTWARE GR,Euronext Brussels,GB00BYN5BY03,EUR,Belgium
HZY.MI,HOMIZY,Euronext Growth Milan,IT0005468662,EUR,Italy
IAM.PA,MAROC TELECOM,Euronext Paris,MA0000011488,EUR,France
IB.MI,INIZIAT BRESCIANE,Euronext Growth Milan,IT0005037905,EUR,Italy
IBAB.BR,IBA,Euronext Brussels,BE0003766806,EUR,Belgium
IBRKA.PA,CALIBRE BSA K2A,Euronext Growth Paris,FR0013507985,EUR,France
IBRKB.PA,CALIBRE BSA K2B,Euronext Growth Paris,FR0013508009,EUR,France
IBS.LS,"IBERSOL,SGPS",Euronext Lisbon,PTIBS0AM0008,EUR,Portugal
ICAD.PA,ICADE,Euronext Paris,FR0000035081,EUR,France
ICC.MI,INTERNAT CARE COMP,Euronext Growth Milan,IT0005469371,EUR,Italy
ICF.MI,IND CHIMICHE FORES,Euronext Growth Milan,IT0005416281,EUR,Italy
ICOP.MI,I.CO.P.,Euronext Milan,IT0001214433,EUR,Italy
ICOS.MI,INTERCOS,Euronext Milan,IT0005455875,EUR,Italy
IDEX.OL,IDEX BIOMETRICS,Oslo Børs,NO0013536078,NOK,Norway
IDIP.PA,IDI,Euronext Paris,FR0000051393,EUR,France
IDL.PA,ID LOGISTICS GROUP,Euronext Paris,FR0010929125,EUR,France
IDNTT.MI,IDNTT,Euronext Growth Milan,CH1118852594,EUR,Italy
IEG.MI,ITALIAN EXHIBITION,Euronext Milan,IT0003411417,EUR,Italy
IEP.BR,IEP INVEST,Euronext Brussels,BE0003748622,EUR,Belgium
IF.MI,BANCA IFIS,Euronext Milan,IT0003188064,EUR,Italy
IG.MI,ITALGAS,Euronext Milan,IT0005211237,EUR,Italy
IGD.MI,IGD,Euronext Milan,IT0005322612,EUR,Italy
IGV.MI,I GRANDI VIAGGI,Euronext Milan,IT0005108219,EUR,Italy
ILLA.MI,ILLA,Euronext Growth Milan,IT0005578395,EUR,Italy
ILP.MI,ILPRA,Euronext Growth Milan,IT0005359101,EUR,Italy
IMCD.AS,IMCD,Euronext Amsterdam,NL0010801007,EUR,Netherlands
IMD.MI,I.M.D.,Euronext Growth Milan,IT0005549255,EUR,Italy
IMDA.PA,IMMOB.DASSAULT,Euronext Paris,FR0000033243,EUR,France
IMMO.BR,IMMOBEL,Euronext Brussels,BE0003599108,EUR,Belgium
IMMOU.BR,IMMO MOURY,Euronext Brussels,BE0003893139,EUR,Belgium
IMS.MI,IMMSI,Euronext Milan,IT0001413837,EUR,Italy
INC.MI,INNOVATEC,Euronext Growth Milan,IT0005412298,EUR,Italy
INCLU.BR,INCLUSIO SA/NV,Euronext Brussels,BE0974374069,EUR,Belgium
INDB.MI,INDEL B,Euronext Milan,IT0005245508,EUR,Italy
INDCT.OL,INDUCT,Euronext Growth Oslo,NO0010536048,NOK,Norway
INEA.PA,FONCIERE INEA,Euronext Paris,FR0010341032,EUR,France
INF.PA,INFOTEL,Euronext Paris,FR0000071797,EUR,France
INGA.AS,ING GROEP N.V.,"Euronext Amsterdam, Brussels",NL0011821202,EUR,Netherlands
INIFY.OL,INIFY LABORATORIES,Euronext Growth Oslo,SE0017486103,NOK,Norway
ININ.OL,ININ GROUP,Euronext Growth Oslo,NO0010864036,NOK,Norway
INPHI.AS,PHILIPS BUY BACK,Euronext Amsterdam,NL0000009322,EUR,Netherlands
INPST.AS,INPOST,Euronext Amsterdam,LU2290522684,EUR,Netherlands
INSTA.OL,INSTABANK,Euronext Growth Oslo,NO0010762792,NOK,Norway
INW.MI,INWIT,Euronext Milan,IT0005090300,EUR,Italy
IOT.MI,SECO,Euronext Milan,IT0005438046,EUR,Italy
IOX.OL,INTEROIL EXPL PROD,Oslo Børs,NO0013119255,NOK,Norway
IP.MI,INTERPUMP GROUP,Euronext Milan,IT0001078911,EUR,Italy
IPH.PA,INNATE PHARMA,Euronext Paris,FR0010331421,EUR,France
IPN.PA,IPSEN,Euronext Paris,FR0010259150,EUR,France
IPR.LS,"IMPRESA,SGPS",Euronext Lisbon,PTIPR0AM0000,EUR,Portugal
IPS.PA,IPSOS,Euronext Paris,FR0000073298,EUR,France
IR5B.IR,IRISH CONT. GP.,Euronext Dublin,IE00BLP58571,EUR,Ireland
IRC.MI,IRCE,Euronext Milan,IT0001077780,EUR,Italy
IRE.MI,IREN,Euronext Milan,IT0003027817,EUR,Italy
IRES.IR,IRISH RES. PROP.,Euronext Dublin,IE00BJ34P519,EUR,Ireland
ISC.MI,ISCC FINTECH,Euronext Growth Milan,IT0005474108,EUR,Italy
ISLAX.OL,ICELANDIC SALMON,Euronext Growth Oslo,NO0010724701,NOK,Norway
ISP.MI,INTESA SANPAOLO,Euronext Milan,IT0000072618,EUR,Italy
ITD.MI,INTRED,Euronext Growth Milan,IT0005337818,EUR,Italy
ITERA.OL,ITERA,Oslo Børs,NO0010001118,NOK,Norway
ITM.MI,ITALMOBILIARE,Euronext Milan,IT0005253205,EUR,Italy
ITP.PA,INTERPARFUMS,Euronext Paris,FR0004024222,EUR,France
ITW.MI,IT WAY,Euronext Milan,IT0003057624,EUR,Italy
ITXT.PA,INTEXA,Euronext Paris,FR0000064958,EUR,France
IVA.PA,INVENTIVA,Euronext Paris,FR0013233012,EUR,France
IVG.MI,IVECO GROUP,Euronext Milan,NL0015000LU4,EUR,Italy
IVN.MI,IVISION TECH,Euronext Growth Milan,IT0005554784,EUR,Italy
IWB.MI,ITALIAN WINE BRAND,Euronext Growth Milan,IT0005075764,EUR,Italy
IWS.OL,INTEGRATED WIND SO,Oslo Børs,NO0013461350,NOK,Norway
JACK.OL,JACKTEL,Euronext Growth Oslo,NO0012477704,NOK,Norway
JAREN.OL,JÆREN SPAREBANK,Oslo Børs,NO0010359433,NOK,Norway
JBOG.PA,JACQUES BOGART,Euronext Paris,FR0012872141,EUR,France
JCQ.PA,JACQUET METALS,Euronext Paris,FR0000033904,EUR,France
JEN.BR,JENSEN-GROUP,Euronext Brussels,BE0003858751,EUR,Belgium
JIN.OL,JINHUI SHIPP TRANS,Oslo Børs,BMG5137R1088,NOK,Norway
JMT.LS,"J.MARTINS,SGPS",Euronext Lisbon,PTJMT0AE0001,EUR,Portugal
JUVE.MI,JUVENTUS FC,Euronext Milan,IT0005572778,EUR,Italy
JXRBS.PA,ARCHOS BSA,Euronext Growth Paris,FR0014018EP6,EUR,France
KBC.BR,KBC,Euronext Brussels,BE0003565737,EUR,Belgium
KBCA.BR,KBC ANCORA,Euronext Brussels,BE0003867844,EUR,Belgium
KCC.OL,KLAVENESS COMBINAT,Oslo Børs,NO0010833262,NOK,Norway
KENDR.AS,KENDRION,Euronext Amsterdam,NL0000852531,EUR,Netherlands
KER.PA,KERING,Euronext Paris,FR0000121485,EUR,France
KID.OL,KID,Oslo Børs,NO0010743545,NOK,Norway
KIN.BR,KINEPOLIS GROUP,Euronext Brussels,BE0974274061,EUR,Belgium
KING.OL,THE KINGFISH COMP,Euronext Growth Oslo,NL00150001S5,NOK,Norway
KIT.OL,KITRON,Oslo Børs,NO0003079709,NOK,Norway
KK.MI,KRUSO KAPITAL,Euronext Milan,IT0005707341,EUR,Italy
KLBSO.PA,KLARSEN BSA O,Euronext Growth Paris,FR0014013TD1,EUR,France
KLDVK.OL,KALDVIK,Euronext Growth Oslo,NO0010884794,NOK,Norway
KLN.MI,KALEON,Euronext Growth Milan,IT0005678104,EUR,Italy
KMAR.OL,KONGSBERG MARITIME,Oslo Børs,NO0013697029,NOK,Norway
KME.MI,KME GROUP,Euronext Milan,IT0004552359,EUR,Italy
KMER.MI,KME GROUP RSP,Euronext Milan,IT0004552367,EUR,Italy
KMR.IR,KENMARE RESOURCES,Euronext Dublin,IE00BDC5DG00,EUR,Ireland
KOA.OL,KONGSBERG AUTOMOT,Oslo Børs,NO0003033102,NOK,Norway
KOF.PA,KAUFMAN ET BROAD,Euronext Paris,FR0004007813,EUR,France
KOG.OL,KONGSBERG GRUPPEN,Oslo Børs,NO0013536151,NOK,Norway
KOMPL.OL,KOMPLETT,Oslo Børs,NO0011016040,NOK,Norway
KPN.AS,KPN KON,Euronext Amsterdam,NL0000009082,EUR,Netherlands
KRAB.OL,KRAFT BANK,Euronext Growth Oslo,NO0010815103,NOK,Norway
KRX.IR,KINGSPAN GROUP PLC,Euronext Dublin,IE0004927939,EUR,Ireland
KRZ.IR,KERRY GROUP PLC,Euronext Dublin,IE0004906560,EUR,Ireland
LACR.PA,LACROIX GROUP,Euronext Paris,FR0000066607,EUR,France
LAT.PA,LATECOERE,Euronext Paris,FR001400JY13,EUR,France
LBIRD.PA,LUMIBIRD,Euronext Paris,FR0000038242,EUR,France
LDB.MI,LINDBERGH,Euronext Growth Milan,IT0005469272,EUR,Italy
LDO.MI,LEONARDO,Euronext Milan,IT0003856405,EUR,Italy
LEBL.PA,FONCIERE 7 INVEST,Euronext Paris,FR0000065930,EUR,France
LFG.MI,LEONE FILM GROUP,Euronext Growth Milan,IT0004973696,EUR,Italy
LI.PA,KLEPIERRE,Euronext Paris,FR0000121964,EUR,France
LIFE.OL,LIFECARE,Oslo Børs,NO0013355859,NOK,Norway
LIGHT.AS,SIGNIFY NV,Euronext Amsterdam,NL0011821392,EUR,Netherlands
LIN.PA,LINEDATA SERVICES,Euronext Paris,FR0004156297,EUR,France
LINK.OL,LINK MOBILITY GRP,Oslo Børs,NO0010894231,NOK,Norway
LKFT.AS,LAKEFRONT BIOTHER.,"Euronext Amsterdam, Brussels",BE0003818359,EUR,Netherlands
LMG.MI,LUCISANO MEDIA G,Euronext Growth Milan,IT0004522162,EUR,Italy
LNA.PA,LNA SANTE,Euronext Paris,FR0004170017,EUR,France
LNDR.MI,LANDI RENZO,Euronext Milan,IT0005619843,EUR,Italy
LOCAL.PA,SOLOCAL GROUP,Euronext Paris,FR001400SA10,EUR,France
LOKO.OL,LOKOTECH GROUP,Euronext Growth Oslo,NO0010921299,NOK,Norway
LON.MI,LONGINO&CARDENAL,Euronext Growth Milan,IT0005337073,EUR,Italy
LOTB.BR,LOTUS BAKERIES,Euronext Brussels,BE0003604155,EUR,Belgium
LOUP.PA,LDC,Euronext Paris,FR001400SF56,EUR,France
LPE.PA,LAURENT-PERRIER,Euronext Paris,FR0006864484,EUR,France
LPLDS.PA,LEPERMISLIBRE DS,Euronext Growth Paris,FR001401AU31,EUR,France
LR.PA,LEGRAND,Euronext Paris,FR0010307819,EUR,France
LS.MI,LEMON SISTEMI,Euronext Growth Milan,IT0005573438,EUR,Italy
LSG.OL,LERØY SEAFOOD GP,Oslo Børs,NO0003096208,NOK,Norway
LSS.PA,LECTRA,Euronext Paris,FR0000065484,EUR,France
LTA.PA,ALTAMIR,Euronext Paris,FR0000053837,EUR,France
LTMC.MI,LOTTOMATICA GROUP,Euronext Milan,IT0005541336,EUR,Italy
LTX.MI,LITIX,Euronext Growth Milan,IT0005600801,EUR,Italy
LUMI.OL,LUMI EDUCATION GR,Euronext Growth Oslo,NO0010927288,NOK,Norway
LUVE.MI,LUVE,Euronext Milan,IT0005107492,EUR,Italy
LVIDE.AS,LAVIDE HOLDING,Euronext Amsterdam,NL0010545679,EUR,Netherlands
LYTIX.OL,LYTIX BIOPHARMA,Euronext Growth Oslo,NO0010405780,NOK,Norway
MAAT.PA,MAAT PHARMA,Euronext Paris,FR0012634822,EUR,France
MAIRE.MI,MAIRE,Euronext Milan,IT0004931058,EUR,Italy
MALT.PA,MALTERIES FCO-BEL.,Euronext Paris,FR0000030074,EUR,France
MAPS.MI,MAPS,Euronext Growth Milan,IT0005364333,EUR,Italy
MAR.LS,MARTIFER,Euronext Lisbon,PTMFR0AM0003,EUR,Portugal
MARE.MI,MARE ENGINEERING,Euronext Growth Milan,IT0005588626,EUR,Italy
MARK.MI,MARKBASS,Euronext Growth Milan,IT0005670960,EUR,Italy
MARP.MI,MARZOCCHI POMPE,Euronext Growth Milan,IT0004376858,EUR,Italy
MARR.MI,MARR,Euronext Milan,IT0003428445,EUR,Italy
MAS.OL,MÅSØVAL,Euronext Growth Oslo,NO0010974983,NOK,Norway
MASBS.PA,MASTRAD BS29,Euronext Growth Paris,FR0013472446,EUR,France
MASI.MI,MASI AGRICOLA,Euronext Growth Milan,IT0004125677,EUR,Italy
MAU.PA,MAUREL ET PROM,Euronext Paris,FR0000051070,EUR,France
MB.MI,MEDIOBANCA,Euronext Milan,IT0000062957,EUR,Italy
MBWS.PA,MBWS,Euronext Paris,FR0000060873,EUR,France
MC.PA,LVMH,Euronext Paris,FR0000121014,EUR,France
MCC.BR,IMMO MCC,Euronext Brussels,BE0974287196,EUR,Belgium
MCP.LS,MEDIA CAPITAL,Euronext Lisbon,PTGMC0AM0003,EUR,Portugal
MDATA.OL,MAGNORA DATA CENTE,Euronext Growth Oslo,NO0013750893,NOK,Norway
MDM.PA,MAISONS DU MONDE,Euronext Paris,FR0013153541,EUR,France
MDTBS.PA,MEDIAN TECH BSA,Euronext Growth Paris,FR0014011D04,EUR,France
MEDCL.PA,MEDINCELL,Euronext Paris,FR0004065605,EUR,France
MEDI.OL,MEDISTIM,Oslo Børs,NO0010159684,NOK,Norway
MELE.BR,MELEXIS,Euronext Brussels,BE0165385973,EUR,Belgium
MELG.OL,MELHUS SPAREBANK,Oslo Børs,NO0006001908,NOK,Norway
MEMS.PA,MEMSCAP REGPT,Euronext Paris,FR0010298620,EUR,France
MERY.PA,MERCIALYS,Euronext Paris,FR0010241638,EUR,France
MET.MI,MET.EXTRA GROUP,Euronext Milan,IT0005481855,EUR,Italy
MEV.MI,MEVIM,Euronext Growth Milan,IT0005586950,EUR,Italy
MF.PA,WENDEL,Euronext Paris,FR0000121204,EUR,France
MFEA.MI,MFE A,Euronext Milan,NL0015001OI1,EUR,Italy
MFEB.MI,MFE B,Euronext Milan,NL0015001OJ9,EUR,Italy
MFT.MI,MATICA FINTEC,Euronext Growth Milan,IT0005388449,EUR,Italy
MGN.OL,MAGNORA,Oslo Børs,NO0010187032,NOK,Norway
MGS.MI,MAGIS,Euronext Growth Milan,IT0005525347,EUR,Italy
MHM.PA,MYHOTELMATCH,Euronext Paris,FR001400IE67,EUR,France
MHMDS.PA,MYHOTELMATCH DS,Euronext Paris,FR001401ANO1,EUR,France
MICC.AS,MAGNUM,Euronext Amsterdam,NL0015002MS2,EUR,Netherlands
MIKO.BR,MIKO,Euronext Brussels,BE0003731453,EUR,Belgium
MING.OL,SPAREBANK 1 SMN,Oslo Børs,NO0006390301,NOK,Norway
MIO.IR,MINCON GROUP PLC,Euronext Growth Dublin,IE00BD64C665,EUR,Ireland
MKTBS.PA,MAUNA KEA BSA,Euronext Growth Paris,FR00140140W9,EUR,France
ML.PA,MICHELIN,Euronext Paris,FR001400AJ45,EUR,France
MLAA.PA,AGENCE AUTO,Euronext Access Paris,FR0014005WE9,EUR,France
MLAAH.PA,AMATHEON AGRI,Euronext Access Paris,NL0010273694,EUR,France
MLAAT.PA,AZOREAN TECH,Euronext Access Paris,PTAZR0AM0006,EUR,France
MLABC.PA,IGIS NEPTUNE,Euronext Access Paris,ES0105551008,EUR,France
MLACT.PA,ACTIVIUM GROUP,Euronext Access Paris,FR0010979377,EUR,France
MLADE.BR,ADEC INNOVATIONS,Euronext Access Brussels,NL0015002K91,EUR,Belgium
MLAEM.PA,ASHLER ET MANSON,Euronext Access Paris,FR0012968485,EUR,France
MLAGI.PA,AG3I,Euronext Access Paris,FR0011908045,EUR,France
MLAGP.PA,AGP MALAGA SOCIMI,Euronext Access Paris,ES0105478004,EUR,France
MLALE.PA,UCAPITAL GLOBAL,Euronext Access Paris,GB00BJ9M4V82,EUR,France
MLALV.PA,ALVEEN,Euronext Access Paris,FR0013253812,EUR,France
MLAPX.PA,APEX CRITICAL,Euronext Access Paris,CA03753D1042,EUR,France
MLARD.PA,ARDOIN ST AMAND A,Euronext Access Paris,FR0005057635,EUR,France
MLARE.PA,AREF THALASSA,Euronext Access Paris,ES0105661005,EUR,France
MLARI.PA,ARIMELIA ITG,Euronext Access Paris,ES0105601001,EUR,France
MLARO.PA,AROCA DEL PINAR,Euronext Access Paris,ES0105486007,EUR,France
MLARR.LS,ARRABIDASHOPPING,Euronext Access Lisbon,PTCAP0AM0017,EUR,Portugal
MLASO.PA,APODACA INVERSIONE,Euronext Access Paris,ES0105658001,EUR,France
MLATR.LS,ATRIUM BIRE SIGI,Euronext Access Lisbon,PTTBI0AM0006,EUR,Portugal
MLAZL.PA,AZ LEASING,Euronext Access Paris,IT0004812258,EUR,France
MLAZR.PA,THE AZUR SELECTION,Euronext Access Paris,GRS528003007,EUR,France
MLBAR.PA,BARINGS CORE SPAIN,Euronext Access Paris,ES0105362000,EUR,France
MLBBO.PA,BE MAKER,Euronext Access Paris,CH1148983609,EUR,France
MLBIM.PA,BIMMART INVESTMENT,Euronext Access Paris,ES0106008008,EUR,France
MLBIO.PA,NORTEM BIOGROUP,Euronext Access Paris,ES0105719001,EUR,France
MLBON.PA,BONYF,Euronext Access Paris,BE6333353298,EUR,France
MLBSP.PA,BLUE SHARK POWER,Euronext Access Paris,FR0013340973,EUR,France
MLC.IR,MALIN CORP. PLC,Euronext Growth Dublin,IE00BVGC3741,EUR,Ireland
MLCAC.PA,LOMBARD ET MEDOT,Euronext Access Paris,FR0006205019,EUR,France
MLCAN.PA,EUROLOG CANOLA,Euronext Access Paris,ES0105586004,EUR,France
MLCFD.PA,CH.FER DEPARTEMENT,Euronext Access Paris,FR0000037871,EUR,France
MLCFM.PA,CFM INDOSUEZWEALTH,Euronext Access Paris,MC0010000826,EUR,France
MLCHE.PA,CHEOPS TECHNOLOGY,Euronext Access Paris,FR0010447086,EUR,France
MLCIA.LS,CIAGEST - SIGI S.A,Euronext Access Lisbon,PTIAG0AM0005,EUR,Portugal
MLCLI.PA,MAISON CLIO BLUE,Euronext Access Paris,FR0011092089,EUR,France
MLCLP.PA,COLIPAYS,Euronext Access Paris,FR0010959684,EUR,France
MLCMB.PA,CIE DU MONT BLANC,Euronext Access Paris,FR0000060428,EUR,France
MLCMG.PA,CMG CLEANTECH,Euronext Access Paris,FR0013406881,EUR,France
MLCMI.PA,SCEMI,Euronext Access Paris,FR0010972091,EUR,France
MLCNT.PA,CONSORT NT,Euronext Access Paris,FR0000077828,EUR,France
MLCOE.PA,CORE SPAIN HOLDCO,Euronext Access Paris,ES0105660007,EUR,France
MLCOR.PA,COREP LIGHTING,Euronext Access Paris,FR0010035816,EUR,France
MLCOU.PA,COURBET HERITAGE,Euronext Access Paris,FR0004998318,EUR,France
MLDAM.PA,DAMARIS,Euronext Access Paris,FR0000077885,EUR,France
MLDYN.PA,DYNAFOND,Euronext Access Paris,FR0000052920,EUR,France
MLEAS.PA,EASSON HOLDINGS,Euronext Access Paris,HK0000038783,EUR,France
MLEAV.PA,EAVS,Euronext Access Paris,FR0010536185,EUR,France
MLECE.PA,FAIFEY INVEST,Euronext Access Paris,ES0105553004,EUR,France
MLEDR.PA,EAUX DE ROYAN,Euronext Access Paris,FR0007200100,EUR,France
MLERH.PA,ELIX,Euronext Access Paris,ES0105726006,EUR,France
MLESV.PA,ES VEDRA,Euronext Access Paris,ES0105964003,EUR,France
MLEXP.PA,EXXITA BE CIRCULAR,Euronext Access Paris,ES0106046016,EUR,France
MLEXX.PA,EXXITA BE CIRCULAR,Euronext Access Paris,ES0106046008,EUR,France
MLFDV.PA,FD,Euronext Access Paris,FR0012300424,EUR,France
MLFIR.PA,FIRSTCAUTION,Euronext Access Paris,CH0120879058,EUR,France
MLFMV.LS,FARMINVESTE,Euronext Access Lisbon,PTFNV1AM0002,EUR,Portugal
MLFNP.PA,FNPTECHNOLOGIESSA,Euronext Access Paris,FR0013230067,EUR,France
MLFTI.PA,FRANCE TOURISME,Euronext Access Paris,FR0010823724,EUR,France
MLFXO.PA,FINAXO,Euronext Access Paris,FR0010487272,EUR,France
MLGAI.PA,G.A.I.,Euronext Access Paris,FR0000053415,EUR,France
MLGAL.PA,GALEO,Euronext Access Paris,FR0011100759,EUR,France
MLGEQ.PA,GENTLEMENS EQUITY,Euronext Access Paris,PTGVE1AM0017,EUR,France
MLGL.PA,GLASS TO POWER,Euronext Access Paris,IT0005613739,EUR,France
MLGNS.PA,GENESIS,Euronext Access Paris,ES0105807004,EUR,France
MLGRC.PA,GROUPE CARNIVOR,Euronext Access Paris,FR0000076960,EUR,France
MLGSH.LS,GAIASHOPPING - SIC,Euronext Access Lisbon,PTGHP0AM0005,EUR,Portugal
MLHA2.PA,HAY 2 SOCIMI,Euronext Access Paris,ES0106042007,EUR,France
MLHAY.PA,HEALTHCARE ACTIVOS,Euronext Access Paris,ES0105498002,EUR,France
MLHBB.PA,HOCHE BAINS L.BAIN,Euronext Access Paris,FR0000051302,EUR,France
MLHBP.PA,HOTELES BESTPRICE,Euronext Access Paris,ES0105664009,EUR,France
MLHCF.PA,HOME CONCEPT,Euronext Access Paris,FR0012336691,EUR,France
MLHIN.PA,HOTL.IMMOB.NICE,Euronext Access Paris,FR0006563904,EUR,France
MLHK.PA,HK,Euronext Access Paris,DE000A11Q133,EUR,France
MLHOT.PA,HOTELIM,Euronext Access Paris,FR0000053738,EUR,France
MLHPE.PA,HOPENING,Euronext Access Paris,FR0010312181,EUR,France
MLHYD.PA,HYDRAULIQUEHOLDING,Euronext Access Paris,FR0000064735,EUR,France
MLHYE.PA,HYDRO-EXPLOIT.,Euronext Access Paris,FR0005843125,EUR,France
MLIDS.PA,IDS,Euronext Access Paris,FR0000079691,EUR,France
MLIFC.PA,INFOCLIP,Euronext Access Paris,FR0011158823,EUR,France
MLIFS.PA,IMPULSE FITNESS,Euronext Access Paris,ES0105590006,EUR,France
MLIME.PA,IMEON ENERGY,Euronext Access Paris,FR001400QW73,EUR,France
MLIML.PA,IMALLIANCE,Euronext Access Paris,FR0010086371,EUR,France
MLIMP.PA,IMPRIMERIE CHIRAT,Euronext Access Paris,FR0000065773,EUR,France
MLINA.PA,INMOLECULE,Euronext Access Paris,ES0105908000,EUR,France
MLINM.PA,INMARK,Euronext Access Paris,ES0105511002,EUR,France
MLINT.PA,IANTE INVESTMENTS,Euronext Access Paris,ES0105479002,EUR,France
MLIPO.PA,IPOSA PROPERTIES,Euronext Access Paris,ES0105417002,EUR,France
MLIPP.PA,IMM.PARIS.PERLE,Euronext Access Paris,FR0006859039,EUR,France
MLIRF.PA,INNOVATIVE RFK SPA,Euronext Access Paris,IT0005391161,EUR,France
MLISP.PA,INMOSUPA,Euronext Access Paris,ES0105473005,EUR,France
MLITN.PA,ITALY INNOVAZIONI,Euronext Access Paris,IT0005336521,EUR,France
MLJDL.PA,RES GESTAE SOCIMI,Euronext Access Paris,ES0105550000,EUR,France
MLKPS.PA,K PRIME CAPITAL,Euronext Access Paris,ES0105698007,EUR,France
MLLAB.PA,MEDIA LAB,Euronext Access Paris,IT0005324105,EUR,France
MLLCB.PA,CONSTRUCTEURS BOIS,Euronext Access Paris,FR00140007I9,EUR,France
MLLOI.PA,LOCASYSTEM INTL,Euronext Access Paris,FR0004155208,EUR,France
MLMAC.LS,MACC1X1 SOCIMI,Euronext Access Lisbon,ES0105665006,EUR,Portugal
MLMAQ.PA,MAQ ADMON. URBANAS,Euronext Access Paris,ES0105447009,EUR,France
MLMAZ.BR,MAZARO,Euronext Access Brussels,BE0974404361,EUR,Belgium
MLMED.PA,MEDITERRANEAN REIT,Euronext Access Paris,ES0105977005,EUR,France
MLMFI.PA,CONDOR TECHNOLOG,Euronext Access Paris,BE6252013725,EUR,France
MLMGL.PA,MAGILLEM,Euronext Access Paris,FR0010827741,EUR,France
MLMIB.PA,METRICS IN BALANCE,Euronext Access Paris,BE0974328602,EUR,France
MLMIV.PA,MERIDIA RE IV,Euronext Access Paris,ES0105559001,EUR,France
MLMR.LS,MONUMENTAL RES,Euronext Access Lisbon,PTMNN0AE0006,EUR,Portugal
MLMTP.PA,MONTEPINO LOGISTIC,Euronext Access Paris,ES0105549002,EUR,France
MLMUT.PA,MUTTER VENTURES,Euronext Access Paris,ES0105697009,EUR,France
MLNDG.PA,GLOBAL PIELAGO,Euronext Access Paris,ES0105537007,EUR,France
MLNEU.BR,NEUFCOUR-FIN.,Euronext Access Brussels,BE0003680916,EUR,Belgium
MLNMA.PA,MIGUET ET ASSOCIES,Euronext Access Paris,FR0010500363,EUR,France
MLNOV.PA,NOVATECH IND.,Euronext Access Paris,FR0000185464,EUR,France
MLOBT.LS,ORIENTE BT SIGI,Euronext Access Lisbon,PTOBW0AM0008,EUR,Portugal
MLOCT.PA,OCTOPUS BIOSAFETY,Euronext Access Paris,FR0013310281,EUR,France
MLODT.PA,ODIOT S.A.,Euronext Access Paris,FR0014010DV3,EUR,France
MLONE.PA,BODY ONE,Euronext Access Paris,FR0010106039,EUR,France
MLONL.PA,ONLINEFORMAPRO,Euronext Access Paris,FR0004174712,EUR,France
MLORB.PA,ORBIS PROPERTIES,Euronext Access Paris,ES0105490009,EUR,France
MLORE.LS,OLIMPO REAL ESTATE,Euronext Access Lisbon,PTOTP0AM0004,EUR,Portugal
MLORQ.PA,ORINOQUIA,Euronext Access Paris,ES0105534004,EUR,France
MLPAC.PA,PACTE NOVATION,Euronext Access Paris,FR0000077992,EUR,France
MLPER.PA,PERSEIDA RENTA,Euronext Access Paris,ES0105612008,EUR,France
MLPHO.PA,PHOTONIKE CAPITAL,Euronext Access Paris,BE0948608451,EUR,France
MLPHW.PA,PHONE WEB,Euronext Access Paris,FR0000185480,EUR,France
MLPLC.PA,PLACOPLATRE,Euronext Access Paris,FR0000030769,EUR,France
MLPRE.PA,PRELUDE S.A,Euronext Access Paris,FR0014011SJ4,EUR,France
MLPRI.PA,PROP.IMMEUBLES,Euronext Access Paris,FR0000061376,EUR,France
MLPRX.PA,PARX MATERIALS NV,Euronext Access Paris,NL0012650535,EUR,France
MLPTZ.PA,PYRATZ CORP.,Euronext Access Paris,FR0013371507,EUR,France
MLROT.PA,ROTH MIONS,Euronext Access Paris,FR001400EA65,EUR,France
MLRSR.LS,RSR SINGULAR,Euronext Access Lisbon,ES0105505004,EUR,Portugal
MLRZE.LS,RAIZE,Euronext Access Lisbon,PTRIZ0AM0009,EUR,Portugal
MLSAG.PA,SAGAX REAL ESTATE,Euronext Access Paris,ES0105651006,EUR,France
MLSCI.PA,SCIENTIA SCHOOL,Euronext Access Paris,ES0105592002,EUR,France
MLSDN.PA,SAVONNERIE NYONS,Euronext Access Paris,FR0013155975,EUR,France
MLSEQ.PA,SEQUA PETROLEUM NV,Euronext Access Paris,NL0010623518,EUR,France
MLSJA.PA,SAJA REAL ESTATE,Euronext Access Paris,ES0105910006,EUR,France
MLSML.PA,SMALTO,Euronext Access Paris,FR0011131788,EUR,France
MLSPI.PA,STUDENT PROPERTY,Euronext Access Paris,ES0105851002,EUR,France
MLSRP.PA,SPEED RABBIT PIZZA,Euronext Access Paris,FR0000054371,EUR,France
MLSTR.PA,STREIT MECANIQUE,Euronext Access Paris,FR0000063976,EUR,France
MLTRO.PA,TROC ILE,Euronext Access Paris,FR0000031106,EUR,France
MLTV.BR,CHOICE,Euronext Access Brussels,BE0974370026,EUR,Belgium
MLUMG.PA,UMALIS GROUP,Euronext Access Paris,FR0011776889,EUR,France
MLURC.PA,URCOLESA,Euronext Access Paris,ES0105748000,EUR,France
MLVDN.LS,VILA DOS NUMEROS,Euronext Access Lisbon,PTVUO0AM0000,EUR,Portugal
MLVIC.PA,VICSO,Euronext Access Paris,ES0105962007,EUR,France
MLVIE.PA,INTEGRITAS VIAGER,Euronext Access Paris,FR0014003FN0,EUR,France
MLVIN.PA,FONCIERE VINDI,Euronext Access Paris,FR0011605617,EUR,France
MLVRE.PA,VANDOR REAL ESTATE,Euronext Access Paris,ES0105623005,EUR,France
MLVRF.PA,VREF SEVILLE,Euronext Access Paris,ES0105492005,EUR,France
MLVST.PA,TELEVISTA,Euronext Access Paris,FR0011076595,EUR,France
MLWEA.PA,WEACCESS GROUP,Euronext Access Paris,FR0010688465,EUR,France
MLWEY.PA,WEYA,Euronext Access Paris,FR0010768770,EUR,France
MLWRS.PA,WELLNESS,Euronext Access Paris,ES0105740007,EUR,France
MLZAM.PA,ZCCM,Euronext Access Paris,ZM0000000037,EUR,France
MMB.PA,LAGARDERE SA,Euronext Paris,FR0000130213,EUR,France
MMT.PA,METROPOLE TV,Euronext Paris,FR0000053225,EUR,France
MN.MI,MONDADORI EDIT,Euronext Milan,IT0001469383,EUR,Italy
MNL.MI,MONNALISA,Euronext Growth Milan,IT0005338139,EUR,Italy
MOL.MI,MOLTIPLY GROUP,Euronext Milan,IT0004195308,EUR,Italy
MONC.MI,MONCLER,Euronext Milan,IT0004965148,EUR,Italy
MONNI.BR,MONNI,Euronext Growth Brussels,BE0974503352,EUR,Belgium
MONT.PA,MONTEA,"Euronext Brussels, Paris",BE0003853703,EUR,France
MOP.BR,MOPOLI,Euronext Brussels,NL0000488153,EUR,Belgium
MOPF.BR,MOPOLI FOND,Euronext Brussels,NL0000488161,EUR,Belgium
MORE.AS,MOREFIELD GROUP,Euronext Amsterdam,CWN814651014,EUR,Netherlands
MORG.OL,SPAREBANKEN MØRE,Oslo Børs,NO0012483207,NOK,Norway
MORLD.OL,MORELD,Oslo Børs,NO0013325506,NOK,Norway
MOUR.BR,MOURY CONSTRUCT,Euronext Brussels,BE0003602134,EUR,Belgium
MOWI.OL,MOWI,Oslo Børs,NO0003054108,NOK,Norway
MPCC.OL,MPC CONTAINER SHIP,Oslo Børs,NO0010791353,NOK,Norway
MPCES.OL,MPC ENERGY SOLUTIO,Euronext Growth Oslo,NL0015268814,NOK,Norway
MPT.MI,IMPIANTI,Euronext Growth Milan,IT0005518953,EUR,Italy
MQSPA.MI,MEGLIOQUESTO,Euronext Growth Milan,IT0005450173,EUR,Italy
MRL.LS,MERLIN PROPERTIES,Euronext Lisbon,ES0105025003,EUR,Portugal
MRN.PA,MERSEN,Euronext Paris,FR0000039620,EUR,France
MS.MI,MISITANO STRACUZZI,Euronext Growth Milan,IT0005603078,EUR,Italy
MT.PA,ARCELORMITTAL SA,"Euronext Amsterdam, Paris",LU1598757687,EUR,France
MTK.MI,METRIKS AI,Euronext Growth Milan,IT0005651481,EUR,Italy
MTLS.BR,MATERIALISE,Euronext Brussels,BE0974501331,EUR,Belgium
MTRK.AS,MOTORK,Euronext Amsterdam,GB00BMXH3352,EUR,Netherlands
MTS.MI,MIT SIM,Euronext Growth Milan,IT0005427510,EUR,Italy
MTU.PA,MANITOU BF,Euronext Paris,FR0000038606,EUR,France
MTV.MI,MONDO TV,Euronext Milan,IT0001447785,EUR,Italy
MTVFR.MI,MONDO TV FRANCE,Euronext Growth Milan,FR0014011ND8,EUR,Italy
MULTI.OL,MULTICONSULT,Oslo Børs,NO0010734338,NOK,Norway
MVW.OL,M VEST WATER,Euronext Growth Oslo,NO0010976343,NOK,Norway
NABDD.MI,NABLA IPO DIST.,Euronext Growth Milan,IT0005730384,EUR,Italy
NACON.PA,NACON,Euronext Paris,FR0013482791,EUR,France
NAE.PA,North Atlantic En.,Euronext Paris,FR0000120669,EUR,France
NAI.AS,NAI ORD SHARES,Euronext Amsterdam,NL0015000CG2,EUR,Netherlands
NAITR.AS,NAI TREAS SHARES,Euronext Amsterdam,NL0015000CF4,EUR,Netherlands
NAIW.AS,NAI WARRANTS,Euronext Amsterdam,NL0015000CH0,EUR,Netherlands
NANO.PA,NANOBIOTIX,Euronext Paris,FR0011341205,EUR,France
NAPA.OL,NAPATECH,Oslo Børs,DK0060520450,NOK,Norway
NAS.OL,NORWEGIAN AIR SHUT,Oslo Børs,NO0010196140,NOK,Norway
NAVA.OL,NAVAMEDIC,Oslo Børs,NO0010205966,NOK,Norway
NBA.LS,"NOVABASE,SGPS",Euronext Lisbon,PTNBA0AM0006,EUR,Portugal
NBX.OL,NORWEGIAN BLOCK EX,Euronext Growth Oslo,NO0010984966,NOK,Norway
NCOD.OL,NORCOD,Euronext Growth Oslo,NO0010892912,NOK,Norway
NDT.MI,NEODECORTECH,Euronext Milan,IT0005275778,EUR,Italy
NEDAP.AS,NEDAP,Euronext Amsterdam,NL0000371243,EUR,Netherlands
NEDSE.AS,MKB Nedsense,Euronext Amsterdam,NL0009312842,EUR,Netherlands
NEL.OL,NEL,Oslo Børs,NO0010081235,NOK,Norway
NEWT.BR,NEWTREE,Euronext Access Brussels,BE0003832491,EUR,Belgium
NEX.PA,NEXANS,Euronext Paris,FR0000044448,EUR,France
NEXI.MI,NEXI,Euronext Milan,IT0005366767,EUR,Italy
NEXT.OL,NEXT BIOMETRICS GP,Oslo Børs,NO0013740142,NOK,Norway
NEXTA.BR,NEXTENSA,Euronext Brussels,BE0003770840,EUR,Belgium
NHY.OL,NORSK HYDRO,Oslo Børs,NO0005052605,NOK,Norway
NISB.OL,NIDAROS SPAREBANK,Euronext Growth Oslo,NO0010733082,NOK,Norway
NK.PA,IMERYS,Euronext Paris,FR0000120859,EUR,France
NKR.OL,NEKKAR,Oslo Børs,NO0003049405,NOK,Norway
NN.AS,NN GROUP,Euronext Amsterdam,NL0010773842,EUR,Netherlands
NOAP.OL,NORDIC AQUA PART,Euronext Growth Oslo,NO0012928805,NOK,Norway
NOD.OL,NORDIC SEMICONDUC,Oslo Børs,NO0003055501,NOK,Norway
NOFIN.OL,NORDIC FINANCIALS,Euronext Expand Oslo,NO0013683409,NOK,Norway
NOHAL.OL,NORDIC HALIBUT,Euronext Growth Oslo,NO0003058109,NOK,Norway
NOL.OL,NORTHERN OCEAN LTD,Oslo Børs,BMG6682J1036,NOK,Norway
NOM.OL,NORDIC MINING,Oslo Børs,NO0013162693,NOK,Norway
NONG.OL,SPBK1 NORD-NORGE,Oslo Børs,NO0006000801,NOK,Norway
NORAM.OL,NORAM DRILLING,Euronext Growth Oslo,NO0010360019,NOK,Norway
NORBT.OL,NORBIT,Oslo Børs,NO0010856511,NOK,Norway
NORCO.OL,NORCONSULT,Oslo Børs,NO0013052209,NOK,Norway
NORDH.OL,NORDHEALTH A-AKSJE,Euronext Growth Oslo,NO0011002651,NOK,Norway
NORSE.OL,NORSE ATLANTIC,Euronext Expand Oslo,NO0012885252,NOK,Norway
NORTH.OL,NORTH ENERGY,Euronext Expand Oslo,NO0010550056,NOK,Norway
NOS.LS,"NOS, SGPS",Euronext Lisbon,PTZON0AM0006,EUR,Portugal
NOSN.OL,NOS NOVA,Euronext Growth Oslo,NO0010917339,NOK,Norway
NOVA.MI,NOVAMARINE,Euronext Growth Milan,IT0005605701,EUR,Italy
NPI.MI,NOTORIOUS PICTURES,Euronext Growth Milan,IT0005025355,EUR,Italy
NR21.PA,NR21,Euronext Paris,FR0014001PV6,EUR,France
NRC.OL,NRC GROUP,Oslo Børs,NO0003679102,NOK,Norway
NRG.PA,NRJ GROUP,Euronext Paris,FR0000121691,EUR,France
NRO.PA,NEURONES,Euronext Paris,FR0004050250,EUR,France
NRP.AS,NEPI ROCKCASTLE,Euronext Amsterdam,NL0015000RT3,EUR,Netherlands
NRST.MI,NEUROSOFT,Euronext Growth Milan,GRS802003004,EUR,Italy
NSE.AS,NEW SOURCES ENERGY,Euronext Amsterdam,NL0009822014,EUR,Netherlands
NSI.AS,NSI N.V.,Euronext Amsterdam,NL0012365084,EUR,Netherlands
NSKOG.OL,NORSKE SKOG,Oslo Børs,NO0010861115,NOK,Norway
NSP.MI,NEOSPERIENCE,Euronext Growth Milan,IT0005497018,EUR,Italy
NTG.OL,NORDIC TECHNOLOGY,Euronext Growth Oslo,NO0011018434,NOK,Norway
NTI.OL,NORSK TITANIUM,Euronext Growth Oslo,NO0010969108,NOK,Norway
NUS.MI,NUSCO,Euronext Growth Milan,IT0005453110,EUR,Italy
NVG.LS,THE NAVIGATOR COMP,Euronext Lisbon,PTPTI0AM0006,EUR,Portugal
NWL.MI,NEWPRINCES,Euronext Milan,IT0005385213,EUR,Italy
NXFIL.AS,NX FILTRATION,Euronext Amsterdam,NL0015000D50,EUR,Netherlands
NXI.PA,NEXITY,Euronext Paris,FR0010112524,EUR,France
NXT.MI,NEXT GEOSOLUTIONS,Euronext Growth Milan,IT0005594418,EUR,Italy
NYKD.OL,NYKODE THERAPEUTIC,Oslo Børs,NO0010714785,NOK,Norway
NYR.BR,NYRSTAR,Euronext Brussels,BE0974294267,EUR,Belgium
NYXH.BR,NYXOAH,Euronext Brussels,BE0974358906,EUR,Belgium
OBEL.BR,ORANGE BELGIUM,Euronext Brussels,BE0003735496,EUR,Belgium
OBSRV.OL,OBSERVE MEDICAL,Euronext Expand Oslo,NO0013457952,NOK,Norway
OCEAN.OL,OCEAN GEOLOOP,Euronext Growth Oslo,NO0010914641,NOK,Norway
OCI.AS,OCI,Euronext Amsterdam,NL0010558797,EUR,Netherlands
ODET.PA,COMPAGNIE ODET,Euronext Paris,FR0000062234,EUR,France
ODF.OL,ODFJELL SER. A,Oslo Børs,NO0003399909,NOK,Norway
ODFB.OL,ODFJELL SER. B,Oslo Børs,NO0003399917,NOK,Norway
ODL.OL,ODFJELL DRILLING,Oslo Børs,BMG671801022,NOK,Norway
OEC.MI,OPS ECOM,Euronext Milan,IT0005122400,EUR,Italy
OET.OL,OKEANIS ECO TANKER,Oslo Børs,MHY641771016,NOK,Norway
OIZ.IR,ORIGIN ENT. PLC,Euronext Growth Dublin,IE00B1WV4493,EUR,Ireland
OKEA.OL,OKEA,Oslo Børs,NO0010816895,NOK,Norway
OLI.MI,OLIDATA,Euronext Milan,IT0005634610,EUR,Italy
OMC.OL,OMC TANKERS,Euronext Growth Oslo,NO0013759159,NOK,Norway
OMDA.OL,OMDA,Euronext Growth Oslo,NO0010894512,NOK,Norway
OMER.MI,OMER,Euronext Growth Milan,IT0005453748,EUR,Italy
ONCIN.OL,ONCOINVENT,Oslo Børs,NO0013711713,NOK,Norway
ONEBS.PA,ONE EXP BSA 2025 2,Euronext Growth Paris,FR00140126G1,EUR,France
ONTEX.BR,ONTEX GROUP,Euronext Brussels,BE0974276082,EUR,Belgium
ONWD.PA,ONWARD MEDICAL,"Euronext Brussels, Amsterdam, Paris",NL0015000HT4,EUR,France
OPM.PA,OPMOBILITY,Euronext Paris,FR0000124570,EUR,France
OPR.MI,OPS RETAIL,Euronext Milan,IT0005545675,EUR,Italy
OPS.MI,OPS ITALIA,Euronext Milan,IT0005577868,EUR,Italy
OPTI.BR,OPTION,Euronext Brussels,BE0974496284,EUR,Belgium
OPTS.MI,OPT,Euronext Growth Milan,IT0005713646,EUR,Italy
OR.PA,L'OREAL,Euronext Paris,FR0000120321,EUR,France
ORA.PA,ORANGE,Euronext Paris,FR0000133308,EUR,France
OREGE.PA,OREGE,Euronext Paris,FR0010609206,EUR,France
ORIA.PA,FIDUCIAL REAL EST.,Euronext Paris,FR0000060535,EUR,France
ORK.OL,ORKLA,Oslo Børs,NO0003733800,NOK,Norway
OROX.MI,GENS AUREA,Euronext Milan,IT0005713232,EUR,Italy
ORS.MI,ORSERO,Euronext Milan,IT0005138703,EUR,Italy
OS.MI,OFFICINA STELLARE,Euronext Growth Milan,IT0005374035,EUR,Italy
OSA.MI,OSAI AUTOM SYSTEM,Euronext Growth Milan,IT0005424830,EUR,Italy
OSE.PA,OSE IMMUNO,Euronext Paris,FR0012127173,EUR,France
OSUN.OL,OCEAN SUN,Euronext Growth Oslo,NO0010887565,NOK,Norway
OTEC.OL,OTELLO CORPORATION,Oslo Børs,NO0010040611,NOK,Norway
OTL.OL,ODFJELL TECHNOLOGY,Oslo Børs,BMG6716L1081,NOK,Norway
OTO.MI,OTOFARMA,Euronext Growth Milan,IT0005663361,EUR,Italy
OTOVO.OL,OTOVO,Oslo Børs,NO0013721613,NOK,Norway
OVH.PA,OVH,Euronext Paris,FR0014005HJ9,EUR,France
OVS.MI,OVS,Euronext Milan,IT0005043507,EUR,Italy
OXUR.BR,OXURION,Euronext Brussels,BE0974487192,EUR,Belgium
PAG.MI,PORTO AVIATION,Euronext Growth Milan,IT0005545238,EUR,Italy
PAR.PA,PAREF,Euronext Paris,FR0010263202,EUR,France
PARB.OL,PARETO BANK,Oslo Børs,NO0010397581,NOK,Norway
PARP.PA,GROUPE PARTOUCHE,Euronext Paris,FR0012612646,EUR,France
PARRO.PA,PARROT,Euronext Paris,FR0004038263,EUR,France
PAT.PA,PATRIMOINE ET COMM,Euronext Paris,FR0011027135,EUR,France
PATBS.PA,PLANT ADVANCED BS,Euronext Growth Paris,FR0011844067,EUR,France
PAY.BR,PAYTON PLANAR,Euronext Brussels,IL0010830391,EUR,Belgium
PBH.AS,PB HOLDING,Euronext Amsterdam,NL0000336303,EUR,Netherlands
PEN.OL,PANORO ENERGY,Oslo Børs,NO0010564701,NOK,Norway
PEUG.PA,PEUGEOT INVEST,Euronext Paris,FR0000064784,EUR,France
PEXIP.OL,PEXIP HOLDING,Oslo Børs,NO0010840507,NOK,Norway
PFI.MI,PREMIA FINANCE,Euronext Growth Milan,IT0005442154,EUR,Italy
PHARM.AS,PHARMING GROUP,Euronext Amsterdam,NL0010391025,EUR,Netherlands
PHIA.AS,PHILIPS KON,Euronext Amsterdam,NL0000009538,EUR,Netherlands
PHIL.MI,PHILOGEN,Euronext Milan,IT0005373789,EUR,Italy
PHN.MI,PHARMANUTRA,Euronext Milan,IT0005274094,EUR,Italy
PHO.OL,PHOTOCURE,Oslo Børs,NO0010000045,NOK,Norway
PHR.LS,PHAROL,Euronext Lisbon,PTPTC0AM0009,EUR,Portugal
PIA.MI,PIAGGIO,Euronext Milan,IT0003073266,EUR,Italy
PIG.PA,HAULOTTE GROUP,Euronext Paris,FR0000066755,EUR,France
PINF.MI,PININFARINA SPA,Euronext Milan,IT0003056386,EUR,Italy
PIRC.MI,PIRELLI & C,Euronext Milan,IT0005278236,EUR,Italy
PLC.MI,PLC,Euronext Milan,IT0005339160,EUR,Italy
PLCAN.OL,PELICAN AQUA HLDNG,Euronext Growth Oslo,CY0201461213,NOK,Norway
PLGC.OL,PELAGIC CREDIT,Euronext Growth Oslo,CY0201332216,NOK,Norway
PLN.MI,PLANETEL,Euronext Growth Milan,IT0005430951,EUR,Italy
PLNW.PA,PLANISWARE,Euronext Paris,FR001400PFU4,EUR,France
PLSV.OL,PARATUS ENERGY SER,Oslo Børs,BMG6904D1083,NOK,Norway
PLT.OL,POLIGHT,Oslo Børs,NO0012535832,NOK,Norway
PLX.PA,PLUXEE,Euronext Paris,NL0015001W49,EUR,France
PMED.MI,Piu' Medical,Euronext Growth Milan,IT0005676140,EUR,Italy
PMT.MI,PROMOTICA,Euronext Growth Milan,IT0005425365,EUR,Italy
PNL.AS,POSTNL,Euronext Amsterdam,NL0009739416,EUR,Netherlands
PNOR.OL,PETRONOR E&P,Oslo Børs,NO0012942525,NOK,Norway
POL.OL,POLARIS MEDIA,Oslo Børs,NO0010466022,NOK,Norway
POLAR.OL,POLAR RESOURCES,Euronext Growth Oslo,NO0013756361,NOK,Norway
POMRY.PA,MAISON POMMERY,"Euronext Paris, Brussels",FR0000062796,EUR,France
POPR.MI,POLIGRAF PRINTING,Euronext Growth Milan,IT0004587470,EUR,Italy
POR.MI,PORTOBELLO,Euronext Growth Milan,IT0005337495,EUR,Italy
PORF.AS,PORCELEYNE FLES,Euronext Amsterdam,NL0000378669,EUR,Netherlands
POXEL.PA,POXEL,Euronext Paris,FR0012432516,EUR,France
POZ.MI,POZZI MILANO,Euronext Growth Milan,IT0005499949,EUR,Italy
PPG.OL,PIONEER PROPERTY,Euronext Expand Oslo,NO0010735681,NOK,Norway
PPLA.AS,PPLA European Unit,Euronext Amsterdam,US69355L1098,EUR,Netherlands
PPLAA.AS,PPLA CLASS A,Euronext Amsterdam,BMG7209L1000,EUR,Netherlands
PPLAB.AS,PPLA CLASS B,Euronext Amsterdam,BMG7209L1182,EUR,Netherlands
PQ.MI,PIQUADRO,Euronext Milan,IT0004240443,EUR,Italy
PRC.PA,ARTMARKET COM,Euronext Paris,FR0000074783,EUR,France
PRE.MI,PREDICT,Euronext Growth Milan,IT0005611071,EUR,Italy
PREVA.AS,VALUE8 CUM PREF,Euronext Amsterdam,NL0015118803,EUR,Netherlands
PRO.MI,BCA PROFILO,Euronext Milan,IT0005704439,EUR,Italy
PROAC.PA,PROACTIS SA,Euronext Paris,FR0004052561,EUR,France
PROT.OL,PROTECTOR FORSIKRG,Oslo Børs,NO0010209331,NOK,Norway
PROX.BR,PROXIMUS,Euronext Brussels,BE0003810273,EUR,Belgium
PROXI.OL,PROXIMAR SEAFOOD,Euronext Growth Oslo,NO0010893902,NOK,Norway
PRS.OL,PROSAFE,Oslo Børs,NO0010861990,NOK,Norway
PRT.MI,ESPRINET,Euronext Milan,IT0003850929,EUR,Italy
PRX.AS,PROSUS,Euronext Amsterdam,NL0013654783,EUR,Netherlands
PRXD.MI,Praexidia,Euronext Growth Milan,IT0005687469,EUR,Italy
PRY.MI,PRYSMIAN,Euronext Milan,IT0004176001,EUR,Italy
PSE.OL,PETROLIA,Oslo Børs,CY0102630916,NOK,Norway
PSQ.MI,PASQUARELLI AUTO,Euronext Growth Milan,IT0005546319,EUR,Italy
PST.MI,POSTE ITALIANE,Euronext Milan,IT0003796171,EUR,Italy
PTR.MI,PATTERN,Euronext Growth Milan,IT0005378143,EUR,Italy
PTSB.IR,PERM. TSB GP. HOLD,Euronext Dublin,IE00BWB8X525,EUR,Ireland
PUB.PA,PUBLICIS GROUPE SA,Euronext Paris,FR0000130577,EUR,France
PUBLI.OL,PPI PUBLIC PROP,Oslo Børs,SE0028799411,NOK,Norway
PWS.MI,POWERSOFT,Euronext Growth Milan,IT0005353815,EUR,Italy
PYRUM.OL,PYRUM INNOVATIONS,Euronext Growth Oslo,DE000A2G8ZX8,NOK,Norway
QDT.PA,QUADIENT,Euronext Paris,FR0000120560,EUR,France
QEC.OL,QUESTERRE ENERGY,Oslo Børs,CA74836K1003,NOK,Norway
QEV.AS,QEV,Euronext Amsterdam,NL0015000NM7,EUR,Netherlands
QEVT.AS,QEV TREAS SHARES,Euronext Amsterdam,NL0015000NL9,EUR,Netherlands
QEVW.AS,QEV WARRANTS,Euronext Amsterdam,NL0015000NK1,EUR,Netherlands
QFG.BR,QUESTFOR GR-PRICAF,Euronext Brussels,BE0003730448,EUR,Belgium
QGAS.OL,QUESTERRE EN PREF,Euronext Growth Oslo,CA74836K4072,NOK,Norway
QRF.BR,QRF,Euronext Brussels,BE0974272040,EUR,Belgium
RACE.MI,FERRARI,Euronext Milan,NL0011585146,EUR,Italy
RAD.MI,RADICI,Euronext Growth Milan,IT0005379737,EUR,Italy
RAM.LS,RAMADA,Euronext Lisbon,PTFRV0AE0004,EUR,Portugal
RAND.AS,RANDSTAD NV,Euronext Amsterdam,NL0000379121,EUR,Netherlands
RAT.MI,RATTI,Euronext Milan,IT0004724107,EUR,Italy
RBO.PA,ROCHE BOBOIS,Euronext Paris,FR0013344173,EUR,France
RBT.PA,ROBERTET,Euronext Paris,FR0000039091,EUR,France
RCO.PA,REMY COINTREAU,Euronext Paris,FR0000130395,EUR,France
RCS.MI,RCS MEDIAGROUP,Euronext Milan,IT0004931496,EUR,Italy
RDF.MI,REDELFI,Euronext Growth Milan,IT0005496101,EUR,Italy
RDUE.MI,ERREDUE,Euronext Growth Milan,IT0005521247,EUR,Italy
REACH.OL,REACH SUBSEA,Oslo Børs,NO0003117202,NOK,Norway
REAL.BR,REALCO,Euronext Access Brussels,BE0003841583,EUR,Belgium
REC.MI,RECORDATI ORD,Euronext Milan,IT0003828271,EUR,Italy
RECT.BR,RECTICEL,Euronext Brussels,BE0003656676,EUR,Belgium
REFL.OL,REFUELS,Euronext Growth Oslo,NL0015001BF4,NOK,Norway
REI.BR,REIBEL,Euronext Access Brussels,BE0003829463,EUR,Belgium
REINA.AS,REINET INVESTMENTS,Euronext Amsterdam,LU0383812293,EUR,Netherlands
REN.AS,RELX,Euronext Amsterdam,GB00B2B0DG97,EUR,Netherlands
RENE.LS,REN,Euronext Lisbon,PTREL0AM0008,EUR,Portugal
RES.MI,RES,Euronext Growth Milan,IT0005543613,EUR,Italy
RET.AS,RETAIL ESTATES,"Euronext Brussels, Amsterdam",BE0003720340,EUR,Netherlands
RETI.MI,RETI,Euronext Growth Milan,IT0005418204,EUR,Italy
REVO.MI,REVO INSURANCE,Euronext Milan,IT0005513202,EUR,Italy
REY.MI,REPLY,Euronext Milan,IT0005282865,EUR,Italy
RF.PA,EURAZEO,Euronext Paris,FR0000121121,EUR,France
RFG.MI,RACING FORCE,Euronext Growth Milan,IT0005466963,EUR,Italy
RFLTC.MI,REDFISH,Euronext Growth Milan,IT0005549354,EUR,Italy
RI.PA,PERNOD RICARD,Euronext Paris,FR0000120693,EUR,France
RING.OL,SPBK1 RINGERIKE,Oslo Børs,NO0006390400,NOK,Norway
RIVER.OL,RIVER TECH,Euronext Growth Oslo,MT0001710103,NOK,Norway
RKT.MI,ROCKET SHARING C,Euronext Growth Milan,IT0005481830,EUR,Italy
RMS.PA,HERMES INTL,Euronext Paris,FR0000052292,EUR,France
RMT.MI,RIBA MUNDO,Euronext Growth Milan,ES0105724001,EUR,Italy
RN.MI,RISANAMENTO,Euronext Milan,IT0001402269,EUR,Italy
RNO.PA,RENAULT,Euronext Paris,FR0000131906,EUR,France
RNV.MI,RENOVALO,Euronext Growth Milan,IT0005500571,EUR,Italy
ROCK.BR,WHITESTONE GROUP,Euronext Growth Brussels,BE0974401334,EUR,Belgium
ROGS.OL,ROGALAND SPAREBANK,Oslo Børs,NO0006001007,NOK,Norway
ROM.OL,ROMREAL,Euronext Expand Oslo,BMG763301022,NOK,Norway
ROMER.OL,ROMERIKE SPAREBK,Euronext Growth Oslo,NO0010808405,NOK,Norway
ROU.BR,ROULARTA,Euronext Brussels,BE0003741551,EUR,Belgium
RPTN.MI,RINO PETINO,Euronext Growth Milan,IT0005663429,EUR,Italy
RTL.MI,RT&L,Euronext Growth Milan,IT0005680373,EUR,Italy
RUI.PA,RUBIS,Euronext Paris,FR0013269123,EUR,France
RWAY.MI,RAI WAY,Euronext Milan,IT0005054967,EUR,Italy
RWY.MI,REWAY GROUP,Euronext Growth Milan,IT0005528069,EUR,Italy
RXL.PA,REXEL,Euronext Paris,FR0010451203,EUR,France
RYA.IR,RYANAIR HOLD. PLC,Euronext Dublin,IE00BYTBXV33,EUR,Ireland
S30.PA,SOLUTIONS 30 SE,Euronext Paris,FR0013379484,EUR,France
S3D.MI,SOLID WORLD GROUP,Euronext Growth Milan,IT0005497893,EUR,Italy
SAB.MI,SABAF,Euronext Milan,IT0001042610,EUR,Italy
SABE.PA,SAINT JEAN GROUPE,Euronext Paris,FR0000060121,EUR,France
SAC.MI,SACCHERIA F. FRANC,Euronext Growth Milan,IT0005521551,EUR,Italy
SACI.PA,FIDUCIAL OFF.SOL.,Euronext Paris,FR0000061418,EUR,France
SAF.PA,SAFRAN,Euronext Paris,FR0000073272,EUR,France
SAGA.OL,SAGA PURE,Oslo Børs,NO0010572589,NOK,Norway
SALM.OL,SALMAR,Oslo Børs,NO0010310956,NOK,Norway
SALME.OL,SALMON EVOLUTION,Oslo Børs,NO0010892094,NOK,Norway
SAMS.PA,SAMSE,Euronext Paris,FR0000060071,EUR,France
SAN.PA,SANOFI,Euronext Paris,FR0000120578,EUR,France
SATS.OL,SATS,Oslo Børs,NO0010863285,NOK,Norway
SAVE.PA,SAVENCIA,Euronext Paris,FR0000120107,EUR,France
SB1NO.OL,SPAREBANK 1 SØR-N,Oslo Børs,NO0010631567,NOK,Norway
SB68.OL,SPARBNK 68 GR NORD,Euronext Growth Oslo,NO0010887110,NOK,Norway
SBC.MI,SICILY BY CAR,Euronext Growth Milan,IT0005556581,EUR,Italy
SBMO.AS,SBM OFFSHORE,Euronext Amsterdam,NL0000360618,EUR,Netherlands
SBNOR.OL,SPAREBANKEN NORGE,Oslo Børs,NO0006000900,NOK,Norway
SBO.OL,SELVAAG BOLIG,Oslo Børs,NO0010612450,NOK,Norway
SBT.PA,OENEO,Euronext Paris,FR0000052680,EUR,France
SCANA.OL,SCANA,Oslo Børs,NO0003053308,NOK,Norway
SCATC.OL,SCATEC,Oslo Børs,NO0010715139,NOK,Norway
SCB.LS,S.CLUBE BRAGA,Euronext Access Lisbon,PTSCB0AM0001,EUR,Portugal
SCHP.PA,SECHE ENVIRONNEM.,Euronext Paris,FR0000039109,EUR,France
SCK.MI,SCIUKER FRAMES,Euronext Growth Milan,IT0005340051,EUR,Italy
SCP.LS,SPORTING,Euronext Lisbon,PTSCP0AM0001,EUR,Portugal
SCR.PA,SCOR SE,Euronext Paris,FR0010411983,EUR,France
SCT.LS,TOYOTA CAETANO,Euronext Lisbon,PTSCT0AP0018,EUR,Portugal
SDG.PA,SYNERGIE,Euronext Paris,FR0000032658,EUR,France
SDSD.OL,S.D. STANDARD ETC,Oslo Børs,CY0101550917,NOK,Norway
SEA1.OL,Sea1 Offshore,Euronext Growth Oslo,KYG812291253,NOK,Norway
SEIF.MI,SOC EDIT IL FATTO,Euronext Growth Milan,IT0005353484,EUR,Italy
SELER.PA,SELECTIRENTE,Euronext Paris,FR0004175842,EUR,France
SEM.LS,SEMAPA,Euronext Lisbon,PTSEM0AM0004,EUR,Portugal
SEQUA.BR,SEQUANA MEDICAL,Euronext Brussels,BE0974340722,EUR,Belgium
SERI.MI,SERI INDUSTRIAL,Euronext Milan,IT0005283640,EUR,Italy
SES.MI,SESA,Euronext Milan,IT0004729759,EUR,Italy
SESG.PA,SES,Euronext Paris,LU0088087324,EUR,France
SFCA.PA,SOC FRANC CASINOS,Euronext Paris,FR0010209809,EUR,France
SFER.MI,SALV FERRAGAMO,Euronext Milan,IT0004712375,EUR,Italy
SFL.MI,SAFILO GROUP,Euronext Milan,IT0004604762,EUR,Italy
SFPI.PA,GROUPE SFPI,Euronext Paris,FR0004155000,EUR,France
SFT.MI,SOFTLAB,Euronext Milan,IT0001469953,EUR,Italy
SGC.MI,SG COMPANY,Euronext Growth Milan,IT0005337172,EUR,Italy
SGF.MI,SOGEFI,Euronext Milan,IT0000076536,EUR,Italy
SGO.PA,SAINT GOBAIN,"Euronext Paris, Amsterdam, Brussels",FR0000125007,EUR,France
SGRO.PA,SEGRO PLC,Euronext Paris,GB00B5ZN1N88,EUR,France
SHELL.AS,SHELL PLC,Euronext Amsterdam,GB00BP6MXD84,EUR,Netherlands
SHUR.BR,SHURGARD,Euronext Brussels,GG00BQZCBZ44,EUR,Belgium
SIAV.MI,SIAV,Euronext Growth Milan,IT0005504128,EUR,Italy
SIFG.AS,SIF HOLDING,Euronext Amsterdam,NL0011660485,EUR,Netherlands
SIGBS.PA,GENSIGHT BSA,Euronext Growth Paris,FR0014010IB4,EUR,France
SIGHT.PA,GENSIGHT BIOLOGICS,Euronext Paris,FR0013183985,EUR,France
SIP.BR,SIPEF,Euronext Brussels,BE0003898187,EUR,Belgium
SIT.MI,SIT,Euronext Milan,IT0005262149,EUR,Italy
SK.PA,S.E.B.,Euronext Paris,FR0000121709,EUR,France
SKAND.OL,SKANDIA GREENPOWER,Euronext Growth Oslo,NO0010931207,NOK,Norway
SKUE.OL,SKUE SPAREBANK,Oslo Børs,NO0006001809,NOK,Norway
SL.MI,SANLORENZO,Euronext Milan,IT0003549422,EUR,Italy
SLBEN.LS,BENFICA,Euronext Lisbon,PTSLB0AM0010,EUR,Portugal
SLCO.PA,SELCODIS,Euronext Paris,FR0000065492,EUR,France
SLIGR.AS,SLIGRO FOOD GROUP,Euronext Amsterdam,NL0000817179,EUR,Netherlands
SMCAP.MI,SMART CAPITAL,Euronext Growth Milan,IT0005621070,EUR,Italy
SMCP.PA,SMCP,Euronext Paris,FR0013214145,EUR,France
SMLBS.PA,SMALTO BSA,Euronext Access Paris,FR0010649228,EUR,France
SMN.MI,SIMONE,Euronext Growth Milan,IT0005573123,EUR,Italy
SMOP.OL,SMARTOPTICS GROUP,Oslo Børs,NO0011012502,NOK,Norway
SNC.LS,"SONAECOM,SGPS",Euronext Lisbon,PTSNC0AM0006,EUR,Portugal
SNG.LS,SONAGI,Euronext Access Lisbon,PTSNG0AM0007,EUR,Portugal
SNI.OL,STOLT-NIELSEN,Oslo Børs,BMG850801025,NOK,Norway
SNM.OL,SHAMARAN PETROLEUM,Euronext Growth Oslo,BMG8080M1001,NOK,Norway
SNOR.OL,SPBK 1 NORDMØRE,Oslo Børs,NO0010691660,NOK,Norway
SNTIA.OL,SENTIA,Oslo Børs,NO0013573014,NOK,Norway
SOAG.OL,SPBK1 ØSTFOLD AKE,Oslo Børs,NO0010285562,NOK,Norway
SOF.BR,SOFINA,Euronext Brussels,BE0003717312,EUR,Belgium
SOFF.OL,SOLSTAD OFFSHORE,Oslo Børs,NO0003080608,NOK,Norway
SOFT.BR,SOFTIMAT,Euronext Growth Brussels,BE0003773877,EUR,Belgium
SOFTX.OL,SOFTOX SOLUTIONS,Euronext Growth Oslo,NO0010811961,NOK,Norway
SOGES.MI,SOGES GROUP,Euronext Growth Milan,IT0005597411,EUR,Italy
SOGN.OL,SOGN SPAREBANK,Oslo Børs,NO0006000603,NOK,Norway
SOI.PA,SOITEC,Euronext Paris,FR0013227113,EUR,France
SOL.MI,SOL,Euronext Milan,IT0001206769,EUR,Italy
SOLB.PA,SOLVAY,"Euronext Brussels, Paris",BE0003470755,EUR,France
SOLV.BR,SOLVAC NOM(RETAIL),Euronext Brussels,BE0003545531,EUR,Belgium
SOM.MI,SOMEC,Euronext Milan,IT0005329815,EUR,Italy
SOMA.OL,SOLSTAD MARITIME,Oslo Børs,NO0013135368,NOK,Norway
SON.LS,SONAE,Euronext Lisbon,PTSON0AM0001,EUR,Portugal
SOP.PA,SOPRA STERIA GROUP,Euronext Paris,FR0000050809,EUR,France
SOS.MI,SOSTRAVEL.COM,Euronext Growth Milan,IT0005338675,EUR,Italy
SPA.BR,SPADEL,Euronext Brussels,BE0003798155,EUR,Belgium
SPEL.PA,FONCIERE VOLTA,Euronext Paris,FR0000053944,EUR,France
SPIE.PA,SPIE,Euronext Paris,FR0012757854,EUR,France
SPM.MI,SAIPEM,Euronext Milan,IT0005495657,EUR,Italy
SPOG.OL,SPAREBANKEN ØST,Oslo Børs,NO0006222009,NOK,Norway
SPOL.OL,SPBK 1 ØSTLANDET,Oslo Børs,NO0010751910,NOK,Norway
SRG.MI,SNAM,Euronext Milan,IT0003153415,EUR,Italy
SRP.PA,SHOWROOMPRIVE,Euronext Paris,FR0013006558,EUR,France
SSL.MI,S.S. LAZIO,Euronext Milan,IT0003621783,EUR,Italy
STB.OL,STOREBRAND,Oslo Børs,NO0003053605,NOK,Norway
STEBS.PA,STREAMWIDE BSAANE,Euronext Growth Paris,FR001400Z5J4,EUR,France
STECH.OL,SOILTECH,Oslo Børs,NO0010713571,NOK,Norway
STF.PA,STEF,Euronext Paris,FR0000064271,EUR,France
STLAM.MI,STELLANTIS,Euronext Milan,NL00150001Q9,EUR,Italy
STLAP.PA,STELLANTIS NV,Euronext Paris,NL00150001Q9,EUR,France
STMMI.MI,STMICROELECTRONICS,Euronext Milan,NL0000226223,EUR,Italy
STMPA.PA,STMICROELECTRONICS,Euronext Paris,NL0000226223,EUR,France
STRO.OL,STRONGPOINT,Oslo Børs,NO0010098247,NOK,Norway
STST.OL,STAINLESS TANKERS,Euronext Growth Oslo,NO0012780958,NOK,Norway
SU.PA,SCHNEIDER ELECTRIC,Euronext Paris,FR0000121972,EUR,France
SUBC.OL,SUBSEA 7,Oslo Børs,LU0075646355,NOK,Norway
SVS.MI,SVAS BIOSANA,Euronext Growth Milan,IT0005469264,EUR,Italy
SW.PA,SODEXO,Euronext Paris,FR0000121220,EUR,France
SWICH.AS,SWI CAPITAL,Euronext Amsterdam,SGXPZ11CH7U7,EUR,Netherlands
SWON.OL,SOFTWAREONE HOLD,Oslo Børs,CH0496451508,NOK,Norway
SWP.PA,SWORD GROUP,Euronext Paris,FR0004180578,EUR,France
SYENS.BR,SYENSQO,Euronext Brussels,BE0974464977,EUR,Belgium
SYS.MI,SYS-DAT,Euronext Milan,IT0005595423,EUR,Italy
TALEA.MI,TALEA,Euronext Growth Milan,IT0005378333,EUR,Italy
TB.MI,TRIBOO,Euronext Milan,IT0005001554,EUR,Italy
TBSO.PA,TBSO,Euronext Paris,FR0000063307,EUR,France
TCG.MI,TECNO,Euronext Growth Milan,IT0005658841,EUR,Italy
TCM.MI,TECMA SOLUTIONS,Euronext Growth Milan,IT0005425050,EUR,Italy
TDBS.PA,TONNER DRONES BSA,Euronext Growth Paris,FR001400RIB4,EUR,France
TDBS2.PA,TD BSA 2025-2,Euronext Growth Paris,FR0014012OE2,EUR,France
TDBS3.PA,TD BSA 2025-3,Euronext Growth Paris,FR0014012ZX8,EUR,France
TDSA.LS,TEIXEIRA DUARTE,Euronext Lisbon,PTTD10AM0000,EUR,Portugal
TE.PA,TECHNIP ENERGIES,Euronext Paris,NL0014559478,EUR,France
TECH.OL,TECHSTEP,Oslo Børs,NO0012916131,NOK,Norway
TEKNA.OL,TEKNA HOLDING,Oslo Børs,NO0010951577,NOK,Norway
TEL.OL,TELENOR,Oslo Børs,NO0010063308,NOK,Norway
TEN.MI,TENARIS,Euronext Milan,LU2598331598,EUR,Italy
TEP.PA,TELEPERFORMANCE,Euronext Paris,FR0000051807,EUR,France
TES.MI,TESMEC,Euronext Milan,IT0004585243,EUR,Italy
TESB.BR,TESSENDERLO,Euronext Brussels,BE0003555639,EUR,Belgium
TEXF.BR,TEXAF,Euronext Brussels,BE0974263924,EUR,Belgium
TFF.PA,TFF GROUP,Euronext Paris,FR0013295789,EUR,France
TFG.AS,TETRAGON FIN GRP,Euronext Amsterdam,GG00B1RMC548,USD,Netherlands
TFI.PA,TF1,Euronext Paris,FR0000054900,EUR,France
TFIN.MI,TREVI FIN IND,Euronext Milan,IT0005709909,EUR,Italy
TGS.OL,TGS,Oslo Børs,NO0003078800,NOK,Norway
TGYM.MI,TECHNOGYM,Euronext Milan,IT0005162406,EUR,Italy
THEBS.PA,THERACLION BSA,Euronext Growth Paris,FR00140180O2,EUR,France
THEON.AS,THEON INTERNAT,Euronext Amsterdam,CY0200751713,EUR,Netherlands
THEP.PA,THERMADOR GROUPE,Euronext Paris,FR0013333432,EUR,France
TIME.MI,COMPAGNIA  CARAIBI,Euronext Growth Milan,IT0005453235,EUR,Italy
TINC.BR,TINC,Euronext Brussels,BE0974282148,EUR,Belgium
TINDE.OL,TINDE SPAREBANK,Euronext Growth Oslo,NO0010759988,NOK,Norway
TIP.MI,TAMBURI,Euronext Milan,IT0003153621,EUR,Italy
TISG.MI,THE ITALIAN SEA G,Euronext Milan,IT0005439085,EUR,Italy
TIT.MI,TELECOM ITALIA,Euronext Milan,IT0005712671,EUR,Italy
TITC.PA,TITAN S.A.,"Euronext Brussels, Paris",BE0974338700,EUR,France
TKO.PA,TIKEHAU CAPITAL,Euronext Paris,FR0013230612,EUR,France
TLM.MI,TELMES,Euronext Growth Milan,IT0005683401,EUR,Italy
TLS.MI,TELESIA,Euronext Growth Milan,IT0005240046,EUR,Italy
TMP.MI,TMP GROUP,Euronext Growth Milan,IT0005531238,EUR,Italy
TNG.PA,TRANSGENE,Euronext Paris,FR0005175080,EUR,France
TNX.MI,TENAX INTERNAT,Euronext Growth Milan,IT0005428898,EUR,Italy
TOM.OL,TOMRA SYSTEMS,Oslo Børs,NO0012470089,NOK,Norway
TOM2.AS,TOMTOM,Euronext Amsterdam,NL0013332471,EUR,Netherlands
TPRO.MI,TECHNOPROBE,Euronext Milan,IT0005482333,EUR,Italy
TPS.MI,TPS,Euronext Growth Milan,IT0005246142,EUR,Italy
TRAI.MI,TRADELAB,Euronext Growth Milan,IT0005651507,EUR,Italy
TRI.PA,TRIGANO,Euronext Paris,FR0005691656,EUR,France
TRIO.AS,TRIODOS BANK,Euronext Amsterdam,NL0010407946,EUR,Netherlands
TRMED.OL,THOR MEDICAL,Oslo Børs,NO0010597883,NOK,Norway
TRN.MI,TERNA,Euronext Milan,IT0003242622,EUR,Italy
TRSB.OL,TRØNDELAG SPBK,Oslo Børs,NO0010788268,NOK,Norway
TSL.MI,TESSELLIS,Euronext Milan,IT0005496473,EUR,Italy
TTE.PA,TOTALENERGIES,"Euronext Paris, Brussels",FR0000120271,EUR,France
TUB.BR,TUBIZE-FIN,Euronext Brussels,BE0003823409,EUR,Belgium
TVRB.PA,TELEVERBIER,Euronext Paris,CH0008175645,EUR,France
TWEKA.AS,TKH GROUP,Euronext Amsterdam,NL0000852523,EUR,Netherlands
TWL.MI,TRAWELL CO,Euronext Growth Milan,IT0005717571,EUR,Italy
TXT.MI,TXT E-SOLUTIONS,Euronext Milan,IT0001454435,EUR,Italy
TYA.MI,TOSCANA AEROPORTI,Euronext Milan,IT0000214293,EUR,Italy
U24.MI,UCAPITAL24,Euronext Growth Milan,IT0005380461,EUR,Italy
UBA.MI,UBALDI COSTRUZIONI,Euronext Growth Milan,IT0005628158,EUR,Italy
UBI.PA,UBISOFT ENTERTAIN,Euronext Paris,FR0000054470,EUR,France
UCB.BR,UCB,Euronext Brussels,BE0003739530,EUR,Belgium
UCG.MI,UNICREDIT,Euronext Milan,IT0005239360,EUR,Italy
UD.MI,UNIDATA,Euronext Milan,IT0005573065,EUR,Italy
UMG.AS,UMG,Euronext Amsterdam,NL0015000IY2,EUR,Netherlands
UMI.BR,UMICORE,Euronext Brussels,BE0974320526,EUR,Belgium
UNA.AS,UNILEVER,Euronext Amsterdam,GB00BVZK7T90,EUR,Netherlands
UNI.MI,UNIPOL,Euronext Milan,IT0004810054,EUR,Italy
UPR.IR,UNIPHAR PLC,Euronext Growth Dublin,IE00BJ5FQX74,EUR,Ireland
URW.PA,UNIBAIL-RODAMCO-WE,Euronext Paris,FR0013326246,EUR,France
VAC.PA,PIERRE VACANCES,Euronext Paris,FR0000073041,EUR,France
VACBS.PA,PIERRE VAC BSA ACT,Euronext Paris,FR001400B4H9,EUR,France
VACBT.PA,PIERRE VAC BSA CRE,Euronext Paris,FR001400B4G1,EUR,France
VAF.LS,VAA VISTA ALEGRE,Euronext Lisbon,PTVAA0AM0019,EUR,Portugal
VALUE.AS,VALUE8,Euronext Amsterdam,NL0010661864,EUR,Netherlands
VAN.BR,VAN DE VELDE,Euronext Brussels,BE0003839561,EUR,Belgium
VANTI.PA,VANTIVA,Euronext Paris,FR0013505062,EUR,France
VAR.OL,VÅR ENERGI,Oslo Børs,NO0011202772,NOK,Norway
VARV.MI,SBE-VARVIT,Euronext Growth Milan,IT0005568461,EUR,Italy
VASTB.AS,VASTNED,"Euronext Brussels, Amsterdam",BE0003754687,EUR,Netherlands
VAZBS.PA,VAZIVA BSA,Euronext Growth Paris,FR0014014OK5,EUR,France
VCT.PA,VICAT,Euronext Paris,FR0000031775,EUR,France
VEI.OL,VEIDEKKE,Oslo Børs,NO0005806802,NOK,Norway
VEND.OL,VEND MARKETPLACES,Oslo Børs,NO0010736879,NOK,Norway
VETO.PA,VETOQUINOL,Euronext Paris,FR0004186856,EUR,France
VGP.BR,VGP,Euronext Brussels,BE0003878957,EUR,Belgium
VIE.PA,VEOLIA ENVIRON.,Euronext Paris,FR0000124141,EUR,France
VIL.PA,VIEL ET COMPAGNIE,Euronext Paris,FR0000050049,EUR,France
VIM.MI,VIMI FASTENERS,Euronext Growth Milan,IT0004717200,EUR,Italy
VIO.BR,VIOHALCO,Euronext Brussels,BE0974271034,EUR,Belgium
VIRI.PA,VIRIDIEN,Euronext Paris,FR001400PVN6,EUR,France
VIRP.PA,VIRBAC,Euronext Paris,FR0000031577,EUR,France
VISTN.OL,VISTIN PHARMA,Oslo Børs,NO0010734122,NOK,Norway
VIV.PA,VIVENDI SE,Euronext Paris,FR0000127771,EUR,France
VK.PA,VALLOUREC,Euronext Paris,FR0013506730,EUR,France
VLA.PA,VALNEVA,Euronext Paris,FR0004056851,EUR,France
VLC.MI,VALICA,Euronext Growth Milan,IT0005562514,EUR,Italy
VLK.AS,V LANSCHOT KEMPEN,Euronext Amsterdam,NL0000302636,EUR,Netherlands
VLS.MI,VALSOIA,Euronext Milan,IT0001018362,EUR,Italy
VLT.MI,VALTECNE,Euronext Growth Milan,IT0005532525,EUR,Italy
VLTSA.PA,VOLTALIA,Euronext Paris,FR0011995588,EUR,France
VMX.PA,VERIMATRIX,Euronext Paris,FR0010291245,EUR,France
VNE.MI,VNE,Euronext Growth Milan,IT0005556110,EUR,Italy
VNT.MI,VANTEA SMART,Euronext Growth Milan,IT0005433765,EUR,Italy
VNXT.MI,VINEXT,Euronext Growth Milan,IT0005652414,EUR,Italy
VOIM.OL,VOIM,Oslo Børs,NO0010358484,NOK,Norway
VOW.OL,VOW,Oslo Børs,NO0010708068,NOK,Norway
VPK.AS,VOPAK,Euronext Amsterdam,NL0009432491,EUR,Netherlands
VRLA.PA,VERALLIA,Euronext Paris,FR0013447729,EUR,France
VTA.AS,VOLTA FINANCE,Euronext Amsterdam,GG00B1GHHH78,EUR,Netherlands
VTR.PA,VITURA,Euronext Paris,FR0010309096,EUR,France
VTURA.OL,VENTURA OFFSHORE,Euronext Growth Oslo,BMG730931091,NOK,Norway
VU.PA,Vusion,Euronext Paris,FR0010282822,EUR,France
VVG.MI,VIVENDA GROUP,Euronext Growth Milan,IT0005622581,EUR,Italy
VVL.OL,VOSS VEKSEL OGLAND,Oslo Børs,NO0003025009,NOK,Norway
VVY.AS,VIVORYON,Euronext Amsterdam,NL00150002Q7,EUR,Netherlands
WAAT28.MI,W AATECH 23-28,Euronext Growth Milan,IT0005550501,EUR,Italy
WABC29.MI,W ABC COMP 22-29,Euronext Growth Milan,IT0005515363,EUR,Italy
WABTG.MI,W ALFIO BARD 17-27,Euronext Growth Milan,IT0005245607,EUR,Italy
WAGA.PA,WAGA ENERGY,Euronext Paris,FR0012532810,EUR,France
WAMB26.MI,W AMBROMOBIL 20-26,Euronext Growth Milan,IT0005425092,EUR,Italy
WAMI28.MI,WARR FRIENDS 26-28,Euronext Growth Milan,IT0005707846,EUR,Italy
WART28.MI,W DEOD GALLE 23-28,Euronext Growth Milan,IT0005528929,EUR,Italy
WAVE.PA,WAVESTONE,Euronext Paris,FR0013357621,EUR,France
WAWI.OL,WALLENIUS WILHELMS,Oslo Børs,NO0010571680,NOK,Norway
WBD.MI,WEBUILD,Euronext Milan,IT0003865570,EUR,Italy
WBDR.MI,WEBUILD RSP,Euronext Milan,IT0003865588,EUR,Italy
WBS.MI,WEBSOLUTE,Euronext Growth Milan,IT0005384901,EUR,Italy
WDEA27.MI,W ADRIATICA 24-27,Euronext Growth Milan,IT0005600231,EUR,Italy
WDHH28.MI,WARR DHH 25-28,Euronext Growth Milan,IT0005645541,EUR,Italy
WDIT27.MI,WDESTINATION 24-27,Euronext Growth Milan,IT0005630220,EUR,Italy
WDP.AS,WDP,"Euronext Brussels, Amsterdam",BE0974349814,EUR,Netherlands
WEB.BR,WAREHOUSES ESTATES,Euronext Brussels,BE0003734481,EUR,Belgium
WEHB.BR,WERELDHAVE BELGIUM,Euronext Brussels,BE0003724383,EUR,Belgium
WEHI.MI,WARR EHI,Euronext Growth Milan,IT0005723371,EUR,Italy
WEST.OL,WESTERN BULK CHART,Euronext Growth Oslo,NO0010768096,NOK,Norway
WETI29.MI,WARR ETI 26-29,Euronext Growth Milan,IT0005719965,EUR,Italy
WEXE26.MI,WARR EXECUS 23-26,Euronext Growth Milan,IT0005557498,EUR,Italy
WFCT26.MI,WFINCANTIERI 24-26,Euronext Milan,IT0005599862,EUR,Italy
WFTC26.MI,W FIN TECH 21-26,Euronext Growth Milan,IT0005475147,EUR,Italy
WGAIN.MI,WARR GAIN360 25-28,Euronext Growth Milan,IT0005672602,EUR,Italy
WGEO26.MI,WARR GEOX 25-26,Euronext Milan,IT0005644809,EUR,Italy
WGIS26.MI,W GISMONDI 19-26,Euronext Growth Milan,IT0005391104,EUR,Italy
WGML27.MI,W G.M. LEATH 22-27,Euronext Growth Milan,IT0005498602,EUR,Italy
WGT27.MI,W GT TALENT 24-27,Euronext Growth Milan,IT0005607541,EUR,Italy
WHA.AS,WERELDHAVE,Euronext Amsterdam,NL0000289213,EUR,Netherlands
WHIK26.MI,W HAIKI+ 25-26,Euronext Growth Milan,IT0005628760,EUR,Italy
WHLX26.MI,W HELYX 21-26,Euronext Growth Milan,IT0005453789,EUR,Italy
WIIT.MI,WIIT,Euronext Milan,IT0005440893,EUR,Italy
WINC26.MI,W INNOVATEC 23-26,Euronext Growth Milan,IT0005568305,EUR,Italy
WKL.AS,WOLTERS KLUWER,Euronext Amsterdam,NL0000395903,EUR,Netherlands
WLN.PA,WORLDLINE,Euronext Paris,FR00140182K6,EUR,France
WLS26.MI,W LEMON 23-26,Euronext Growth Milan,IT0005573305,EUR,Italy
WMARK.MI,W MARKBASS 25-27,Euronext Growth Milan,IT0005670929,EUR,Italy
WPOZ27.MI,W POZZI MI 22-2027,Euronext Growth Milan,IT0005499923,EUR,Italy
WRPTN.MI,W RINOPETINO 25-28,Euronext Growth Milan,IT0005664195,EUR,Italy
WSBCA.MI,W SICILY BY CAR A,Euronext Growth Milan,IT0005556532,EUR,Italy
WSBCB.MI,W SICILY BY CAR B,Euronext Growth Milan,IT0005556599,EUR,Italy
WSBCC.MI,W SICILY BY CAR C,Euronext Growth Milan,IT0005556607,EUR,Italy
WSGC28.MI,W SG COMPANY 18-28,Euronext Growth Milan,IT0005347593,EUR,Italy
WSGC31.MI,W SG COMPANY 26-31,Euronext Growth Milan,IT0005689929,EUR,Italy
WSMN26.MI,WARR SIMONE 23-26,Euronext Growth Milan,IT0005573172,EUR,Italy
WSOGES.MI,W SOGES 2024-2027,Euronext Growth Milan,IT0005597551,EUR,Italy
WSOS26.MI,W SOST.COM 21-26,Euronext Growth Milan,IT0005446718,EUR,Italy
WSTEP.OL,WEBSTEP,Oslo Børs,NO0010609662,NOK,Norway
WTLM28.MI,WARR TELMES 25-28,Euronext Growth Milan,IT0005683781,EUR,Italy
WTWL26.MI,W TRAWELL CO 21-26,Euronext Growth Milan,IT0005446726,EUR,Italy
WVNXT.MI,W VINEXT 25-28,Euronext Growth Milan,IT0005652422,EUR,Italy
WWI.OL,WILH. WILHELMSEN A,Oslo Børs,NO0010571698,NOK,Norway
WWIB.OL,WILH. WILHELMSEN B,Oslo Børs,NO0010576010,NOK,Norway
XFAB.PA,X-FAB,Euronext Paris,BE0974310428,EUR,France
XHS.MI,XENIA,Euronext Growth Milan,IT0005568487,EUR,Italy
XIOR.BR,XIOR,Euronext Brussels,BE0974288202,EUR,Belgium
XPLRA.OL,XPLORA TECHNOLOGIE,Euronext Growth Oslo,NO0010895782,NOK,Norway
YACHT.MI,FERRETTI,Euronext Milan,IT0005383291,EUR,Italy
YAR.OL,YARA INTERNATIONAL,Oslo Børs,NO0010208051,NOK,Norway
YKY.MI,YAKKYO,Euronext Growth Milan,IT0005573966,EUR,Italy
YOLO.MI,YOLO GROUP,Euronext Growth Milan,IT0005495871,EUR,Italy
YOUNI.PA,YOUNITED FINANCIAL,Euronext Paris,LU2999653251,EUR,France
YOUNW.PA,YOUNITED FIN. WARR,Euronext Paris,LU2999660207,EUR,France
YRM.MI,ROSETTI MARINO,Euronext Growth Milan,IT0001017851,EUR,Italy
ZAL.OL,ZALARIS,Oslo Børs,NO0010708910,NOK,Norway
ZAP.OL,ZAPTEC,Oslo Børs,NO0010713936,NOK,Norway
ZEN.BR,ZENOBE GRAMME CERT,Euronext Brussels,BE0003809267,EUR,Belgium
ZENA.OL,ZENITH ENERGY,Euronext Growth Oslo,CA98936C8584,NOK,Norway
ZEST.MI,ZEST,Euronext Milan,IT0005013013,EUR,Italy
ZLNA.OL,ZELLUNA,Oslo Børs,NO0013524942,NOK,Norway
ZUC.MI,ZUCCHI,Euronext Milan,IT0005395071,EUR,Italy
ZV.MI,ZIGNAGO VETRO,Euronext Milan,IT0004171440,EUR,Italy
